# WaveFront *.obj file (generated by Autodesk ATF)

mtllib 3D_PCB_PCB_Hackpadv2_2026-06-12_2026-06-12.mtl

g Body1

v 0.111219 2.972143 -0.800000
v 0.112508 2.979918 -0.802641
v 0.113704 2.987166 -0.806527
v 0.114845 2.993680 -0.811548
v 0.115935 2.999272 -0.817556
v 0.116979 3.003819 -0.824421
v 0.117972 3.007179 -0.831947
v 0.118906 3.009260 -0.839935
v 0.119777 3.009999 -0.848159
v 0.119812 3.010000 -0.848503
v 9.305000 3.010000 -0.848503
v 9.305000 3.008785 -0.837547
v 9.305000 3.005199 -0.827123
v 9.305000 2.999416 -0.817739
v 9.305000 2.991717 -0.809850
v 9.305000 2.982476 -0.803840
v 9.305000 2.972143 -0.800000
v 0.389818 2.984427 -0.804876
v 0.668417 2.984427 -0.804876
v 0.947017 2.984427 -0.804876
v 1.225616 2.984427 -0.804876
v 1.504216 2.984427 -0.804876
v 1.782815 2.984427 -0.804876
v 2.061415 2.984427 -0.804876
v 2.340014 2.984427 -0.804876
v 2.618614 2.984427 -0.804876
v 2.897213 2.984427 -0.804876
v 3.175812 2.984427 -0.804876
v 3.454412 2.984427 -0.804876
v 3.733011 2.984427 -0.804876
v 4.011611 2.984427 -0.804876
v 4.290210 2.984427 -0.804876
v 4.568810 2.984427 -0.804876
v 4.847409 2.984427 -0.804876
v 5.126008 2.984427 -0.804876
v 5.404608 2.984427 -0.804876
v 5.683207 2.984427 -0.804876
v 5.961807 2.984427 -0.804876
v 6.240406 2.984427 -0.804876
v 6.519006 2.984427 -0.804876
v 6.797605 2.984427 -0.804876
v 7.076204 2.984427 -0.804876
v 7.354804 2.984427 -0.804876
v 7.633403 2.984427 -0.804876
v 7.912003 2.984427 -0.804876
v 8.190602 2.984427 -0.804876
v 8.469202 2.984427 -0.804876
v 8.747801 2.984427 -0.804876
v 9.026400 2.984427 -0.804876
v 0.389818 2.995004 -0.812800
v 0.668417 2.995004 -0.812800
v 0.947017 2.995004 -0.812800
v 1.225616 2.995004 -0.812800
v 1.504216 2.995004 -0.812800
v 1.782815 2.995004 -0.812800
v 2.061415 2.995004 -0.812800
v 2.340014 2.995004 -0.812800
v 2.618614 2.995004 -0.812800
v 2.897213 2.995004 -0.812800
v 3.175812 2.995004 -0.812800
v 3.454412 2.995004 -0.812800
v 3.733011 2.995004 -0.812800
v 4.011611 2.995004 -0.812800
v 4.290210 2.995004 -0.812800
v 4.568810 2.995004 -0.812800
v 4.847409 2.995004 -0.812800
v 5.126008 2.995004 -0.812800
v 5.404608 2.995004 -0.812800
v 5.683207 2.995004 -0.812800
v 5.961807 2.995004 -0.812800
v 6.240406 2.995004 -0.812800
v 6.519006 2.995004 -0.812800
v 6.797605 2.995004 -0.812800
v 7.076204 2.995004 -0.812800
v 7.354804 2.995004 -0.812800
v 7.633403 2.995004 -0.812800
v 7.912003 2.995004 -0.812800
v 8.190602 2.995004 -0.812800
v 8.469202 2.995004 -0.812800
v 8.747801 2.995004 -0.812800
v 9.026400 2.995004 -0.812800
v 0.389818 3.003136 -0.823218
v 0.668417 3.003136 -0.823218
v 0.947017 3.003136 -0.823218
v 1.225616 3.003136 -0.823218
v 1.504216 3.003136 -0.823218
v 1.782815 3.003136 -0.823218
v 2.061415 3.003136 -0.823218
v 2.340014 3.003136 -0.823218
v 2.618614 3.003136 -0.823218
v 2.897213 3.003136 -0.823218
v 3.175812 3.003136 -0.823218
v 3.454412 3.003136 -0.823218
v 3.733011 3.003136 -0.823218
v 4.011611 3.003136 -0.823218
v 4.290210 3.003136 -0.823218
v 4.568810 3.003136 -0.823218
v 4.847409 3.003136 -0.823218
v 5.126008 3.003136 -0.823218
v 5.404608 3.003136 -0.823218
v 5.683207 3.003136 -0.823218
v 5.961807 3.003136 -0.823218
v 6.240406 3.003136 -0.823218
v 6.519006 3.003136 -0.823218
v 6.797605 3.003136 -0.823218
v 7.076204 3.003136 -0.823218
v 7.354804 3.003136 -0.823218
v 7.633403 3.003136 -0.823218
v 7.912003 3.003136 -0.823218
v 8.190602 3.003136 -0.823218
v 8.469202 3.003136 -0.823218
v 8.747801 3.003136 -0.823218
v 9.026400 3.003136 -0.823218
v 0.389818 3.008254 -0.835403
v 0.668417 3.008254 -0.835403
v 0.947017 3.008254 -0.835403
v 1.225616 3.008254 -0.835403
v 1.504216 3.008254 -0.835403
v 1.782815 3.008254 -0.835403
v 2.061415 3.008254 -0.835403
v 2.340014 3.008254 -0.835403
v 2.618614 3.008254 -0.835403
v 2.897213 3.008254 -0.835403
v 3.175812 3.008254 -0.835403
v 3.454412 3.008254 -0.835403
v 3.733011 3.008254 -0.835403
v 4.011611 3.008254 -0.835403
v 4.290210 3.008254 -0.835403
v 4.568810 3.008254 -0.835403
v 4.847409 3.008254 -0.835403
v 5.126008 3.008254 -0.835403
v 5.404608 3.008254 -0.835403
v 5.683207 3.008254 -0.835403
v 5.961807 3.008254 -0.835403
v 6.240406 3.008254 -0.835403
v 6.519006 3.008254 -0.835403
v 6.797605 3.008254 -0.835403
v 7.076204 3.008254 -0.835403
v 7.354804 3.008254 -0.835403
v 7.633403 3.008254 -0.835403
v 7.912003 3.008254 -0.835403
v 8.190602 3.008254 -0.835403
v 8.469202 3.008254 -0.835403
v 8.747801 3.008254 -0.835403
v 9.026400 3.008254 -0.835403
v 0.109856 3.010000 -0.849508
v 0.082922 3.010000 -0.848637
v 0.095049 3.010000 -0.873245
v 0.102491 3.010000 -0.899650
v 0.105000 3.010000 -0.926970
v 0.105000 3.010000 -1.200000
v 9.305000 3.010000 -1.200000
v 0.109856 3.008467 -0.837220
v 0.109856 3.003961 -0.825686
v 0.109856 2.996759 -0.815614
v 0.109856 2.987302 -0.807620
v 0.109856 2.976171 -0.802195
v 0.109856 2.964048 -0.799672
v 0.086150 2.964025 -0.798904
v 0.085987 2.976153 -0.801417
v 0.085636 2.987289 -0.806828
v 0.085118 2.996751 -0.814805
v 0.084465 3.003957 -0.824859
v 0.083718 3.008466 -0.836371
v 0.110313 2.968083 -0.799917
v 0.110673 2.975484 -0.801824
v 0.111001 2.992049 -0.811078
v 0.111672 2.998690 -0.817757
v 0.112455 3.003959 -0.825552
v 0.112990 3.006461 -0.830885
v 0.113896 3.009101 -0.839905
v 0.113885 2.991975 -0.810339
v 0.111166 2.975196 -0.801455
v 0.110090 2.975614 -0.802005
v 0.111536 2.974666 -0.800870
v 0.056091 2.968700 -0.795941
v 0.059956 2.979151 -0.798154
v 0.063238 2.988982 -0.802804
v 0.065767 2.997687 -0.809651
v 0.067412 3.004815 -0.818342
v 0.068090 3.010000 -0.828427
v 0.073407 3.010000 -0.834884
v 0.078356 3.010000 -0.841628
v 0.070779 2.965284 -0.797669
v 0.071520 3.006241 -0.823547
v 0.070953 3.002257 -0.817109
v 0.070018 2.997407 -0.811344
v 0.068737 2.991805 -0.806381
v 0.067141 2.985583 -0.802333
v 0.065945 2.981251 -0.800233
v 0.063909 2.974318 -0.797899
v 0.078448 3.007233 -0.830406
v 0.078465 3.003585 -0.822738
v 0.078201 2.998712 -0.815790
v 0.077665 2.992758 -0.809758
v 0.076875 2.985902 -0.804812
v 0.076229 2.981025 -0.802245
v 0.075067 2.973108 -0.799403
v 0.026403 2.987155 -0.790797
v 0.000000 3.010000 -0.783879
v 0.025303 3.010000 -0.794465
v 0.048256 3.010000 -0.809482
v 0.027381 3.006536 -0.794371
v 0.046678 2.980172 -0.795120
v 0.013075 3.000497 -0.787696
v 0.049122 2.985256 -0.796768
v 0.050623 2.988509 -0.798200
v 0.054200 2.996826 -0.803407
v 0.056939 3.004123 -0.810352
v 0.020140 2.995607 -0.789527
v 0.021634 2.997748 -0.790171
v 0.022590 2.999145 -0.790669
v 0.025074 3.002889 -0.792312
v 0.043062 3.004933 -0.802170
v 0.040140 2.999260 -0.797882
v 0.036748 2.993188 -0.794603
v 0.035394 2.990876 -0.793665
v 0.033239 2.987306 -0.792527
v 0.018151 3.007657 -0.790413
v 0.016489 3.005238 -0.789305
v 0.014752 3.002790 -0.788384
v 0.014094 3.001883 -0.788091
v 0.031224 2.967197 -0.791236
v -0.025958 2.963351 -0.772998
v -0.079171 2.958381 -0.745124
v -0.126547 2.951481 -0.708456
v -0.166303 2.941868 -0.664170
v -0.196969 2.929012 -0.614050
v -0.217220 2.912517 -0.560117
v -0.226532 2.892605 -0.504688
v -0.224971 2.869899 -0.450000
v -0.236065 2.915897 -0.450000
v -0.242761 2.962737 -0.450000
v -0.245000 3.010000 -0.450000
v -0.233839 3.010000 -0.537683
v -0.201067 3.010000 -0.619774
v -0.148774 3.010000 -0.691037
v -0.080296 3.010000 -0.746927
v 0.109856 2.941735 -0.795265
v 0.109856 2.920996 -0.785930
v 0.109856 2.902902 -0.772150
v 0.109856 2.888390 -0.754638
v 0.109856 2.878210 -0.734299
v 0.109856 2.872889 -0.712187
v 0.053066 2.872120 -0.705927
v 0.047914 2.877614 -0.728127
v 0.043046 2.888262 -0.748437
v 0.038728 2.903476 -0.765742
v 0.035198 2.922423 -0.779089
v 0.032650 2.944059 -0.787746
v 0.079021 2.878099 -0.732850
v 0.071161 2.951727 -0.795843
v 0.071955 2.934517 -0.790696
v 0.072626 2.924114 -0.785833
v 0.073908 2.909173 -0.775917
v 0.075435 2.896248 -0.763508
v 0.077158 2.885775 -0.749001
v 0.000000 4.523118 -0.783879
v 0.034413 4.523118 -0.799715
v 0.063760 4.523118 -0.823668
v 0.086171 4.523118 -0.854209
v 0.100217 4.523118 -0.889391
v 0.105000 4.523118 -0.926970
v 0.063760 3.766559 -0.823668
v 0.086171 3.766559 -0.854209
v 0.034413 3.766559 -0.799715
v 0.100217 3.766559 -0.889391
v 0.008529 4.623626 -0.786444
v 0.031695 4.718852 -0.792236
v 0.105000 4.892228 -0.800000
v 0.105000 4.760780 -0.814576
v 0.105000 4.635717 -0.857596
v 0.095515 4.569933 -0.866551
v 0.022007 4.585003 -0.791948
v 0.093988 4.712171 -0.819567
v 0.028528 4.646978 -0.792789
v 0.099612 4.817178 -0.803342
v 0.092513 4.861290 -0.799791
v 0.021167 4.553901 -0.792147
v 0.040042 4.552120 -0.802982
v 0.051523 4.550987 -0.811567
v 0.066392 4.549445 -0.825688
v 0.079199 4.548020 -0.841715
v 0.089699 4.546741 -0.859348
v 0.097680 4.545632 -0.878267
v 0.042545 4.642191 -0.799264
v 0.051353 4.639098 -0.804377
v 0.063270 4.634790 -0.812811
v 0.074278 4.630658 -0.822477
v 0.084262 4.626745 -0.833278
v 0.093116 4.623093 -0.845105
v 0.086930 4.572064 -0.850009
v 0.076354 4.574450 -0.834701
v 0.063962 4.577050 -0.820858
v 0.049953 4.579825 -0.808696
v 0.039307 4.581846 -0.801303
v 0.048651 4.737267 -0.795936
v 0.057623 4.732476 -0.798780
v 0.063406 4.729346 -0.801038
v 0.071482 4.724919 -0.804791
v 0.079294 4.720568 -0.809143
v 0.086807 4.716312 -0.814075
v 0.093145 4.681339 -0.827080
v 0.085157 4.685583 -0.819633
v 0.076634 4.689993 -0.812911
v 0.067629 4.694541 -0.806953
v 0.058196 4.699200 -0.801796
v 0.051378 4.702508 -0.798685
v 0.040721 4.707587 -0.794759
v 0.102240 4.854639 -0.800841
v 0.100558 4.855790 -0.800591
v 0.098873 4.856944 -0.800369
v 0.097185 4.858098 -0.800176
v 0.095495 4.859254 -0.800011
v 0.094312 4.860062 -0.799913
v 0.095312 4.744025 -0.813157
v 0.089152 4.747812 -0.809399
v 0.082807 4.751667 -0.806038
v 0.076295 4.755580 -0.803085
v 0.069638 4.759538 -0.800546
v 0.064907 4.762325 -0.799023
v 0.057617 4.766583 -0.797109
v 0.068523 4.798534 -0.798281
v 0.073966 4.795108 -0.799366
v 0.077520 4.792860 -0.800233
v 0.082557 4.789657 -0.801680
v 0.087531 4.786474 -0.803370
v 0.092433 4.783318 -0.805300
v 0.097257 4.780193 -0.807467
v 0.080254 4.830083 -0.799200
v 0.083866 4.827689 -0.799686
v 0.086236 4.826116 -0.800074
v 0.089611 4.823870 -0.800725
v 0.092967 4.821630 -0.801486
v 0.096301 4.819399 -0.802359
v -0.245000 7.125000 -0.450000
v -0.233074 7.125000 -0.540587
v -0.198109 7.125000 -0.625000
v -0.142487 7.125000 -0.697487
v -0.070000 7.125000 -0.753109
v 0.014413 7.125000 -0.788074
v 0.105000 7.125000 -0.800000
v 0.014413 5.067500 -0.788074
v -0.070000 5.067500 -0.753109
v -0.142487 5.067500 -0.697487
v -0.198109 5.067500 -0.625000
v -0.233074 5.067500 -0.540587
v 9.305000 4.892228 -0.800000
v 9.305000 4.746001 -0.818091
v 9.305000 4.608592 -0.871275
v 9.305000 4.488287 -0.956343
v 9.305000 4.392342 -1.068166
v 9.305000 4.326543 -1.200000
v 0.105000 4.326543 -1.200000
v 0.105000 4.374327 -1.097051
v 0.105000 4.440643 -1.004942
v 3.171667 4.608592 -0.871275
v 6.238333 4.608592 -0.871275
v 6.238333 4.488287 -0.956343
v 3.171667 4.488287 -0.956343
v 3.171667 4.746001 -0.818091
v 6.238333 4.746001 -0.818091
v 6.238333 4.392342 -1.068166
v 3.171667 4.392342 -1.068166
v 0.105542 7.137741 -0.800000
v 0.107165 7.150391 -0.800000
v 0.109856 7.162857 -0.800000
v 9.305000 7.162857 -0.800000
v -0.245000 6.800000 0.100000
v -0.245000 3.400000 0.100000
v 0.155000 3.400000 0.100000
v 0.155000 6.800000 0.100000
v -0.245000 6.800000 1.400000
v 0.155000 6.800000 1.400000
v -0.245000 3.400000 1.400000
v 0.155000 3.400000 1.400000
v 9.200000 2.800000 1.450000
v 9.196593 2.774118 1.450000
v 9.186603 2.750000 1.450000
v 9.170711 2.729289 1.450000
v 9.150000 2.713398 1.450000
v 9.125882 2.703407 1.450000
v 9.100000 2.700000 1.450000
v 9.074118 2.703407 1.450000
v 9.050000 2.713398 1.450000
v 9.029289 2.729289 1.450000
v 9.013398 2.750000 1.450000
v 9.003408 2.774118 1.450000
v 9.000000 2.800000 1.450000
v 9.003408 2.825882 1.450000
v 9.013398 2.850000 1.450000
v 9.029289 2.870711 1.450000
v 9.050000 2.886603 1.450000
v 9.074118 2.896593 1.450000
v 9.100000 2.900000 1.450000
v 9.125882 2.896593 1.450000
v 9.150000 2.886603 1.450000
v 9.170711 2.870711 1.450000
v 9.186603 2.850000 1.450000
v 9.196593 2.825882 1.450000
v 9.250000 2.800000 1.500000
v 9.244889 2.838823 1.500000
v 9.229904 2.875000 1.500000
v 9.206066 2.906066 1.500000
v 9.175000 2.929904 1.500000
v 9.138823 2.944889 1.500000
v 9.100000 2.950000 1.500000
v 9.061177 2.944889 1.500000
v 9.025000 2.929904 1.500000
v 8.993934 2.906066 1.500000
v 8.970096 2.875000 1.500000
v 8.955111 2.838823 1.500000
v 8.950000 2.800000 1.500000
v 8.955111 2.761177 1.500000
v 8.970096 2.725000 1.500000
v 8.993934 2.693934 1.500000
v 9.025000 2.670096 1.500000
v 9.061177 2.655111 1.500000
v 9.100000 2.650000 1.500000
v 9.138823 2.655111 1.500000
v 9.175000 2.670096 1.500000
v 9.206066 2.693934 1.500000
v 9.229904 2.725000 1.500000
v 9.244889 2.761177 1.500000
v 9.201704 2.800000 1.462941
v 9.206699 2.800000 1.475000
v 9.214645 2.800000 1.485355
v 9.225000 2.800000 1.493301
v 9.237059 2.800000 1.498296
v 9.198238 2.773677 1.462941
v 9.203063 2.772384 1.475000
v 9.210738 2.770328 1.485355
v 9.220741 2.767648 1.493301
v 9.232389 2.764527 1.498296
v 9.188078 2.749148 1.462941
v 9.192404 2.746651 1.475000
v 9.199285 2.742678 1.485355
v 9.208253 2.737500 1.493301
v 9.218697 2.731471 1.498296
v 9.171916 2.728085 1.462941
v 9.175448 2.724553 1.475000
v 9.181066 2.718934 1.485355
v 9.188388 2.711612 1.493301
v 9.196916 2.703085 1.498296
v 9.150852 2.711922 1.462941
v 9.153350 2.707596 1.475000
v 9.157322 2.700715 1.485355
v 9.162500 2.691747 1.493301
v 9.168530 2.681303 1.498296
v 9.126323 2.701762 1.462941
v 9.127616 2.696937 1.475000
v 9.129672 2.689262 1.485355
v 9.132353 2.679259 1.493301
v 9.135474 2.667611 1.498296
v 9.100000 2.698296 1.462941
v 9.100000 2.693301 1.475000
v 9.100000 2.685355 1.485355
v 9.100000 2.675000 1.493301
v 9.100000 2.662941 1.498296
v 9.073677 2.701762 1.462941
v 9.072384 2.696937 1.475000
v 9.070328 2.689262 1.485355
v 9.067648 2.679259 1.493301
v 9.064527 2.667611 1.498296
v 9.049148 2.711922 1.462941
v 9.046651 2.707596 1.475000
v 9.042678 2.700715 1.485355
v 9.037500 2.691747 1.493301
v 9.031471 2.681303 1.498296
v 9.028085 2.728085 1.462941
v 9.024553 2.724553 1.475000
v 9.018934 2.718934 1.485355
v 9.011612 2.711612 1.493301
v 9.003085 2.703085 1.498296
v 9.011922 2.749148 1.462941
v 9.007596 2.746651 1.475000
v 9.000715 2.742678 1.485355
v 8.991747 2.737500 1.493301
v 8.981304 2.731471 1.498296
v 9.001762 2.773677 1.462941
v 8.996937 2.772384 1.475000
v 8.989262 2.770328 1.485355
v 8.979259 2.767648 1.493301
v 8.967611 2.764527 1.498296
v 8.998296 2.800000 1.462941
v 8.993301 2.800000 1.475000
v 8.985355 2.800000 1.485355
v 8.975000 2.800000 1.493301
v 8.962941 2.800000 1.498296
v 9.001762 2.826323 1.462941
v 8.996937 2.827616 1.475000
v 8.989262 2.829672 1.485355
v 8.979259 2.832352 1.493301
v 8.967611 2.835474 1.498296
v 9.011922 2.850852 1.462941
v 9.007596 2.853349 1.475000
v 9.000715 2.857322 1.485355
v 8.991747 2.862500 1.493301
v 8.981304 2.868530 1.498296
v 9.028085 2.871915 1.462941
v 9.024553 2.875447 1.475000
v 9.018934 2.881066 1.485355
v 9.011612 2.888388 1.493301
v 9.003085 2.896915 1.498296
v 9.049148 2.888078 1.462941
v 9.046651 2.892404 1.475000
v 9.042678 2.899285 1.485355
v 9.037500 2.908253 1.493301
v 9.031471 2.918697 1.498296
v 9.073677 2.898238 1.462941
v 9.072384 2.903063 1.475000
v 9.070328 2.910738 1.485355
v 9.067648 2.920741 1.493301
v 9.064527 2.932389 1.498296
v 9.100000 2.901704 1.462941
v 9.100000 2.906699 1.475000
v 9.100000 2.914645 1.485355
v 9.100000 2.925000 1.493301
v 9.100000 2.937059 1.498296
v 9.126323 2.898238 1.462941
v 9.127616 2.903063 1.475000
v 9.129672 2.910738 1.485355
v 9.132353 2.920741 1.493301
v 9.135474 2.932389 1.498296
v 9.150852 2.888078 1.462941
v 9.153350 2.892404 1.475000
v 9.157322 2.899285 1.485355
v 9.162500 2.908253 1.493301
v 9.168530 2.918697 1.498296
v 9.171916 2.871915 1.462941
v 9.175448 2.875447 1.475000
v 9.181066 2.881066 1.485355
v 9.188388 2.888388 1.493301
v 9.196916 2.896915 1.498296
v 9.188078 2.850852 1.462941
v 9.192404 2.853349 1.475000
v 9.199285 2.857322 1.485355
v 9.208253 2.862500 1.493301
v 9.218697 2.868530 1.498296
v 9.198238 2.826323 1.462941
v 9.203063 2.827616 1.475000
v 9.210738 2.829672 1.485355
v 9.220741 2.832352 1.493301
v 9.232389 2.835474 1.498296
v 9.200000 2.800000 1.400000
v 9.196593 2.774118 1.400000
v 9.186603 2.750000 1.400000
v 9.170711 2.729289 1.400000
v 9.150000 2.713398 1.400000
v 9.125882 2.703407 1.400000
v 9.100000 2.700000 1.400000
v 9.074118 2.703407 1.400000
v 9.050000 2.713398 1.400000
v 9.029289 2.729289 1.400000
v 9.013398 2.750000 1.400000
v 9.003408 2.774118 1.400000
v 9.000000 2.800000 1.400000
v 9.003408 2.825882 1.400000
v 9.013398 2.850000 1.400000
v 9.029289 2.870711 1.400000
v 9.050000 2.886603 1.400000
v 9.074118 2.896593 1.400000
v 9.100000 2.900000 1.400000
v 9.125882 2.896593 1.400000
v 9.150000 2.886603 1.400000
v 9.170711 2.870711 1.400000
v 9.186603 2.850000 1.400000
v 9.196593 2.825882 1.400000
v 0.155000 3.260000 1.500000
v 0.155000 6.875000 1.500000
v 0.166926 6.965587 1.500000
v 0.201891 7.050000 1.500000
v 0.257513 7.122487 1.500000
v 0.330000 7.178109 1.500000
v 0.414413 7.213074 1.500000
v 0.505000 7.225000 1.500000
v 8.655000 7.225000 1.500000
v 8.745586 7.213074 1.500000
v 8.830000 7.178109 1.500000
v 8.902487 7.122487 1.500000
v 8.958109 7.050000 1.500000
v 8.993074 6.965587 1.500000
v 9.005000 6.875000 1.500000
v 9.005000 3.260000 1.500000
v 8.993074 3.169413 1.500000
v 8.958109 3.085000 1.500000
v 8.902487 3.012513 1.500000
v 8.830000 2.956891 1.500000
v 8.745586 2.921926 1.500000
v 8.655000 2.910000 1.500000
v 0.505000 2.910000 1.500000
v 0.414413 2.921926 1.500000
v 0.330000 2.956891 1.500000
v 0.257513 3.012513 1.500000
v 0.201891 3.085000 1.500000
v 0.166926 3.169413 1.500000
v 9.405000 7.525000 1.500000
v 9.401592 7.550882 1.500000
v 9.391602 7.575000 1.500000
v 9.375710 7.595711 1.500000
v 9.355000 7.611602 1.500000
v 9.330882 7.621592 1.500000
v 9.305000 7.625000 1.500000
v 0.255000 7.625000 1.500000
v 0.125590 7.607963 1.500000
v 0.005000 7.558013 1.500000
v -0.098553 7.478553 1.500000
v -0.178013 7.375000 1.500000
v -0.227963 7.254409 1.500000
v -0.245000 7.125000 1.500000
v -0.245000 3.010000 1.500000
v -0.227963 2.880591 1.500000
v -0.178013 2.760000 1.500000
v -0.098553 2.656447 1.500000
v 0.005000 2.576987 1.500000
v 0.125590 2.527037 1.500000
v 0.255000 2.510000 1.500000
v 9.305000 2.510000 1.500000
v 9.330882 2.513408 1.500000
v 9.355000 2.523398 1.500000
v 9.375710 2.539289 1.500000
v 9.391602 2.560000 1.500000
v 9.401592 2.584118 1.500000
v 9.405000 2.610000 1.500000
v 9.200000 7.300000 1.500000
v 9.196593 7.274118 1.500000
v 9.186603 7.250000 1.500000
v 9.170711 7.229289 1.500000
v 9.150000 7.213398 1.500000
v 9.125882 7.203408 1.500000
v 9.100000 7.200000 1.500000
v 9.074118 7.203408 1.500000
v 9.050000 7.213398 1.500000
v 9.029289 7.229289 1.500000
v 9.013398 7.250000 1.500000
v 9.003408 7.274118 1.500000
v 9.000000 7.300000 1.500000
v 9.003408 7.325882 1.500000
v 9.013398 7.350000 1.500000
v 9.029289 7.370711 1.500000
v 9.050000 7.386603 1.500000
v 9.074118 7.396593 1.500000
v 9.100000 7.400000 1.500000
v 9.125882 7.396593 1.500000
v 9.150000 7.386603 1.500000
v 9.170711 7.370711 1.500000
v 9.186603 7.350000 1.500000
v 9.196593 7.325882 1.500000
v 9.150000 7.300000 1.400000
v 9.148296 7.287059 1.400000
v 9.143301 7.275000 1.400000
v 9.135355 7.264645 1.400000
v 9.125000 7.256699 1.400000
v 9.112941 7.251704 1.400000
v 9.100000 7.250000 1.400000
v 9.087059 7.251704 1.400000
v 9.075000 7.256699 1.400000
v 9.064645 7.264645 1.400000
v 9.056699 7.275000 1.400000
v 9.051704 7.287059 1.400000
v 9.050000 7.300000 1.400000
v 9.051704 7.312941 1.400000
v 9.056699 7.325000 1.400000
v 9.064645 7.335355 1.400000
v 9.075000 7.343301 1.400000
v 9.087059 7.348296 1.400000
v 9.100000 7.350000 1.400000
v 9.112941 7.348296 1.400000
v 9.125000 7.343301 1.400000
v 9.135355 7.335355 1.400000
v 9.143301 7.325000 1.400000
v 9.148296 7.312941 1.400000
v 9.200000 7.300000 1.450000
v 9.196593 7.325882 1.450000
v 9.186603 7.350000 1.450000
v 9.170711 7.370711 1.450000
v 9.150000 7.386603 1.450000
v 9.125882 7.396593 1.450000
v 9.100000 7.400000 1.450000
v 9.074118 7.396593 1.450000
v 9.050000 7.386603 1.450000
v 9.029289 7.370711 1.450000
v 9.013398 7.350000 1.450000
v 9.003408 7.325882 1.450000
v 9.000000 7.300000 1.450000
v 9.003408 7.274118 1.450000
v 9.013398 7.250000 1.450000
v 9.029289 7.229289 1.450000
v 9.050000 7.213398 1.450000
v 9.074118 7.203408 1.450000
v 9.100000 7.200000 1.450000
v 9.125882 7.203408 1.450000
v 9.150000 7.213398 1.450000
v 9.170711 7.229289 1.450000
v 9.186603 7.250000 1.450000
v 9.196593 7.274118 1.450000
v 9.162941 7.300000 1.401704
v 9.175000 7.300000 1.406699
v 9.185355 7.300000 1.414645
v 9.193301 7.300000 1.425000
v 9.198296 7.300000 1.437059
v 9.160796 7.283710 1.401704
v 9.172445 7.280589 1.406699
v 9.182447 7.277909 1.414645
v 9.190122 7.275852 1.425000
v 9.194947 7.274559 1.437059
v 9.154509 7.268530 1.401704
v 9.164952 7.262500 1.406699
v 9.173920 7.257322 1.414645
v 9.180801 7.253349 1.425000
v 9.185127 7.250852 1.437059
v 9.144506 7.255494 1.401704
v 9.153033 7.246967 1.406699
v 9.160355 7.239645 1.414645
v 9.165974 7.234026 1.425000
v 9.169506 7.230494 1.437059
v 9.131471 7.245492 1.401704
v 9.137500 7.235048 1.406699
v 9.142678 7.226080 1.414645
v 9.146651 7.219199 1.425000
v 9.149148 7.214873 1.437059
v 9.116290 7.239204 1.401704
v 9.119412 7.227556 1.406699
v 9.122092 7.217553 1.414645
v 9.124148 7.209878 1.425000
v 9.125441 7.205053 1.437059
v 9.100000 7.237059 1.401704
v 9.100000 7.225000 1.406699
v 9.100000 7.214645 1.414645
v 9.100000 7.206699 1.425000
v 9.100000 7.201704 1.437059
v 9.083710 7.239204 1.401704
v 9.080589 7.227556 1.406699
v 9.077909 7.217553 1.414645
v 9.075852 7.209878 1.425000
v 9.074559 7.205053 1.437059
v 9.068530 7.245492 1.401704
v 9.062500 7.235048 1.406699
v 9.057322 7.226080 1.414645
v 9.053349 7.219199 1.425000
v 9.050852 7.214873 1.437059
v 9.055494 7.255494 1.401704
v 9.046967 7.246967 1.406699
v 9.039645 7.239645 1.414645
v 9.034026 7.234026 1.425000
v 9.030494 7.230494 1.437059
v 9.045492 7.268530 1.401704
v 9.035048 7.262500 1.406699
v 9.026080 7.257322 1.414645
v 9.019199 7.253349 1.425000
v 9.014873 7.250852 1.437059
v 9.039204 7.283710 1.401704
v 9.027556 7.280589 1.406699
v 9.017553 7.277909 1.414645
v 9.009878 7.275852 1.425000
v 9.005053 7.274559 1.437059
v 9.037059 7.300000 1.401704
v 9.025000 7.300000 1.406699
v 9.014645 7.300000 1.414645
v 9.006699 7.300000 1.425000
v 9.001704 7.300000 1.437059
v 9.039204 7.316290 1.401704
v 9.027556 7.319412 1.406699
v 9.017553 7.322092 1.414645
v 9.009878 7.324148 1.425000
v 9.005053 7.325441 1.437059
v 9.045492 7.331471 1.401704
v 9.035048 7.337500 1.406699
v 9.026080 7.342678 1.414645
v 9.019199 7.346651 1.425000
v 9.014873 7.349148 1.437059
v 9.055494 7.344506 1.401704
v 9.046967 7.353033 1.406699
v 9.039645 7.360355 1.414645
v 9.034026 7.365974 1.425000
v 9.030494 7.369506 1.437059
v 9.068530 7.354509 1.401704
v 9.062500 7.364952 1.406699
v 9.057322 7.373920 1.414645
v 9.053349 7.380801 1.425000
v 9.050852 7.385127 1.437059
v 9.083710 7.360796 1.401704
v 9.080589 7.372445 1.406699
v 9.077909 7.382447 1.414645
v 9.075852 7.390122 1.425000
v 9.074559 7.394947 1.437059
v 9.100000 7.362941 1.401704
v 9.100000 7.375000 1.406699
v 9.100000 7.385355 1.414645
v 9.100000 7.393301 1.425000
v 9.100000 7.398296 1.437059
v 9.116290 7.360796 1.401704
v 9.119412 7.372445 1.406699
v 9.122092 7.382447 1.414645
v 9.124148 7.390122 1.425000
v 9.125441 7.394947 1.437059
v 9.131471 7.354509 1.401704
v 9.137500 7.364952 1.406699
v 9.142678 7.373920 1.414645
v 9.146651 7.380801 1.425000
v 9.149148 7.385127 1.437059
v 9.144506 7.344506 1.401704
v 9.153033 7.353033 1.406699
v 9.160355 7.360355 1.414645
v 9.165974 7.365974 1.425000
v 9.169506 7.369506 1.437059
v 9.154509 7.331471 1.401704
v 9.164952 7.337500 1.406699
v 9.173920 7.342678 1.414645
v 9.180801 7.346651 1.425000
v 9.185127 7.349148 1.437059
v 9.160796 7.316290 1.401704
v 9.172445 7.319412 1.406699
v 9.182447 7.322092 1.414645
v 9.190122 7.324148 1.425000
v 9.194947 7.325441 1.437059
v 0.155000 6.875000 0.000000
v 0.166926 6.965587 0.000000
v 0.201891 7.050000 0.000000
v 0.257513 7.122487 0.000000
v 0.330000 7.178109 0.000000
v 0.414413 7.213074 0.000000
v 0.505000 7.225000 0.000000
v 0.155000 3.260000 0.000000
v 0.166926 3.169413 0.000000
v 0.201891 3.085000 0.000000
v 0.257513 3.012513 0.000000
v 0.330000 2.956891 0.000000
v 0.414413 2.921926 0.000000
v 0.505000 2.910000 0.000000
v 8.655000 2.910000 0.000000
v 8.745586 2.921926 0.000000
v 8.830000 2.956891 0.000000
v 8.902487 3.012513 0.000000
v 8.958109 3.085000 0.000000
v 8.993074 3.169413 0.000000
v 9.005000 3.260000 0.000000
v 9.005000 6.875000 0.000000
v 8.993074 6.965587 0.000000
v 8.958109 7.050000 0.000000
v 8.902487 7.122487 0.000000
v 8.830000 7.178109 0.000000
v 8.745586 7.213074 0.000000
v 8.655000 7.225000 0.000000
v 9.405000 7.525000 -0.140329
v 9.401592 7.550882 -0.140329
v 9.391602 7.575000 -0.140329
v 9.375710 7.595711 -0.140329
v 9.355000 7.611602 -0.140329
v 9.330882 7.621592 -0.140329
v 9.305000 7.625000 -0.140329
v 9.330882 7.621592 0.953224
v 9.330882 7.621592 0.406448
v 9.355000 7.611602 0.953224
v 9.355000 7.611602 0.406448
v 9.375710 7.595711 0.953224
v 9.375710 7.595711 0.406448
v 9.391602 7.575000 0.953224
v 9.391602 7.575000 0.406448
v 9.401592 7.550882 0.953224
v 9.401592 7.550882 0.406448
v 9.405000 7.162857 -0.700000
v 9.401592 7.188546 -0.703154
v 9.391602 7.212484 -0.706093
v 9.375710 7.233040 -0.708617
v 9.355000 7.248814 -0.710554
v 9.330882 7.258729 -0.711772
v 9.305000 7.262111 -0.712187
v 9.305000 7.262880 -0.705927
v 9.330882 7.259498 -0.705512
v 9.355000 7.249582 -0.704294
v 9.375710 7.233809 -0.702357
v 9.391602 7.213253 -0.699833
v 9.401592 7.189314 -0.696894
v 9.405000 7.163625 -0.693740
v 9.305000 7.576071 -0.226304
v 9.330882 7.574331 -0.223374
v 9.355000 7.569229 -0.214785
v 9.375710 7.561113 -0.201122
v 9.391602 7.550536 -0.183316
v 9.401592 7.538218 -0.162581
v 9.405000 7.389083 -0.243673
v 9.405000 7.280063 -0.375080
v 9.405000 7.203589 -0.527740
v 9.305000 7.297515 -0.562060
v 9.305000 7.363792 -0.429755
v 9.305000 7.458277 -0.315868
v 9.401592 7.406992 -0.262358
v 9.391602 7.423680 -0.279771
v 9.375710 7.438010 -0.294723
v 9.355000 7.449007 -0.306196
v 9.330882 7.455919 -0.313408
v 9.401592 7.301734 -0.389231
v 9.391602 7.321928 -0.402417
v 9.375710 7.339269 -0.413741
v 9.355000 7.352575 -0.422430
v 9.330882 7.360939 -0.427892
v 9.401592 7.227899 -0.536622
v 9.391602 7.250552 -0.544900
v 9.375710 7.270005 -0.552008
v 9.355000 7.284931 -0.557462
v 9.330882 7.294315 -0.560890
v 9.330882 7.162857 -0.796593
v 9.355000 7.162857 -0.786603
v 9.375710 7.162857 -0.770711
v 9.391602 7.162857 -0.750000
v 9.401592 7.162857 -0.725882
v 9.405000 2.972143 -0.700000
v 9.401592 2.972143 -0.725882
v 9.391602 2.972143 -0.750000
v 9.375710 2.972143 -0.770711
v 9.355000 2.972143 -0.786603
v 9.330882 2.972143 -0.796593
v 9.330882 6.639017 -0.796593
v 9.330882 6.115178 -0.796593
v 9.330882 5.591339 -0.796593
v 9.330882 5.067500 -0.796593
v 9.330882 4.543661 -0.796593
v 9.330882 4.019822 -0.796593
v 9.330882 3.495983 -0.796593
v 9.355000 6.639017 -0.786603
v 9.355000 6.115178 -0.786603
v 9.355000 5.591339 -0.786603
v 9.355000 5.067500 -0.786603
v 9.355000 4.543661 -0.786603
v 9.355000 4.019822 -0.786603
v 9.355000 3.495983 -0.786603
v 9.375710 6.639017 -0.770711
v 9.375710 6.115178 -0.770711
v 9.375710 5.591339 -0.770711
v 9.375710 5.067500 -0.770711
v 9.375710 4.543661 -0.770711
v 9.375710 4.019822 -0.770711
v 9.375710 3.495983 -0.770711
v 9.391602 6.639017 -0.750000
v 9.391602 6.115178 -0.750000
v 9.391602 5.591339 -0.750000
v 9.391602 5.067500 -0.750000
v 9.391602 4.543661 -0.750000
v 9.391602 4.019822 -0.750000
v 9.391602 3.495983 -0.750000
v 9.401592 6.639017 -0.725882
v 9.401592 6.115178 -0.725882
v 9.401592 5.591339 -0.725882
v 9.401592 5.067500 -0.725882
v 9.401592 4.543661 -0.725882
v 9.401592 4.019822 -0.725882
v 9.401592 3.495983 -0.725882
v 9.305000 2.872120 -0.705927
v 9.330882 2.875502 -0.705512
v 9.355000 2.885418 -0.704294
v 9.375710 2.901191 -0.702357
v 9.391602 2.921747 -0.699833
v 9.401592 2.945686 -0.696894
v 9.405000 2.971375 -0.693740
v 9.405000 2.931411 -0.527740
v 9.405000 2.854937 -0.375080
v 9.405000 2.745917 -0.243673
v 9.405000 2.610000 -0.140329
v 9.401592 2.596782 -0.162581
v 9.391602 2.584464 -0.183316
v 9.375710 2.573887 -0.201122
v 9.355000 2.565771 -0.214785
v 9.330882 2.560669 -0.223374
v 9.305000 2.558929 -0.226304
v 9.305000 2.676723 -0.315868
v 9.305000 2.771208 -0.429755
v 9.305000 2.837485 -0.562060
v 9.401592 2.907101 -0.536622
v 9.391602 2.884448 -0.544900
v 9.375710 2.864995 -0.552008
v 9.355000 2.850069 -0.557462
v 9.330882 2.840685 -0.560890
v 9.401592 2.833266 -0.389231
v 9.391602 2.813072 -0.402417
v 9.375710 2.795731 -0.413741
v 9.355000 2.782425 -0.422430
v 9.330882 2.774061 -0.427892
v 9.401592 2.728008 -0.262358
v 9.391602 2.711320 -0.279771
v 9.375710 2.696990 -0.294723
v 9.355000 2.685993 -0.306196
v 9.330882 2.679081 -0.313408
v 9.305000 2.872889 -0.712187
v 9.330882 2.876271 -0.711772
v 9.355000 2.886186 -0.710554
v 9.375710 2.901960 -0.708617
v 9.391602 2.922516 -0.706093
v 9.401592 2.946454 -0.703154
v 9.305000 2.510000 -0.140329
v 9.330882 2.513408 -0.140329
v 9.355000 2.523398 -0.140329
v 9.375710 2.539289 -0.140329
v 9.391602 2.560000 -0.140329
v 9.401592 2.584118 -0.140329
v 9.401592 2.584118 0.953224
v 9.401592 2.584118 0.406448
v 9.391602 2.560000 0.953224
v 9.391602 2.560000 0.406448
v 9.375710 2.539289 0.953224
v 9.375710 2.539289 0.406448
v 9.355000 2.523398 0.953224
v 9.355000 2.523398 0.406448
v 9.330882 2.513408 0.953224
v 9.330882 2.513408 0.406448
v 9.305000 2.513328 -0.165911
v 9.305000 2.523089 -0.189790
v 9.305000 2.538634 -0.210378
v 9.340683 2.548195 -0.210378
v 9.398378 2.584979 -0.165911
v 9.388721 2.561664 -0.165911
v 9.380267 2.566545 -0.189790
v 9.373358 2.541642 -0.165911
v 9.366455 2.548545 -0.189790
v 9.355463 2.559537 -0.210378
v 9.353336 2.526279 -0.165911
v 9.348455 2.534733 -0.189790
v 9.330020 2.516622 -0.165911
v 9.327494 2.526050 -0.189790
v 9.323471 2.541066 -0.210378
v 9.305000 2.878682 -0.735565
v 9.305000 2.889896 -0.756880
v 9.305000 2.905881 -0.774896
v 9.305000 2.925711 -0.788566
v 9.305000 2.948234 -0.797100
v 9.398107 2.937114 -0.710194
v 9.402197 2.959327 -0.719709
v 9.365910 2.893527 -0.710461
v 9.380033 2.909837 -0.722088
v 9.389649 2.929889 -0.732389
v 9.394181 2.952479 -0.740744
v 9.337294 2.878631 -0.714575
v 9.353414 2.889711 -0.729341
v 9.366627 2.905742 -0.742344
v 9.376138 2.925762 -0.752803
v 9.381376 2.948568 -0.760091
v 9.323080 2.878012 -0.728501
v 9.337022 2.888997 -0.745401
v 9.349040 2.904976 -0.759574
v 9.358412 2.924990 -0.770169
v 9.364577 2.947837 -0.776549
v 9.306371 2.880121 -0.739116
v 9.317751 2.891430 -0.757643
v 9.328364 2.907587 -0.772708
v 9.337575 2.927621 -0.783406
v 9.344829 2.950330 -0.789095
v 9.305886 2.913411 -0.780930
v 9.314920 2.933491 -0.791693
v 9.323358 2.955893 -0.796948
v 9.305000 7.186766 -0.797100
v 9.305000 7.209289 -0.788566
v 9.305000 7.229119 -0.774896
v 9.305000 7.245104 -0.756880
v 9.305000 7.256318 -0.735565
v 9.402197 7.175673 -0.719709
v 9.398107 7.197886 -0.710194
v 9.394181 7.182521 -0.740744
v 9.389649 7.205111 -0.732389
v 9.380033 7.225163 -0.722088
v 9.365910 7.241473 -0.710461
v 9.381376 7.186432 -0.760091
v 9.376138 7.209238 -0.752803
v 9.366627 7.229258 -0.742344
v 9.353414 7.245289 -0.729341
v 9.337294 7.256369 -0.714575
v 9.364577 7.187163 -0.776549
v 9.358412 7.210010 -0.770169
v 9.349040 7.230024 -0.759574
v 9.337022 7.246003 -0.745401
v 9.323080 7.256988 -0.728501
v 9.344829 7.184670 -0.789095
v 9.337575 7.207379 -0.783406
v 9.328364 7.227413 -0.772708
v 9.317751 7.243570 -0.757643
v 9.306371 7.254879 -0.739116
v 9.323358 7.179107 -0.796948
v 9.314920 7.201509 -0.791693
v 9.305886 7.221589 -0.780930
v 9.305000 7.596366 -0.210378
v 9.305000 7.611911 -0.189790
v 9.305000 7.621672 -0.165911
v 9.355463 7.575463 -0.210378
v 9.398378 7.550021 -0.165911
v 9.380267 7.568455 -0.189790
v 9.388721 7.573336 -0.165911
v 9.366455 7.586455 -0.189790
v 9.373358 7.593358 -0.165911
v 9.323471 7.593934 -0.210378
v 9.327494 7.608950 -0.189790
v 9.330020 7.618378 -0.165911
v 9.353336 7.608721 -0.165911
v 9.348455 7.600267 -0.189790
v 9.340683 7.586805 -0.210378
v 0.053066 7.262880 -0.705927
v 0.012039 7.264365 -0.694627
v -0.026042 7.267023 -0.677352
v -0.059894 7.271261 -0.654677
v -0.088247 7.277502 -0.627277
v -0.110017 7.286093 -0.596239
v -0.124312 7.297234 -0.562844
v -0.130652 7.310837 -0.528520
v -0.128976 7.326541 -0.494686
v -0.115592 7.359911 -0.435814
v -0.094383 7.398197 -0.381948
v -0.063004 7.439665 -0.334502
v -0.019875 7.481251 -0.294882
v 0.035656 7.519261 -0.264231
v 0.102039 7.549719 -0.242821
v 0.176442 7.569318 -0.230370
v 0.255000 7.576071 -0.226304
v 6.159783 7.458277 -0.315868
v 3.014565 7.458277 -0.315868
v 6.159783 7.363792 -0.429755
v 3.014565 7.363792 -0.429755
v 6.159783 7.297420 -0.562321
v 3.014565 7.297325 -0.562582
v 0.109856 7.262111 -0.712187
v 0.109856 7.186766 -0.797100
v 0.109856 7.209289 -0.788566
v 0.109856 7.229119 -0.774896
v 0.109856 7.245104 -0.756880
v 0.109856 7.256318 -0.735565
v 8.794158 7.256318 -0.735565
v 8.283317 7.256318 -0.735565
v 7.772476 7.256318 -0.735565
v 7.261634 7.256318 -0.735565
v 6.750793 7.256318 -0.735565
v 6.239952 7.256318 -0.735565
v 5.729110 7.256318 -0.735565
v 5.218269 7.256318 -0.735565
v 4.707428 7.256318 -0.735565
v 4.196586 7.256318 -0.735565
v 3.685745 7.256318 -0.735565
v 3.174904 7.256318 -0.735565
v 2.664062 7.256318 -0.735565
v 2.153221 7.256318 -0.735565
v 1.642380 7.256318 -0.735565
v 1.131538 7.256318 -0.735565
v 0.620697 7.256318 -0.735565
v 8.794158 7.245104 -0.756880
v 8.283317 7.245104 -0.756880
v 7.772476 7.245104 -0.756880
v 7.261634 7.245104 -0.756880
v 6.750793 7.245104 -0.756880
v 6.239952 7.245104 -0.756880
v 5.729110 7.245104 -0.756880
v 5.218269 7.245104 -0.756880
v 4.707428 7.245104 -0.756880
v 4.196586 7.245104 -0.756880
v 3.685745 7.245104 -0.756880
v 3.174904 7.245104 -0.756880
v 2.664062 7.245104 -0.756880
v 2.153221 7.245104 -0.756880
v 1.642380 7.245104 -0.756880
v 1.131538 7.245104 -0.756880
v 0.620697 7.245104 -0.756880
v 8.794158 7.229119 -0.774896
v 8.283317 7.229119 -0.774896
v 7.772476 7.229119 -0.774896
v 7.261634 7.229119 -0.774896
v 6.750793 7.229119 -0.774896
v 6.239952 7.229119 -0.774896
v 5.729110 7.229119 -0.774896
v 5.218269 7.229119 -0.774896
v 4.707428 7.229119 -0.774896
v 4.196586 7.229119 -0.774896
v 3.685745 7.229119 -0.774896
v 3.174904 7.229119 -0.774896
v 2.664062 7.229119 -0.774896
v 2.153221 7.229119 -0.774896
v 1.642380 7.229119 -0.774896
v 1.131538 7.229119 -0.774896
v 0.620697 7.229119 -0.774896
v 8.794158 7.209289 -0.788566
v 8.283317 7.209289 -0.788566
v 7.772476 7.209289 -0.788566
v 7.261634 7.209289 -0.788566
v 6.750793 7.209289 -0.788566
v 6.239952 7.209289 -0.788566
v 5.729110 7.209289 -0.788566
v 5.218269 7.209289 -0.788566
v 4.707428 7.209289 -0.788566
v 4.196586 7.209289 -0.788566
v 3.685745 7.209289 -0.788566
v 3.174904 7.209289 -0.788566
v 2.664062 7.209289 -0.788566
v 2.153221 7.209289 -0.788566
v 1.642380 7.209289 -0.788566
v 1.131538 7.209289 -0.788566
v 0.620697 7.209289 -0.788566
v 8.794158 7.186766 -0.797100
v 8.283317 7.186766 -0.797100
v 7.772476 7.186766 -0.797100
v 7.261634 7.186766 -0.797100
v 6.750793 7.186766 -0.797100
v 6.239952 7.186766 -0.797100
v 5.729110 7.186766 -0.797100
v 5.218269 7.186766 -0.797100
v 4.707428 7.186766 -0.797100
v 4.196586 7.186766 -0.797100
v 3.685745 7.186766 -0.797100
v 3.174904 7.186766 -0.797100
v 2.664062 7.186766 -0.797100
v 2.153221 7.186766 -0.797100
v 1.642380 7.186766 -0.797100
v 1.131538 7.186766 -0.797100
v 0.620697 7.186766 -0.797100
v 8.794158 2.948234 -0.797100
v 8.283317 2.948234 -0.797100
v 7.772476 2.948234 -0.797100
v 7.261634 2.948234 -0.797100
v 6.750793 2.948234 -0.797100
v 6.239952 2.948234 -0.797100
v 5.729110 2.948234 -0.797100
v 5.218269 2.948234 -0.797100
v 4.707428 2.948234 -0.797100
v 4.196586 2.948234 -0.797100
v 3.685745 2.948234 -0.797100
v 3.174904 2.948234 -0.797100
v 2.664062 2.948234 -0.797100
v 2.153221 2.948234 -0.797100
v 1.642380 2.948234 -0.797100
v 1.131538 2.948234 -0.797100
v 0.620697 2.948234 -0.797100
v 8.794158 2.925711 -0.788566
v 8.283317 2.925711 -0.788566
v 7.772476 2.925711 -0.788566
v 7.261634 2.925711 -0.788566
v 6.750793 2.925711 -0.788566
v 6.239952 2.925711 -0.788566
v 5.729110 2.925711 -0.788566
v 5.218269 2.925711 -0.788566
v 4.707428 2.925711 -0.788566
v 4.196586 2.925711 -0.788566
v 3.685745 2.925711 -0.788566
v 3.174904 2.925711 -0.788566
v 2.664062 2.925711 -0.788566
v 2.153221 2.925711 -0.788566
v 1.642380 2.925711 -0.788566
v 1.131538 2.925711 -0.788566
v 0.620697 2.925711 -0.788566
v 8.794158 2.905881 -0.774896
v 8.283317 2.905881 -0.774896
v 7.772476 2.905881 -0.774896
v 7.261634 2.905881 -0.774896
v 6.750793 2.905881 -0.774896
v 6.239952 2.905881 -0.774896
v 5.729110 2.905881 -0.774896
v 5.218269 2.905881 -0.774896
v 4.707428 2.905881 -0.774896
v 4.196586 2.905881 -0.774896
v 3.685745 2.905881 -0.774896
v 3.174904 2.905881 -0.774896
v 2.664062 2.905881 -0.774896
v 2.153221 2.905881 -0.774896
v 1.642380 2.905881 -0.774896
v 1.131538 2.905881 -0.774896
v 0.620697 2.905881 -0.774896
v 8.794158 2.889896 -0.756880
v 8.283317 2.889896 -0.756880
v 7.772476 2.889896 -0.756880
v 7.261634 2.889896 -0.756880
v 6.750793 2.889896 -0.756880
v 6.239952 2.889896 -0.756880
v 5.729110 2.889896 -0.756880
v 5.218269 2.889896 -0.756880
v 4.707428 2.889896 -0.756880
v 4.196586 2.889896 -0.756880
v 3.685745 2.889896 -0.756880
v 3.174904 2.889896 -0.756880
v 2.664062 2.889896 -0.756880
v 2.153221 2.889896 -0.756880
v 1.642380 2.889896 -0.756880
v 1.131538 2.889896 -0.756880
v 0.620697 2.889896 -0.756880
v 8.794158 2.878682 -0.735565
v 8.283317 2.878682 -0.735565
v 7.772476 2.878682 -0.735565
v 7.261634 2.878682 -0.735565
v 6.750793 2.878682 -0.735565
v 6.239952 2.878682 -0.735565
v 5.729110 2.878682 -0.735565
v 5.218269 2.878682 -0.735565
v 4.707428 2.878682 -0.735565
v 4.196586 2.878682 -0.735565
v 3.685745 2.878682 -0.735565
v 3.174904 2.878682 -0.735565
v 2.664062 2.878682 -0.735565
v 2.153221 2.878682 -0.735565
v 1.642380 2.878682 -0.735565
v 1.131538 2.878682 -0.735565
v 0.620697 2.878682 -0.735565
v 0.255000 2.558929 -0.226304
v 0.176503 2.565851 -0.230346
v 0.102094 2.585401 -0.242813
v 0.035650 2.615718 -0.264224
v -0.019587 2.653700 -0.294996
v -0.062949 2.695345 -0.334530
v -0.094379 2.736774 -0.381943
v -0.115588 2.775049 -0.435805
v -0.128976 2.808459 -0.494686
v -0.130592 2.824129 -0.528540
v -0.124274 2.837743 -0.562853
v -0.110020 2.848909 -0.596240
v -0.088239 2.857492 -0.627267
v -0.059895 2.863738 -0.654682
v -0.026049 2.867972 -0.677381
v 0.012037 2.870633 -0.694637
v 6.159803 2.837580 -0.562321
v 3.014605 2.837676 -0.562582
v 6.159803 2.771208 -0.429755
v 3.014605 2.771208 -0.429755
v 6.159803 2.676723 -0.315868
v 3.014605 2.676723 -0.315868
v 0.255000 2.510000 -0.140329
v 0.255000 2.513328 -0.165911
v 0.255000 2.523089 -0.189790
v 0.255000 2.538634 -0.210378
v 8.772647 2.538634 -0.210378
v 8.240294 2.538634 -0.210378
v 7.707941 2.538634 -0.210378
v 7.175588 2.538634 -0.210378
v 6.643235 2.538634 -0.210378
v 6.110882 2.538634 -0.210378
v 5.578529 2.538634 -0.210378
v 5.046176 2.538634 -0.210378
v 4.513823 2.538634 -0.210378
v 3.981471 2.538634 -0.210378
v 3.449118 2.538634 -0.210378
v 2.916765 2.538634 -0.210378
v 2.384412 2.538634 -0.210378
v 1.852059 2.538634 -0.210378
v 1.319706 2.538634 -0.210378
v 0.787353 2.538634 -0.210378
v 8.772647 2.523089 -0.189790
v 8.240294 2.523089 -0.189790
v 7.707941 2.523089 -0.189790
v 7.175588 2.523089 -0.189790
v 6.643235 2.523089 -0.189790
v 6.110882 2.523089 -0.189790
v 5.578529 2.523089 -0.189790
v 5.046176 2.523089 -0.189790
v 4.513823 2.523089 -0.189790
v 3.981471 2.523089 -0.189790
v 3.449118 2.523089 -0.189790
v 2.916765 2.523089 -0.189790
v 2.384412 2.523089 -0.189790
v 1.852059 2.523089 -0.189790
v 1.319706 2.523089 -0.189790
v 0.787353 2.523089 -0.189790
v 8.772647 2.513328 -0.165911
v 8.240294 2.513328 -0.165911
v 7.707941 2.513328 -0.165911
v 7.175588 2.513328 -0.165911
v 6.643235 2.513328 -0.165911
v 6.110882 2.513328 -0.165911
v 5.578529 2.513328 -0.165911
v 5.046176 2.513328 -0.165911
v 4.513823 2.513328 -0.165911
v 3.981471 2.513328 -0.165911
v 3.449118 2.513328 -0.165911
v 2.916765 2.513328 -0.165911
v 2.384412 2.513328 -0.165911
v 1.852059 2.513328 -0.165911
v 1.319706 2.513328 -0.165911
v 0.787353 2.513328 -0.165911
v 3.800000 2.510000 1.100000
v 4.300000 2.510000 1.100000
v 4.600000 2.510000 -0.100000
v 4.100000 2.510000 -0.100000
v 2.700000 2.510000 1.100000
v 3.200000 2.510000 1.100000
v 3.500000 2.510000 -0.100000
v 3.000000 2.510000 -0.100000
v 6.000000 2.510000 1.100000
v 6.500000 2.510000 1.100000
v 6.800000 2.510000 -0.100000
v 6.300000 2.510000 -0.100000
v 4.900000 2.510000 1.100000
v 5.400000 2.510000 1.100000
v 5.700000 2.510000 -0.100000
v 5.200000 2.510000 -0.100000
v 8.500000 2.510000 -0.100000
v 8.200000 2.510000 1.100000
v 8.700000 2.510000 1.100000
v 9.000000 2.510000 -0.100000
v 7.100000 2.510000 1.100000
v 7.600000 2.510000 1.100000
v 7.900000 2.510000 -0.100000
v 7.400000 2.510000 -0.100000
v 1.600000 2.510000 1.100000
v 2.100000 2.510000 1.100000
v 2.400000 2.510000 -0.100000
v 1.900000 2.510000 -0.100000
v 0.500000 2.510000 1.100000
v 1.000000 2.510000 1.100000
v 1.300000 2.510000 -0.100000
v 0.800000 2.510000 -0.100000
v -0.150575 2.809348 -0.491093
v -0.171136 2.814490 -0.485526
v -0.189672 2.823638 -0.478254
v -0.205294 2.836353 -0.469625
v -0.217252 2.852024 -0.460054
v -0.220441 2.880185 -0.514681
v -0.212326 2.867040 -0.519656
v -0.205941 2.859253 -0.522485
v -0.194406 2.848463 -0.526207
v -0.181188 2.839479 -0.529037
v -0.166633 2.832550 -0.530896
v -0.151117 2.827863 -0.531732
v -0.209069 2.900741 -0.572397
v -0.201182 2.886942 -0.574937
v -0.195009 2.878676 -0.576027
v -0.183897 2.867063 -0.576835
v -0.171198 2.857175 -0.576561
v -0.157242 2.849279 -0.575208
v -0.142380 2.843586 -0.572807
v -0.185362 2.917175 -0.628111
v -0.178120 2.902721 -0.628381
v -0.172437 2.894003 -0.627831
v -0.162189 2.881657 -0.625858
v -0.150462 2.871015 -0.622589
v -0.137562 2.862368 -0.618104
v -0.123817 2.855947 -0.612516
v -0.150165 2.929453 -0.679101
v -0.143919 2.914377 -0.677402
v -0.138972 2.905249 -0.675395
v -0.129995 2.892272 -0.670910
v -0.119672 2.881030 -0.664889
v -0.108280 2.871837 -0.657488
v -0.096118 2.864948 -0.648899
v -0.112294 2.937059 -0.717020
v -0.107094 2.921488 -0.713954
v -0.102925 2.912045 -0.710903
v -0.095302 2.898604 -0.704574
v -0.086482 2.886951 -0.696491
v -0.076709 2.877423 -0.686875
v -0.066250 2.870292 -0.675984
v -0.068366 2.942540 -0.748516
v -0.064325 2.926508 -0.744410
v -0.061036 2.916777 -0.740529
v -0.054965 2.902927 -0.732691
v -0.047890 2.890930 -0.722881
v -0.040013 2.881148 -0.711377
v -0.031559 2.873873 -0.698503
v -0.019731 2.946516 -0.772741
v -0.016899 2.930047 -0.767937
v -0.014554 2.920044 -0.763458
v -0.010180 2.905810 -0.754484
v -0.005040 2.893499 -0.743329
v 0.000710 2.883500 -0.730324
v 0.006902 2.876121 -0.715849
v 0.156879 2.519984 -0.144993
v 0.063867 2.548181 -0.159377
v -0.019187 2.591907 -0.184082
v -0.088234 2.646690 -0.219589
v -0.142436 2.706754 -0.265204
v -0.181724 2.766507 -0.319912
v -0.208235 2.821711 -0.382061
v 0.143893 2.523655 -0.159417
v 0.146179 2.525702 -0.172041
v 0.147838 2.527901 -0.180056
v 0.150611 2.532565 -0.191856
v 0.153618 2.538710 -0.202896
v 0.156808 2.546236 -0.212984
v 0.160128 2.555019 -0.221950
v 0.040454 2.559395 -0.178396
v 0.044852 2.560076 -0.190655
v 0.048050 2.561347 -0.198436
v 0.053402 2.564547 -0.209888
v 0.059211 2.569199 -0.220596
v 0.065380 2.575228 -0.230372
v 0.071804 2.582536 -0.239051
v -0.048091 2.613534 -0.211215
v -0.041948 2.612050 -0.222889
v -0.037456 2.611870 -0.230291
v -0.029908 2.612814 -0.241168
v -0.021685 2.615206 -0.251310
v -0.012932 2.619009 -0.260533
v -0.003801 2.624159 -0.268674
v -0.117682 2.678235 -0.257942
v -0.110320 2.674019 -0.268830
v -0.104868 2.672036 -0.275718
v -0.095622 2.670221 -0.285802
v -0.085468 2.669905 -0.295145
v -0.074599 2.671099 -0.303565
v -0.063220 2.673785 -0.310899
v -0.184963 2.774497 -0.348128
v -0.176854 2.765944 -0.357508
v -0.170639 2.761131 -0.363407
v -0.159834 2.755054 -0.371963
v -0.147718 2.750658 -0.379764
v -0.134566 2.748051 -0.386628
v -0.120669 2.747297 -0.392398
v 0.255000 7.596366 -0.210378
v 0.255000 7.611911 -0.189790
v 0.255000 7.621672 -0.165911
v 0.255000 7.625000 -0.140329
v 8.772647 7.621672 -0.165911
v 8.240294 7.621672 -0.165911
v 7.707941 7.621672 -0.165911
v 7.175588 7.621672 -0.165911
v 6.643235 7.621672 -0.165911
v 6.110882 7.621672 -0.165911
v 5.578529 7.621672 -0.165911
v 5.046176 7.621672 -0.165911
v 4.513823 7.621672 -0.165911
v 3.981471 7.621672 -0.165911
v 3.449118 7.621672 -0.165911
v 2.916765 7.621672 -0.165911
v 2.384412 7.621672 -0.165911
v 1.852059 7.621672 -0.165911
v 1.319706 7.621672 -0.165911
v 0.787353 7.621672 -0.165911
v 8.772647 7.611911 -0.189790
v 8.240294 7.611911 -0.189790
v 7.707941 7.611911 -0.189790
v 7.175588 7.611911 -0.189790
v 6.643235 7.611911 -0.189790
v 6.110882 7.611911 -0.189790
v 5.578529 7.611911 -0.189790
v 5.046176 7.611911 -0.189790
v 4.513823 7.611911 -0.189790
v 3.981471 7.611911 -0.189790
v 3.449118 7.611911 -0.189790
v 2.916765 7.611911 -0.189790
v 2.384412 7.611911 -0.189790
v 1.852059 7.611911 -0.189790
v 1.319706 7.611911 -0.189790
v 0.787353 7.611911 -0.189790
v 8.772647 7.596366 -0.210378
v 8.240294 7.596366 -0.210378
v 7.707941 7.596366 -0.210378
v 7.175588 7.596366 -0.210378
v 6.643235 7.596366 -0.210378
v 6.110882 7.596366 -0.210378
v 5.578529 7.596366 -0.210378
v 5.046176 7.596366 -0.210378
v 4.513823 7.596366 -0.210378
v 3.981471 7.596366 -0.210378
v 3.449118 7.596366 -0.210378
v 2.916765 7.596366 -0.210378
v 2.384412 7.596366 -0.210378
v 1.852059 7.596366 -0.210378
v 1.319706 7.596366 -0.210378
v 0.787353 7.596366 -0.210378
v -0.150575 7.325652 -0.491093
v -0.171136 7.320510 -0.485526
v -0.189672 7.311362 -0.478254
v -0.205294 7.298647 -0.469625
v -0.217252 7.282976 -0.460054
v -0.224971 7.265101 -0.450000
v -0.208240 7.313230 -0.382071
v -0.181729 7.368450 -0.319919
v -0.142505 7.428261 -0.265173
v -0.088594 7.488240 -0.219457
v -0.019180 7.543062 -0.184090
v 0.063798 7.586992 -0.159387
v 0.156803 7.615259 -0.145020
v -0.175440 7.377471 -0.329825
v -0.167381 7.385232 -0.339515
v -0.161249 7.389534 -0.345621
v -0.150655 7.394842 -0.354488
v -0.138831 7.398511 -0.362603
v -0.126036 7.400455 -0.369780
v -0.112544 7.400625 -0.375863
v -0.136309 7.434756 -0.275972
v -0.128671 7.439930 -0.286558
v -0.122978 7.442544 -0.293252
v -0.113288 7.445314 -0.303030
v -0.102609 7.446556 -0.312064
v -0.091149 7.446241 -0.320172
v -0.079131 7.444370 -0.327192
v -0.082951 7.492322 -0.230999
v -0.076165 7.495013 -0.242331
v -0.071177 7.495994 -0.249515
v -0.062774 7.496282 -0.260051
v -0.053593 7.495108 -0.269852
v -0.043801 7.492490 -0.278737
v -0.033571 7.488470 -0.286541
v -0.014549 7.545064 -0.196232
v -0.009053 7.545590 -0.208165
v -0.005044 7.545130 -0.215741
v 0.001674 7.543197 -0.226875
v 0.008978 7.539820 -0.237272
v 0.016742 7.535054 -0.246749
v 0.024834 7.528977 -0.255140
v 0.067063 7.587423 -0.171977
v 0.070918 7.586286 -0.184355
v 0.073722 7.584706 -0.192218
v 0.078410 7.581021 -0.203785
v 0.083497 7.575877 -0.214602
v 0.088897 7.569357 -0.224484
v 0.094521 7.561567 -0.233261
v 0.158483 7.614732 -0.157891
v 0.160464 7.612563 -0.170545
v 0.161905 7.610278 -0.178584
v 0.164313 7.605478 -0.190412
v 0.166925 7.599193 -0.201477
v 0.169698 7.591525 -0.211588
v 0.172584 7.582599 -0.220574
v 0.047914 7.257386 -0.728127
v 0.043046 7.246738 -0.748437
v 0.038728 7.231524 -0.765742
v 0.035198 7.212577 -0.779089
v 0.032650 7.190941 -0.787746
v 0.031224 7.167803 -0.791236
v -0.025954 7.171651 -0.772983
v -0.079156 7.176624 -0.745076
v -0.126544 7.183520 -0.708448
v -0.166314 7.193122 -0.664187
v -0.196964 7.205991 -0.614048
v -0.217275 7.222447 -0.560101
v -0.226618 7.242342 -0.504655
v -0.128105 7.200659 -0.702701
v -0.078741 7.266580 -0.665769
v -0.050853 7.190844 -0.758319
v -0.047257 7.207032 -0.753919
v -0.044308 7.216875 -0.749785
v -0.038853 7.230863 -0.741487
v -0.032478 7.242972 -0.731140
v -0.025369 7.252833 -0.719042
v -0.017729 7.260149 -0.705538
v -0.091577 7.195045 -0.733164
v -0.086933 7.210837 -0.729554
v -0.083178 7.220433 -0.726068
v -0.076292 7.234072 -0.718966
v -0.068298 7.245894 -0.710004
v -0.059423 7.255550 -0.699432
v -0.049911 7.262760 -0.687541
v -0.122476 7.216033 -0.700141
v -0.117980 7.225366 -0.697476
v -0.109796 7.238626 -0.691844
v -0.100353 7.250123 -0.684545
v -0.089908 7.259529 -0.675776
v -0.185077 7.217685 -0.628626
v -0.177847 7.232140 -0.628876
v -0.172164 7.240873 -0.628310
v -0.161930 7.253221 -0.626313
v -0.150220 7.263866 -0.623018
v -0.137338 7.272518 -0.618507
v -0.123612 7.278945 -0.612892
v -0.103503 7.271897 -0.640657
v -0.116078 7.265097 -0.648552
v -0.127863 7.256019 -0.655282
v -0.138553 7.244910 -0.660675
v -0.147862 7.232078 -0.664591
v -0.153010 7.223032 -0.666274
v -0.159516 7.208105 -0.667537
v -0.204164 7.229599 -0.587022
v -0.196407 7.243563 -0.588956
v -0.190327 7.251959 -0.589613
v -0.179398 7.263767 -0.589687
v -0.166911 7.273862 -0.588629
v -0.153188 7.281972 -0.586460
v -0.138574 7.287882 -0.583232
v -0.216321 7.243907 -0.543869
v -0.208268 7.257375 -0.547603
v -0.201945 7.265417 -0.549551
v -0.190569 7.276628 -0.551794
v -0.177561 7.286085 -0.553053
v -0.163257 7.293530 -0.553291
v -0.148020 7.298764 -0.552499
v -0.221421 7.260415 -0.500360
v -0.213315 7.273401 -0.505945
v -0.206911 7.281079 -0.509214
v -0.195341 7.291654 -0.513661
v -0.182066 7.300394 -0.517263
v -0.167437 7.307055 -0.519917
v -0.151834 7.311456 -0.521551
v 0.068605 7.183413 -0.795533
v 0.069449 7.200603 -0.790380
v 0.070163 7.210992 -0.785516
v 0.071529 7.225911 -0.775607
v 0.073155 7.238817 -0.763213
v 0.074989 7.249273 -0.748726
v 0.076974 7.256937 -0.732601
v 4.300000 7.625000 1.100000
v 3.800000 7.625000 1.100000
v 4.100000 7.625000 -0.100000
v 4.600000 7.625000 -0.100000
v 6.500000 7.625000 1.100000
v 6.000000 7.625000 1.100000
v 6.300000 7.625000 -0.100000
v 6.800000 7.625000 -0.100000
v 8.200000 7.625000 1.100000
v 8.500000 7.625000 -0.100000
v 9.000000 7.625000 -0.100000
v 8.700000 7.625000 1.100000
v 2.100000 7.625000 1.100000
v 1.600000 7.625000 1.100000
v 1.900000 7.625000 -0.100000
v 2.400000 7.625000 -0.100000
v 1.000000 7.625000 1.100000
v 0.500000 7.625000 1.100000
v 0.800000 7.625000 -0.100000
v 1.300000 7.625000 -0.100000
v 7.600000 7.625000 1.100000
v 7.100000 7.625000 1.100000
v 7.400000 7.625000 -0.100000
v 7.900000 7.625000 -0.100000
v 5.400000 7.625000 1.100000
v 4.900000 7.625000 1.100000
v 5.200000 7.625000 -0.100000
v 5.700000 7.625000 -0.100000
v 3.200000 7.625000 1.100000
v 2.700000 7.625000 1.100000
v 3.000000 7.625000 -0.100000
v 3.500000 7.625000 -0.100000
v -0.242761 7.172263 -0.450000
v -0.236065 7.219103 -0.450000
v 3.800000 2.710000 1.100000
v 4.300000 2.710000 1.100000
v 4.600000 2.710000 -0.100000
v 4.100000 2.710000 -0.100000
v 2.700000 2.710000 1.100000
v 3.200000 2.710000 1.100000
v 3.500000 2.710000 -0.100000
v 3.000000 2.710000 -0.100000
v 6.000000 2.710000 1.100000
v 6.500000 2.710000 1.100000
v 6.800000 2.710000 -0.100000
v 6.300000 2.710000 -0.100000
v 4.900000 2.710000 1.100000
v 5.400000 2.710000 1.100000
v 5.700000 2.710000 -0.100000
v 5.200000 2.710000 -0.100000
v 8.500000 2.710000 -0.100000
v 8.200000 2.710000 1.100000
v 8.700000 2.710000 1.100000
v 9.000000 2.710000 -0.100000
v 7.100000 2.710000 1.100000
v 7.600000 2.710000 1.100000
v 7.900000 2.710000 -0.100000
v 7.400000 2.710000 -0.100000
v 1.600000 2.710000 1.100000
v 2.100000 2.710000 1.100000
v 2.400000 2.710000 -0.100000
v 1.900000 2.710000 -0.100000
v 0.500000 2.710000 1.100000
v 1.000000 2.710000 1.100000
v 1.300000 2.710000 -0.100000
v 0.800000 2.710000 -0.100000
v 3.200000 7.425000 1.100000
v 2.700000 7.425000 1.100000
v 3.500000 7.425000 -0.100000
v 3.000000 7.425000 -0.100000
v 5.400000 7.425000 1.100000
v 4.900000 7.425000 1.100000
v 5.700000 7.425000 -0.100000
v 5.200000 7.425000 -0.100000
v 7.600000 7.425000 1.100000
v 7.100000 7.425000 1.100000
v 7.900000 7.425000 -0.100000
v 7.400000 7.425000 -0.100000
v 1.000000 7.425000 1.100000
v 0.500000 7.425000 1.100000
v 1.300000 7.425000 -0.100000
v 0.800000 7.425000 -0.100000
v 2.100000 7.425000 1.100000
v 1.600000 7.425000 1.100000
v 2.400000 7.425000 -0.100000
v 1.900000 7.425000 -0.100000
v 8.200000 7.425000 1.100000
v 8.500000 7.425000 -0.100000
v 8.700000 7.425000 1.100000
v 9.000000 7.425000 -0.100000
v 6.500000 7.425000 1.100000
v 6.000000 7.425000 1.100000
v 6.800000 7.425000 -0.100000
v 6.300000 7.425000 -0.100000
v 4.300000 7.425000 1.100000
v 3.800000 7.425000 1.100000
v 4.600000 7.425000 -0.100000
v 4.100000 7.425000 -0.100000
vt 2.054992 0.008220 0.000000
vt 1.777682 0.013255 0.000000
vt 2.056281 0.000000 0.000000
vt 1.499082 0.013255 0.000000
vt 1.220483 0.013255 0.000000
vt 1.220483 0.026510 0.000000
vt 0.941884 0.026510 0.000000
vt 0.941884 0.039764 0.000000
vt 0.663284 0.039764 0.000000
vt 0.663284 0.053019 0.000000
vt 0.384685 0.053019 0.000000
vt 2.047688 0.066274 0.000000
vt 0.106085 0.053019 0.000000
vt -0.172514 0.053019 0.000000
vt 0.106085 0.039764 0.000000
vt -0.172514 0.039764 0.000000
vt 0.106085 0.026510 0.000000
vt -0.172514 0.026510 0.000000
vt 0.106085 0.013255 0.000000
vt -0.172514 0.013255 0.000000
vt -0.451114 0.013255 0.000000
vt -0.729713 0.013255 0.000000
vt -0.729713 0.026510 0.000000
vt -1.008312 0.026510 0.000000
vt -1.008312 0.039764 0.000000
vt -1.286912 0.039764 0.000000
vt -1.286912 0.053019 0.000000
vt -1.565511 0.053019 0.000000
vt -1.844111 0.053019 0.000000
vt -2.122710 0.053019 0.000000
vt -1.844111 0.039764 0.000000
vt -2.122710 0.039764 0.000000
vt -1.844111 0.026510 0.000000
vt -2.122710 0.026510 0.000000
vt -1.844111 0.013255 0.000000
vt -2.122710 0.013255 0.000000
vt -2.401310 0.013255 0.000000
vt -2.679909 0.013255 0.000000
vt -2.679909 0.026510 0.000000
vt -2.958508 0.026510 0.000000
vt -2.958508 0.039764 0.000000
vt -3.237108 0.039764 0.000000
vt -3.237108 0.053019 0.000000
vt -3.515707 0.053019 0.000000
vt -7.137500 0.066274 0.000000
vt -3.794307 0.053019 0.000000
vt -4.072906 0.053019 0.000000
vt -3.794307 0.039764 0.000000
vt -4.072906 0.039764 0.000000
vt -3.794307 0.026510 0.000000
vt -4.072906 0.026510 0.000000
vt -3.794307 0.013255 0.000000
vt -4.072906 0.013255 0.000000
vt -4.351506 0.013255 0.000000
vt -7.137500 0.011046 0.000000
vt -4.630105 0.013255 0.000000
vt -4.908704 0.013255 0.000000
vt -4.908704 0.026510 0.000000
vt -5.187304 0.026510 0.000000
vt -5.187304 0.039764 0.000000
vt -5.465903 0.039764 0.000000
vt -5.465903 0.053019 0.000000
vt -5.744503 0.053019 0.000000
vt -6.023102 0.053019 0.000000
vt -6.301702 0.053019 0.000000
vt -6.023102 0.039764 0.000000
vt -6.301702 0.039764 0.000000
vt -6.023102 0.026510 0.000000
vt -6.301702 0.026510 0.000000
vt -6.023102 0.013255 0.000000
vt -6.301702 0.013255 0.000000
vt -6.580301 0.013255 0.000000
vt -6.858900 0.013255 0.000000
vt -6.858900 0.026510 0.000000
vt -7.137500 0.022091 0.000000
vt -7.137500 0.033137 0.000000
vt -6.858900 0.039764 0.000000
vt -7.137500 0.044183 0.000000
vt -6.858900 0.053019 0.000000
vt -7.137500 0.055228 0.000000
vt -6.580301 0.053019 0.000000
vt 2.053795 0.016453 0.000000
vt 1.777682 0.026510 0.000000
vt 1.499082 0.026510 0.000000
vt 1.499082 0.039764 0.000000
vt 1.220483 0.039764 0.000000
vt 1.220483 0.053019 0.000000
vt 0.941884 0.053019 0.000000
vt 2.052655 0.024688 0.000000
vt 2.051565 0.032904 0.000000
vt 1.777682 0.039764 0.000000
vt 2.050520 0.041148 0.000000
vt 2.049528 0.049399 0.000000
vt 1.777682 0.053019 0.000000
vt 2.048593 0.057663 0.000000
vt 2.047723 0.065930 0.000000
vt 1.499082 0.053019 0.000000
vt -2.679909 0.053019 0.000000
vt -2.401310 0.053019 0.000000
vt -7.137500 0.000000 0.000000
vt 0.941884 0.013255 0.000000
vt 0.663284 0.013255 0.000000
vt 0.384685 0.013255 0.000000
vt 0.384685 0.026510 0.000000
vt 0.663284 0.026510 0.000000
vt -0.451114 0.026510 0.000000
vt -0.451114 0.039764 0.000000
vt -0.451114 0.053019 0.000000
vt -1.008312 0.013255 0.000000
vt -1.286912 0.013255 0.000000
vt -1.565511 0.013255 0.000000
vt -1.565511 0.026510 0.000000
vt -1.286912 0.026510 0.000000
vt -2.401310 0.026510 0.000000
vt -2.401310 0.039764 0.000000
vt -2.958508 0.013255 0.000000
vt -3.237108 0.013255 0.000000
vt -3.515707 0.013255 0.000000
vt -3.515707 0.026510 0.000000
vt -3.237108 0.026510 0.000000
vt -4.351506 0.026510 0.000000
vt -4.351506 0.039764 0.000000
vt -4.351506 0.053019 0.000000
vt -4.630105 0.026510 0.000000
vt -4.630105 0.039764 0.000000
vt -4.630105 0.053019 0.000000
vt -5.187304 0.013255 0.000000
vt -5.465903 0.013255 0.000000
vt -5.744503 0.013255 0.000000
vt -5.744503 0.026510 0.000000
vt -5.465903 0.026510 0.000000
vt -6.580301 0.026510 0.000000
vt -6.580301 0.039764 0.000000
vt 0.384685 0.039764 0.000000
vt -0.729713 0.039764 0.000000
vt -1.008312 0.053019 0.000000
vt -1.565511 0.039764 0.000000
vt -2.679909 0.039764 0.000000
vt -2.958508 0.053019 0.000000
vt -3.515707 0.039764 0.000000
vt -4.908704 0.039764 0.000000
vt -5.187304 0.053019 0.000000
vt -5.744503 0.039764 0.000000
vt -0.729713 0.053019 0.000000
vt -4.908704 0.053019 0.000000
vt 9.185188 0.048503 0.000000
vt 9.209951 0.073245 0.000000
vt 0.000000 0.048503 0.000000
vt 9.202509 0.099650 0.000000
vt 9.200000 0.126970 0.000000
vt 9.195144 0.049508 0.000000
vt 9.222078 0.048637 0.000000
vt 9.200000 0.400000 0.000000
vt 0.000000 0.400000 0.000000
vt 0.074493 -0.024756 0.000000
vt 0.074493 -0.000000 0.000000
vt 0.062079 -0.024756 0.000000
vt 0.062079 0.000000 0.000000
vt 0.049662 -0.000000 0.000000
vt 0.049662 -0.024756 0.000000
vt 0.037247 -0.000000 0.000000
vt 0.037247 -0.024756 0.000000
vt 0.024831 -0.000000 0.000000
vt 0.024831 -0.024756 0.000000
vt 0.012414 0.000000 0.000000
vt 0.012414 -0.024756 0.000000
vt 0.000000 -0.000000 0.000000
vt 0.000000 -0.024756 0.000000
vt 0.074988 -0.097582 0.000000
vt 0.074643 -0.097571 0.000000
vt 0.074988 -0.100798 0.000000
vt 0.065470 -0.099196 0.000000
vt 0.062491 -0.100798 0.000000
vt 0.055952 -0.099196 0.000000
vt 0.049992 -0.100798 0.000000
vt 0.049992 -0.099196 0.000000
vt 0.040474 -0.099196 0.000000
vt 0.049729 -0.096319 0.000000
vt 0.041459 -0.095563 0.000000
vt 0.066328 -0.097263 0.000000
vt 0.058021 -0.096860 0.000000
vt 0.033245 -0.094451 0.000000
vt 0.030956 -0.099196 0.000000
vt 0.037494 -0.100798 0.000000
vt 0.024996 -0.100798 0.000000
vt 0.011920 -0.095033 0.000000
vt 0.011920 -0.099196 0.000000
vt 0.000000 -0.100798 0.000000
vt 0.012497 -0.100798 0.000000
vt 0.030956 -0.095033 0.000000
vt 0.025073 -0.092657 0.000000
vt 0.011920 -0.090870 0.000000
vt 0.005227 -0.086157 0.000000
vt 0.011920 -0.086234 0.000000
vt 0.010168 -0.081598 0.000000
vt 0.017106 -0.089321 0.000000
vt 0.065977 0.029304 0.000000
vt 0.065977 0.040723 0.000000
vt 0.057687 0.036300 0.000000
vt 0.052782 0.040723 0.000000
vt 0.049398 0.036300 0.000000
vt 0.039586 0.040723 0.000000
vt 0.043984 0.036300 0.000000
vt 0.035695 0.036300 0.000000
vt 0.043984 0.027093 0.000000
vt 0.035695 0.027093 0.000000
vt 0.043984 0.017885 0.000000
vt 0.032988 0.017885 0.000000
vt 0.027406 0.027093 0.000000
vt 0.019116 0.027093 0.000000
vt 0.019116 0.036300 0.000000
vt 0.010827 0.036300 0.000000
vt 0.013195 0.040723 0.000000
vt 0.000000 0.040723 0.000000
vt 0.026391 0.040723 0.000000
vt 0.027406 0.036300 0.000000
vt 0.000000 0.034004 0.000000
vt 0.010827 0.027093 0.000000
vt 0.021992 0.017885 0.000000
vt 0.000000 0.026516 0.000000
vt 0.010995 0.017885 0.000000
vt 0.000000 0.017885 0.000000
vt 0.049398 0.027093 0.000000
vt 0.054982 0.017885 0.000000
vt 0.057687 0.027093 0.000000
vt 0.065977 0.017885 0.000000
vt 0.000000 0.291933 0.000000
vt 0.005955 0.291933 0.000000
vt 0.000001 0.318907 0.000000
vt 0.006549 0.305944 0.000000
vt 0.006549 0.322107 0.000000
vt 0.013200 0.305944 0.000000
vt 0.013200 0.322107 0.000000
vt 0.019851 0.305944 0.000000
vt 0.019851 0.322107 0.000000
vt 0.022304 0.305944 0.000000
vt 0.022304 0.322107 0.000000
vt 0.026040 0.305944 0.000000
vt 0.026040 0.322107 0.000000
vt 0.029777 0.327991 0.000000
vt 0.026040 0.338269 0.000000
vt 0.026040 0.347177 0.000000
vt 0.022304 0.347177 0.000000
vt 0.022304 0.364050 0.000000
vt 0.011911 0.291933 0.000000
vt 0.017866 0.291933 0.000000
vt 0.023822 0.291933 0.000000
vt 0.029777 0.291933 0.000000
vt 0.029777 0.364050 0.000000
vt 0.006549 0.338269 0.000000
vt 0.000024 0.342134 0.000000
vt 0.006549 0.347177 0.000000
vt 0.000024 0.364050 0.000000
vt 0.019851 0.364050 0.000000
vt 0.019851 0.347177 0.000000
vt 0.013200 0.364050 0.000000
vt 0.013200 0.347177 0.000000
vt 0.006549 0.364050 0.000000
vt 0.013200 0.338269 0.000000
vt 0.019851 0.338269 0.000000
vt 0.022304 0.338269 0.000000
vt 0.354509 -1.305694 0.000000
vt 0.443136 -1.305694 0.000000
vt 0.411397 -1.237310 0.000000
vt 0.469337 -1.264296 0.000000
vt 0.471290 -1.227145 0.000000
vt 0.496421 -1.220608 0.000000
vt 0.351147 -1.241998 0.000000
vt 0.290767 -1.242442 0.000000
vt 0.265882 -1.305694 0.000000
vt 0.230497 -1.239058 0.000000
vt 0.177255 -1.305694 0.000000
vt 0.170744 -1.232002 0.000000
vt 0.112035 -1.221085 0.000000
vt 0.088627 -1.305694 0.000000
vt 0.054923 -1.206308 0.000000
vt -0.000000 -1.266349 0.000000
vt -0.000000 -1.227003 0.000000
vt -0.000000 -1.187658 0.000000
vt -0.000000 -1.305694 0.000000
vt -0.142553 0.071911 0.000000
vt -0.142553 0.049034 0.000000
vt -0.124550 0.035687 0.000000
vt -0.138244 0.035689 0.000000
vt -0.136057 0.021679 0.000000
vt -0.134578 0.000000 0.000000
vt -0.112152 0.000000 0.000000
vt -0.106547 0.035684 0.000000
vt -0.089717 0.000000 0.000000
vt -0.095035 0.035682 0.000000
vt -0.077032 0.035679 0.000000
vt -0.095035 0.071911 0.000000
vt -0.071277 0.071911 0.000000
vt -0.059029 0.035677 0.000000
vt -0.047518 0.071911 0.000000
vt -0.041026 0.035674 0.000000
vt -0.023757 0.071911 0.000000
vt -0.023023 0.035671 0.000000
vt -0.000000 0.071911 0.000000
vt -0.000000 0.000000 0.000000
vt -0.022428 0.000000 0.000000
vt -0.044858 0.000000 0.000000
vt -0.067290 0.000000 0.000000
vt -0.118796 0.071911 0.000000
vt 3.336250 0.004192 0.000000
vt 3.336250 0.012557 0.000000
vt 2.579691 0.018992 0.000000
vt 3.336250 0.040024 0.000000
vt 2.579691 0.056975 0.000000
vt 3.336250 0.067491 0.000000
vt 1.823132 0.094958 0.000000
vt 3.336250 0.094958 0.000000
vt 1.823132 0.056975 0.000000
vt 1.823132 0.018992 0.000000
vt 2.579691 -0.018992 0.000000
vt 3.336250 -0.004174 0.000000
vt 3.336250 -0.012540 0.000000
vt 3.336250 -0.040013 0.000000
vt 2.579691 -0.056975 0.000000
vt 3.336250 -0.067485 0.000000
vt 3.336250 -0.094958 0.000000
vt 1.823132 -0.094958 0.000000
vt 1.823132 -0.056975 0.000000
vt 1.823132 -0.018992 0.000000
vt 0.019229 -0.379526 0.000000
vt 0.018685 -0.348894 0.000000
vt 0.000000 -0.379526 0.000000
vt 0.018685 -0.318262 0.000000
vt 0.000002 -0.236955 0.000000
vt 0.018685 -0.256997 0.000000
vt 0.018685 -0.195733 0.000000
vt 0.030039 -0.256997 0.000000
vt 0.030039 -0.195733 0.000000
vt 0.041392 -0.256997 0.000000
vt 0.041392 -0.195733 0.000000
vt 0.052746 -0.256997 0.000000
vt 0.052746 -0.195733 0.000000
vt 0.064100 -0.256997 0.000000
vt 0.064100 -0.195733 0.000000
vt 0.072037 -0.256997 0.000000
vt 0.072037 -0.195733 0.000000
vt 0.084093 -0.256997 0.000000
vt 0.084093 -0.195733 0.000000
vt 0.096150 -0.189376 0.000000
vt 0.084093 -0.165101 0.000000
vt 0.084093 -0.134469 0.000000
vt 0.072037 -0.134469 0.000000
vt 0.072037 -0.100658 0.000000
vt 0.064100 -0.100658 0.000000
vt 0.064100 -0.066847 0.000000
vt 0.052746 -0.066847 0.000000
vt 0.052746 -0.033037 0.000000
vt 0.041392 -0.033037 0.000000
vt 0.041392 0.000774 0.000000
vt 0.038461 -0.379526 0.000000
vt 0.030039 -0.348894 0.000000
vt 0.030039 -0.318262 0.000000
vt 0.041392 -0.348894 0.000000
vt 0.057689 -0.379526 0.000000
vt 0.052746 -0.348894 0.000000
vt 0.064100 -0.348894 0.000000
vt 0.052746 -0.318262 0.000000
vt 0.064100 -0.318262 0.000000
vt 0.076921 -0.379526 0.000000
vt 0.072037 -0.348894 0.000000
vt 0.072037 -0.318262 0.000000
vt 0.084093 -0.348894 0.000000
vt 0.096150 -0.379526 0.000000
vt 0.084093 -0.318262 0.000000
vt 0.096150 -0.284451 0.000000
vt 0.096150 0.000774 0.000000
vt 0.084093 -0.033037 0.000000
vt 0.084093 -0.066847 0.000000
vt 0.084093 -0.100658 0.000000
vt 0.072037 -0.066847 0.000000
vt 0.018685 -0.165101 0.000000
vt 0.000001 -0.113563 0.000000
vt 0.018685 -0.134469 0.000000
vt 0.018685 -0.100658 0.000000
vt 0.030039 -0.134469 0.000000
vt 0.030039 -0.100658 0.000000
vt 0.041392 -0.134469 0.000000
vt 0.041392 -0.100658 0.000000
vt 0.052746 -0.134469 0.000000
vt 0.052746 -0.100658 0.000000
vt 0.064100 -0.134469 0.000000
vt 0.072037 0.000774 0.000000
vt 0.072037 -0.033037 0.000000
vt 0.064100 0.000774 0.000000
vt 0.064100 -0.033037 0.000000
vt 0.052746 0.000774 0.000000
vt 0.030039 0.000774 0.000000
vt 0.030039 -0.033037 0.000000
vt 0.018685 0.000774 0.000000
vt 0.018685 -0.033037 0.000000
vt 0.030039 -0.165101 0.000000
vt 0.041392 -0.165101 0.000000
vt 0.052746 -0.165101 0.000000
vt 0.064100 -0.165101 0.000000
vt 0.072037 -0.165101 0.000000
vt 0.018685 -0.066847 0.000000
vt 0.030039 -0.066847 0.000000
vt 0.041392 -0.066847 0.000000
vt 0.041392 -0.318262 0.000000
vt 0.000001 0.000774 0.000000
vt 1.454022 -0.274889 0.000000
vt 1.627398 -0.201037 0.000000
vt -0.778750 -0.274889 0.000000
vt 1.278750 -0.183260 0.000000
vt -0.778750 -0.183260 0.000000
vt -0.778750 -0.091630 0.000000
vt 1.278750 -0.091630 0.000000
vt -0.778750 0.000000 0.000000
vt 1.278750 0.000000 0.000000
vt -0.778750 0.091630 0.000000
vt 1.278750 0.091630 0.000000
vt -0.778750 0.183260 0.000000
vt 1.278750 0.183260 0.000000
vt -0.778750 0.274889 0.000000
vt 3.336250 0.186262 0.000000
vt 3.336250 0.274889 0.000000
vt 1.722624 -0.177154 0.000000
vt 1.823132 -0.168247 0.000000
vt 3.336250 -0.168247 0.000000
vt 3.336250 -0.079620 0.000000
vt 3.336250 0.009008 0.000000
vt 3.336250 0.097635 0.000000
vt 9.200000 0.473528 0.000000
vt 6.133333 0.443145 0.000000
vt 9.200000 0.341004 0.000000
vt 6.133333 0.295430 0.000000
vt 9.200000 0.227336 0.000000
vt 6.133333 0.147715 0.000000
vt 9.200000 0.113668 0.000000
vt 9.200000 0.000000 0.000000
vt 3.066667 0.147715 0.000000
vt -0.000000 0.000000 0.000000
vt -0.000000 0.147715 0.000000
vt -0.000000 0.295430 0.000000
vt 3.066667 0.295430 0.000000
vt -0.000000 0.443145 0.000000
vt 3.066667 0.443145 0.000000
vt -0.000000 0.590861 0.000000
vt 3.066667 0.590861 0.000000
vt -0.000000 0.738576 0.000000
vt 6.133333 0.590861 0.000000
vt 9.200000 0.606052 0.000000
vt 9.200000 0.738576 0.000000
vt 1.513118 0.126970 0.000000
vt 1.430643 0.204942 0.000000
vt 0.000000 0.126970 0.000000
vt 1.364327 0.297051 0.000000
vt 0.000000 0.400000 0.000000
vt 1.316543 0.400000 0.000000
vt -0.565685 0.000000 0.000000
vt 1.354399 0.000000 0.000000
vt -0.419458 0.018091 0.000000
vt 1.344067 0.003840 0.000000
vt 1.334826 0.009850 0.000000
vt -0.282049 0.071275 0.000000
vt 1.327127 0.017739 0.000000
vt 1.321344 0.027123 0.000000
vt 1.317758 0.037547 0.000000
vt 1.316543 0.048503 0.000000
vt -0.161744 0.156343 0.000000
vt -0.065799 0.268166 0.000000
vt 1.316543 0.400000 0.000000
vt 0.000000 0.400000 0.000000
vt 4.600000 0.658271 0.000000
vt -4.600000 0.658271 0.000000
vt 4.600000 -0.658271 0.000000
vt -4.600000 -0.658271 0.000000
vt 4.475000 -0.175272 0.000000
vt 4.475000 2.057500 0.000000
vt -4.725000 -0.175272 0.000000
vt -4.725000 2.095357 0.000000
vt 4.470144 2.095357 0.000000
vt 4.474458 2.070241 0.000000
vt 4.472835 2.082891 0.000000
vt 0.000000 0.400000 0.000000
vt -3.400000 0.400000 0.000000
vt 0.000000 0.000000 0.000000
vt -3.400000 0.000000 0.000000
vt -0.000000 0.400000 0.000000
vt -1.300000 0.400000 0.000000
vt 0.000000 0.000000 0.000000
vt -1.300000 0.000000 0.000000
vt -0.000000 0.400000 0.000000
vt -3.400000 0.400000 0.000000
vt -0.000000 0.000000 0.000000
vt -3.400000 0.000000 0.000000
vt -0.000000 0.400000 0.000000
vt -1.300000 0.400000 0.000000
vt -0.000000 0.000000 0.000000
vt -1.300000 0.000000 0.000000
vt 0.157080 -0.330153 0.000000
vt 0.143990 -0.330153 0.000000
vt 0.157080 -0.360167 0.000000
vt 0.143990 -0.360167 0.000000
vt 0.157080 0.360167 0.000000
vt 0.143990 0.360167 0.000000
vt 0.157080 0.330153 0.000000
vt 0.143990 0.330153 0.000000
vt 0.157080 0.300139 0.000000
vt 0.143990 0.300139 0.000000
vt 0.157080 0.270125 0.000000
vt 0.143990 0.270125 0.000000
vt 0.157080 0.240111 0.000000
vt 0.143990 0.240111 0.000000
vt 0.157080 0.210097 0.000000
vt 0.143990 0.210097 0.000000
vt 0.157080 0.180083 0.000000
vt 0.143990 0.180083 0.000000
vt 0.157080 0.150070 0.000000
vt 0.143990 0.150070 0.000000
vt 0.157080 0.120056 0.000000
vt 0.143990 0.120056 0.000000
vt 0.157080 0.090042 0.000000
vt 0.143990 0.090042 0.000000
vt 0.157080 0.060028 0.000000
vt 0.143990 0.060028 0.000000
vt 0.157080 0.030014 0.000000
vt 0.143990 0.030014 0.000000
vt 0.157080 0.000000 0.000000
vt 0.143990 0.000000 0.000000
vt 0.157080 -0.030014 0.000000
vt 0.143990 -0.030014 0.000000
vt 0.157080 -0.060028 0.000000
vt 0.143990 -0.060028 0.000000
vt 0.157080 -0.090042 0.000000
vt 0.143990 -0.090042 0.000000
vt 0.157080 -0.120056 0.000000
vt 0.143990 -0.120056 0.000000
vt 0.157080 -0.150070 0.000000
vt 0.143990 -0.150070 0.000000
vt 0.157080 -0.180083 0.000000
vt 0.143990 -0.180083 0.000000
vt 0.157080 -0.210097 0.000000
vt 0.143990 -0.210097 0.000000
vt 0.157080 -0.240111 0.000000
vt 0.143990 -0.240111 0.000000
vt 0.157080 -0.270125 0.000000
vt 0.143990 -0.270125 0.000000
vt 0.157080 -0.300139 0.000000
vt 0.143990 -0.300139 0.000000
vt 0.078540 0.330153 0.000000
vt 0.091630 0.330153 0.000000
vt 0.078540 0.360167 0.000000
vt 0.091630 0.360167 0.000000
vt 0.078540 -0.360167 0.000000
vt 0.091630 -0.360167 0.000000
vt 0.078540 -0.330153 0.000000
vt 0.091630 -0.330153 0.000000
vt 0.078540 -0.300139 0.000000
vt 0.091630 -0.300139 0.000000
vt 0.078540 -0.270125 0.000000
vt 0.091630 -0.270125 0.000000
vt 0.078540 -0.240111 0.000000
vt 0.091630 -0.240111 0.000000
vt 0.078540 -0.210097 0.000000
vt 0.091630 -0.210097 0.000000
vt 0.078540 -0.180083 0.000000
vt 0.091630 -0.180083 0.000000
vt 0.078540 -0.150070 0.000000
vt 0.091630 -0.150070 0.000000
vt 0.078540 -0.120056 0.000000
vt 0.091630 -0.120056 0.000000
vt 0.078540 -0.090042 0.000000
vt 0.091630 -0.090042 0.000000
vt 0.078540 -0.060028 0.000000
vt 0.091630 -0.060028 0.000000
vt 0.078540 -0.030014 0.000000
vt 0.091630 -0.030014 0.000000
vt 0.078540 0.000000 0.000000
vt 0.091630 0.000000 0.000000
vt 0.078540 0.030014 0.000000
vt 0.091630 0.030014 0.000000
vt 0.078540 0.060028 0.000000
vt 0.091630 0.060028 0.000000
vt 0.078540 0.090042 0.000000
vt 0.091630 0.090042 0.000000
vt 0.078540 0.120056 0.000000
vt 0.091630 0.120056 0.000000
vt 0.078540 0.150070 0.000000
vt 0.091630 0.150070 0.000000
vt 0.078540 0.180083 0.000000
vt 0.091630 0.180083 0.000000
vt 0.078540 0.210097 0.000000
vt 0.091630 0.210097 0.000000
vt 0.078540 0.240111 0.000000
vt 0.091630 0.240111 0.000000
vt 0.078540 0.270125 0.000000
vt 0.091630 0.270125 0.000000
vt 0.078540 0.300139 0.000000
vt 0.091630 0.300139 0.000000
vt 0.130900 0.360167 0.000000
vt 0.130900 0.330153 0.000000
vt 0.130900 0.300139 0.000000
vt 0.130900 0.270125 0.000000
vt 0.130900 0.240111 0.000000
vt 0.130900 0.210097 0.000000
vt 0.130900 0.180083 0.000000
vt 0.130900 0.150070 0.000000
vt 0.130900 0.120056 0.000000
vt 0.130900 0.090042 0.000000
vt 0.130900 0.060028 0.000000
vt 0.130900 0.030014 0.000000
vt 0.130900 0.000000 0.000000
vt 0.130900 -0.030014 0.000000
vt 0.130900 -0.060028 0.000000
vt 0.130900 -0.090042 0.000000
vt 0.130900 -0.120056 0.000000
vt 0.130900 -0.150070 0.000000
vt 0.130900 -0.180083 0.000000
vt 0.130900 -0.210097 0.000000
vt 0.130900 -0.240111 0.000000
vt 0.130900 -0.270125 0.000000
vt 0.130900 -0.300139 0.000000
vt 0.130900 -0.330153 0.000000
vt 0.130900 -0.360167 0.000000
vt 0.117810 0.360167 0.000000
vt 0.117810 0.330153 0.000000
vt 0.117810 0.300139 0.000000
vt 0.117810 0.270125 0.000000
vt 0.117810 0.240111 0.000000
vt 0.117810 0.210097 0.000000
vt 0.117810 0.180083 0.000000
vt 0.117810 0.150070 0.000000
vt 0.117810 0.120056 0.000000
vt 0.117810 0.090042 0.000000
vt 0.117810 0.060028 0.000000
vt 0.117810 0.030014 0.000000
vt 0.117810 0.000000 0.000000
vt 0.117810 -0.030014 0.000000
vt 0.117810 -0.060028 0.000000
vt 0.117810 -0.090042 0.000000
vt 0.117810 -0.120056 0.000000
vt 0.117810 -0.150070 0.000000
vt 0.117810 -0.180083 0.000000
vt 0.117810 -0.210097 0.000000
vt 0.117810 -0.240111 0.000000
vt 0.117810 -0.270125 0.000000
vt 0.117810 -0.300139 0.000000
vt 0.117810 -0.330153 0.000000
vt 0.117810 -0.360167 0.000000
vt 0.104720 0.360167 0.000000
vt 0.104720 0.330153 0.000000
vt 0.104720 0.300139 0.000000
vt 0.104720 0.270125 0.000000
vt 0.104720 0.240111 0.000000
vt 0.104720 0.210097 0.000000
vt 0.104720 0.180083 0.000000
vt 0.104720 0.150070 0.000000
vt 0.104720 0.120056 0.000000
vt 0.104720 0.090042 0.000000
vt 0.104720 0.060028 0.000000
vt 0.104720 0.030014 0.000000
vt 0.104720 0.000000 0.000000
vt 0.104720 -0.030014 0.000000
vt 0.104720 -0.060028 0.000000
vt 0.104720 -0.090042 0.000000
vt 0.104720 -0.120056 0.000000
vt 0.104720 -0.150070 0.000000
vt 0.104720 -0.180083 0.000000
vt 0.104720 -0.210097 0.000000
vt 0.104720 -0.240111 0.000000
vt 0.104720 -0.270125 0.000000
vt 0.104720 -0.300139 0.000000
vt 0.104720 -0.330153 0.000000
vt 0.104720 -0.360167 0.000000
vt 0.100000 -0.287979 0.000000
vt 0.050000 -0.287979 0.000000
vt 0.100000 -0.314159 0.000000
vt 0.050000 -0.314159 0.000000
vt 0.100000 0.314159 0.000000
vt 0.050000 0.314159 0.000000
vt 0.100000 0.287979 0.000000
vt 0.050000 0.287979 0.000000
vt 0.100000 0.261799 0.000000
vt 0.050000 0.261799 0.000000
vt 0.100000 0.235619 0.000000
vt 0.050000 0.235619 0.000000
vt 0.100000 0.209440 0.000000
vt 0.050000 0.209440 0.000000
vt 0.100000 0.183260 0.000000
vt 0.050000 0.183260 0.000000
vt 0.100000 0.157080 0.000000
vt 0.050000 0.157080 0.000000
vt 0.100000 0.130900 0.000000
vt 0.050000 0.130900 0.000000
vt 0.100000 0.104720 0.000000
vt 0.050000 0.104720 0.000000
vt 0.100000 0.078540 0.000000
vt 0.050000 0.078540 0.000000
vt 0.100000 0.052360 0.000000
vt 0.050000 0.052360 0.000000
vt 0.100000 0.026180 0.000000
vt 0.050000 0.026180 0.000000
vt 0.100000 0.000000 0.000000
vt 0.050000 0.000000 0.000000
vt 0.100000 -0.026180 0.000000
vt 0.050000 -0.026180 0.000000
vt 0.100000 -0.052360 0.000000
vt 0.050000 -0.052360 0.000000
vt 0.100000 -0.078540 0.000000
vt 0.050000 -0.078540 0.000000
vt 0.100000 -0.104720 0.000000
vt 0.050000 -0.104720 0.000000
vt 0.100000 -0.130900 0.000000
vt 0.050000 -0.130900 0.000000
vt 0.100000 -0.157080 0.000000
vt 0.050000 -0.157080 0.000000
vt 0.100000 -0.183260 0.000000
vt 0.050000 -0.183260 0.000000
vt 0.100000 -0.209440 0.000000
vt 0.050000 -0.209440 0.000000
vt 0.100000 -0.235619 0.000000
vt 0.050000 -0.235619 0.000000
vt 0.100000 -0.261799 0.000000
vt 0.050000 -0.261799 0.000000
vt -4.413074 -1.898087 0.000000
vt -4.425000 -1.807500 0.000000
vt -4.825000 -2.057500 0.000000
vt -4.425000 1.807500 0.000000
vt -4.825000 2.057500 0.000000
vt -4.413074 1.898087 0.000000
vt -4.378109 1.982500 0.000000
vt -4.322487 2.054987 0.000000
vt -4.807963 2.186909 0.000000
vt -4.250000 2.110609 0.000000
vt -4.758013 2.307500 0.000000
vt -4.165587 2.145574 0.000000
vt -4.678553 2.411053 0.000000
vt -4.575000 2.490513 0.000000
vt -4.454409 2.540463 0.000000
vt -4.325000 2.557500 0.000000
vt -4.075000 2.157500 0.000000
vt 4.075000 2.157500 0.000000
vt 4.165587 2.145574 0.000000
vt 4.423408 2.258382 0.000000
vt 4.433398 2.282500 0.000000
vt 4.449290 2.303211 0.000000
vt 4.250000 2.110609 0.000000
vt 4.423408 2.206618 0.000000
vt 4.420000 2.232500 0.000000
vt 4.322487 2.054987 0.000000
vt 4.470000 2.145898 0.000000
vt 4.449290 2.161789 0.000000
vt 4.433398 2.182500 0.000000
vt 4.378109 1.982500 0.000000
vt 4.520000 2.132500 0.000000
vt 4.494118 2.135908 0.000000
vt 4.545882 2.135908 0.000000
vt 4.413074 1.898087 0.000000
vt 4.570000 2.145898 0.000000
vt 4.425000 1.807500 0.000000
vt 4.590711 2.161789 0.000000
vt 4.606603 2.182500 0.000000
vt 4.825000 2.457500 0.000000
vt 4.616593 2.206618 0.000000
vt 4.620000 2.232500 0.000000
vt 4.616593 2.258382 0.000000
vt 4.606603 2.282500 0.000000
vt 4.590711 2.303211 0.000000
vt 4.570000 2.319103 0.000000
vt 4.545882 2.329093 0.000000
vt 4.520000 2.332500 0.000000
vt 4.725000 2.557500 0.000000
vt 4.494118 2.329093 0.000000
vt 4.470000 2.319103 0.000000
vt 4.425000 -1.807500 0.000000
vt 4.649904 -2.192500 0.000000
vt 4.825000 -2.457500 0.000000
vt 4.664889 -2.228677 0.000000
vt 4.670000 -2.267500 0.000000
vt 4.413074 -1.898087 0.000000
vt 4.595000 -2.137596 0.000000
vt 4.626066 -2.161434 0.000000
vt 4.558823 -2.122611 0.000000
vt 4.378109 -1.982500 0.000000
vt 4.520000 -2.117500 0.000000
vt 4.322487 -2.054987 0.000000
vt 4.481177 -2.122611 0.000000
vt 4.445000 -2.137596 0.000000
vt 4.250000 -2.110609 0.000000
vt 4.413934 -2.161434 0.000000
vt 4.390096 -2.192500 0.000000
vt 4.165587 -2.145574 0.000000
vt 4.375111 -2.228677 0.000000
vt 4.370000 -2.267500 0.000000
vt 4.075000 -2.157500 0.000000
vt 4.375111 -2.306323 0.000000
vt 4.390096 -2.342500 0.000000
vt 4.413934 -2.373566 0.000000
vt 4.445000 -2.397404 0.000000
vt -4.325000 -2.557500 0.000000
vt 4.725000 -2.557500 0.000000
vt -4.075000 -2.157500 0.000000
vt -4.165587 -2.145574 0.000000
vt -4.454409 -2.540463 0.000000
vt -4.575000 -2.490513 0.000000
vt -4.678553 -2.411053 0.000000
vt -4.758013 -2.307500 0.000000
vt -4.250000 -2.110609 0.000000
vt -4.807963 -2.186909 0.000000
vt -4.322487 -2.054987 0.000000
vt -4.378109 -1.982500 0.000000
vt 4.821592 2.483382 0.000000
vt 4.811602 2.507500 0.000000
vt 4.795711 2.528211 0.000000
vt 4.775000 2.544102 0.000000
vt 4.750882 2.554092 0.000000
vt 4.750882 -2.554092 0.000000
vt 4.775000 -2.544102 0.000000
vt 4.795711 -2.528211 0.000000
vt 4.811602 -2.507500 0.000000
vt 4.558823 -2.412389 0.000000
vt 4.821592 -2.483382 0.000000
vt 4.595000 -2.397404 0.000000
vt 4.626066 -2.373566 0.000000
vt 4.649904 -2.342500 0.000000
vt 4.664889 -2.306323 0.000000
vt 4.520000 -2.417500 0.000000
vt 4.481177 -2.412389 0.000000
vt 0.078540 -0.245806 0.000000
vt 0.065450 -0.245806 0.000000
vt 0.078540 -0.268152 0.000000
vt 0.065450 -0.268152 0.000000
vt 0.078540 0.268152 0.000000
vt 0.065450 0.268152 0.000000
vt 0.078540 0.245806 0.000000
vt 0.065450 0.245806 0.000000
vt 0.078540 0.223460 0.000000
vt 0.065450 0.223460 0.000000
vt 0.078540 0.201114 0.000000
vt 0.065450 0.201114 0.000000
vt 0.078540 0.178768 0.000000
vt 0.065450 0.178768 0.000000
vt 0.078540 0.156422 0.000000
vt 0.065450 0.156422 0.000000
vt 0.078540 0.134076 0.000000
vt 0.065450 0.134076 0.000000
vt 0.078540 0.111730 0.000000
vt 0.065450 0.111730 0.000000
vt 0.078540 0.089384 0.000000
vt 0.065450 0.089384 0.000000
vt 0.078540 0.067038 0.000000
vt 0.065450 0.067038 0.000000
vt 0.078540 0.044692 0.000000
vt 0.065450 0.044692 0.000000
vt 0.078540 0.022346 0.000000
vt 0.065450 0.022346 0.000000
vt 0.078540 0.000000 0.000000
vt 0.065450 0.000000 0.000000
vt 0.078540 -0.022346 0.000000
vt 0.065450 -0.022346 0.000000
vt 0.078540 -0.044692 0.000000
vt 0.065450 -0.044692 0.000000
vt 0.078540 -0.067038 0.000000
vt 0.065450 -0.067038 0.000000
vt 0.078540 -0.089384 0.000000
vt 0.065450 -0.089384 0.000000
vt 0.078540 -0.111730 0.000000
vt 0.065450 -0.111730 0.000000
vt 0.078540 -0.134076 0.000000
vt 0.065450 -0.134076 0.000000
vt 0.078540 -0.156422 0.000000
vt 0.065450 -0.156422 0.000000
vt 0.078540 -0.178768 0.000000
vt 0.065450 -0.178768 0.000000
vt 0.078540 -0.201114 0.000000
vt 0.065450 -0.201114 0.000000
vt 0.078540 -0.223460 0.000000
vt 0.065450 -0.223460 0.000000
vt -0.000000 0.245806 0.000000
vt 0.013090 0.245806 0.000000
vt -0.000000 0.268152 0.000000
vt 0.013090 0.268152 0.000000
vt -0.000000 -0.268152 0.000000
vt 0.013090 -0.268152 0.000000
vt 0.000000 -0.245806 0.000000
vt 0.013090 -0.245806 0.000000
vt 0.000000 -0.223460 0.000000
vt 0.013090 -0.223460 0.000000
vt 0.000000 -0.201114 0.000000
vt 0.013090 -0.201114 0.000000
vt 0.000000 -0.178768 0.000000
vt 0.013090 -0.178768 0.000000
vt 0.000000 -0.156422 0.000000
vt 0.013090 -0.156422 0.000000
vt 0.000000 -0.134076 0.000000
vt 0.013090 -0.134076 0.000000
vt 0.000000 -0.111730 0.000000
vt 0.013090 -0.111730 0.000000
vt 0.000000 -0.089384 0.000000
vt 0.013090 -0.089384 0.000000
vt 0.000000 -0.067038 0.000000
vt 0.013090 -0.067038 0.000000
vt 0.000000 -0.044692 0.000000
vt 0.013090 -0.044692 0.000000
vt 0.000000 -0.022346 0.000000
vt 0.013090 -0.022346 0.000000
vt 0.000000 0.000000 0.000000
vt 0.013090 0.000000 0.000000
vt 0.000000 0.022346 0.000000
vt 0.013090 0.022346 0.000000
vt 0.000000 0.044692 0.000000
vt 0.013090 0.044692 0.000000
vt 0.000000 0.067038 0.000000
vt 0.013090 0.067038 0.000000
vt 0.000000 0.089384 0.000000
vt 0.013090 0.089384 0.000000
vt 0.000000 0.111730 0.000000
vt 0.013090 0.111730 0.000000
vt -0.000000 0.134076 0.000000
vt 0.013090 0.134076 0.000000
vt -0.000000 0.156422 0.000000
vt 0.013090 0.156422 0.000000
vt -0.000000 0.178768 0.000000
vt 0.013090 0.178768 0.000000
vt -0.000000 0.201114 0.000000
vt 0.013090 0.201114 0.000000
vt -0.000000 0.223460 0.000000
vt 0.013090 0.223460 0.000000
vt 0.052360 0.268152 0.000000
vt 0.052360 0.245806 0.000000
vt 0.052360 0.223460 0.000000
vt 0.052360 0.201114 0.000000
vt 0.052360 0.178768 0.000000
vt 0.052360 0.156422 0.000000
vt 0.052360 0.134076 0.000000
vt 0.052360 0.111730 0.000000
vt 0.052360 0.089384 0.000000
vt 0.052360 0.067038 0.000000
vt 0.052360 0.044692 0.000000
vt 0.052360 0.022346 0.000000
vt 0.052360 0.000000 0.000000
vt 0.052360 -0.022346 0.000000
vt 0.052360 -0.044692 0.000000
vt 0.052360 -0.067038 0.000000
vt 0.052360 -0.089384 0.000000
vt 0.052360 -0.111730 0.000000
vt 0.052360 -0.134076 0.000000
vt 0.052360 -0.156422 0.000000
vt 0.052360 -0.178768 0.000000
vt 0.052360 -0.201114 0.000000
vt 0.052360 -0.223460 0.000000
vt 0.052360 -0.245806 0.000000
vt 0.052360 -0.268152 0.000000
vt 0.039270 0.268152 0.000000
vt 0.039270 0.245806 0.000000
vt 0.039270 0.223460 0.000000
vt 0.039270 0.201114 0.000000
vt 0.039270 0.178768 0.000000
vt 0.039270 0.156422 0.000000
vt 0.039270 0.134076 0.000000
vt 0.039270 0.111730 0.000000
vt 0.039270 0.089384 0.000000
vt 0.039270 0.067038 0.000000
vt 0.039270 0.044692 0.000000
vt 0.039270 0.022346 0.000000
vt 0.039270 0.000000 0.000000
vt 0.039270 -0.022346 0.000000
vt 0.039270 -0.044692 0.000000
vt 0.039270 -0.067038 0.000000
vt 0.039270 -0.089384 0.000000
vt 0.039270 -0.111730 0.000000
vt 0.039270 -0.134076 0.000000
vt 0.039270 -0.156422 0.000000
vt 0.039270 -0.178768 0.000000
vt 0.039270 -0.201114 0.000000
vt 0.039270 -0.223460 0.000000
vt 0.039270 -0.245806 0.000000
vt 0.039270 -0.268152 0.000000
vt 0.026180 0.268152 0.000000
vt 0.026180 0.245806 0.000000
vt 0.026180 0.223460 0.000000
vt 0.026180 0.201114 0.000000
vt 0.026180 0.178768 0.000000
vt 0.026180 0.156422 0.000000
vt 0.026180 0.134076 0.000000
vt 0.026180 0.111730 0.000000
vt 0.026180 0.089384 0.000000
vt 0.026180 0.067038 0.000000
vt 0.026180 0.044692 0.000000
vt 0.026180 0.022346 0.000000
vt 0.026180 0.000000 0.000000
vt 0.026180 -0.022346 0.000000
vt 0.026180 -0.044692 0.000000
vt 0.026180 -0.067038 0.000000
vt 0.026180 -0.089384 0.000000
vt 0.026180 -0.111730 0.000000
vt 0.026180 -0.134076 0.000000
vt 0.026180 -0.156422 0.000000
vt 0.026180 -0.178768 0.000000
vt 0.026180 -0.201114 0.000000
vt 0.026180 -0.223460 0.000000
vt 0.026180 -0.245806 0.000000
vt 0.026180 -0.268152 0.000000
vt 0.000000 0.287979 0.000000
vt 0.050000 0.287979 0.000000
vt 0.000000 0.314159 0.000000
vt 0.050000 0.314159 0.000000
vt 0.000000 -0.314159 0.000000
vt 0.050000 -0.314159 0.000000
vt 0.000000 -0.287979 0.000000
vt 0.050000 -0.287979 0.000000
vt 0.000000 -0.261799 0.000000
vt 0.050000 -0.261799 0.000000
vt 0.000000 -0.235619 0.000000
vt 0.050000 -0.235619 0.000000
vt 0.000000 -0.209440 0.000000
vt 0.050000 -0.209440 0.000000
vt 0.000000 -0.183260 0.000000
vt 0.050000 -0.183260 0.000000
vt 0.000000 -0.157080 0.000000
vt 0.050000 -0.157080 0.000000
vt -0.000000 -0.130900 0.000000
vt 0.050000 -0.130900 0.000000
vt -0.000000 -0.104720 0.000000
vt 0.050000 -0.104720 0.000000
vt -0.000000 -0.078540 0.000000
vt 0.050000 -0.078540 0.000000
vt -0.000000 -0.052360 0.000000
vt 0.050000 -0.052360 0.000000
vt 0.000000 -0.026180 0.000000
vt 0.050000 -0.026180 0.000000
vt 0.000000 0.000000 0.000000
vt 0.050000 0.000000 0.000000
vt 0.000000 0.026180 0.000000
vt 0.050000 0.026180 0.000000
vt 0.000000 0.052360 0.000000
vt 0.050000 0.052360 0.000000
vt 0.000000 0.078540 0.000000
vt 0.050000 0.078540 0.000000
vt 0.000000 0.104720 0.000000
vt 0.050000 0.104720 0.000000
vt 0.000000 0.130900 0.000000
vt 0.050000 0.130900 0.000000
vt 0.000000 0.157080 0.000000
vt 0.050000 0.157080 0.000000
vt 0.000000 0.183260 0.000000
vt 0.050000 0.183260 0.000000
vt 0.000000 0.209440 0.000000
vt 0.050000 0.209440 0.000000
vt 0.000000 0.235619 0.000000
vt 0.050000 0.235619 0.000000
vt 0.000000 0.261799 0.000000
vt 0.050000 0.261799 0.000000
vt -0.048296 -0.012941 0.000000
vt 0.048296 -0.012941 0.000000
vt -0.050000 0.000000 0.000000
vt 0.050000 0.000000 0.000000
vt -0.048296 0.012941 0.000000
vt 0.048296 0.012941 0.000000
vt -0.043301 0.025000 0.000000
vt 0.043301 0.025000 0.000000
vt -0.035355 0.035355 0.000000
vt 0.035355 0.035355 0.000000
vt -0.025000 0.043301 0.000000
vt 0.025000 0.043301 0.000000
vt -0.012941 0.048296 0.000000
vt 0.012941 0.048296 0.000000
vt 0.000000 0.050000 0.000000
vt 0.043301 -0.025000 0.000000
vt -0.043301 -0.025000 0.000000
vt 0.035355 -0.035355 0.000000
vt -0.035355 -0.035355 0.000000
vt 0.025000 -0.043301 0.000000
vt -0.025000 -0.043301 0.000000
vt 0.012941 -0.048296 0.000000
vt -0.012941 -0.048296 0.000000
vt 0.000000 -0.050000 0.000000
vt -0.096593 -0.025882 0.000000
vt 0.096593 -0.025882 0.000000
vt -0.100000 0.000000 0.000000
vt 0.100000 0.000000 0.000000
vt -0.096593 0.025882 0.000000
vt 0.096593 0.025882 0.000000
vt -0.086603 0.050000 0.000000
vt 0.086603 0.050000 0.000000
vt -0.070711 0.070711 0.000000
vt 0.070711 0.070711 0.000000
vt -0.050000 0.086603 0.000000
vt 0.050000 0.086603 0.000000
vt -0.025882 0.096593 0.000000
vt 0.025882 0.096593 0.000000
vt 0.000000 0.100000 0.000000
vt 0.086603 -0.050000 0.000000
vt -0.086603 -0.050000 0.000000
vt 0.070711 -0.070711 0.000000
vt -0.070711 -0.070711 0.000000
vt 0.050000 -0.086603 0.000000
vt -0.050000 -0.086603 0.000000
vt 0.025882 -0.096593 0.000000
vt -0.025882 -0.096593 0.000000
vt 0.000000 -0.100000 0.000000
vt 1.500000 0.274889 0.000000
vt 0.000000 0.274889 0.000000
vt 1.500000 0.183260 0.000000
vt -0.000000 0.183260 0.000000
vt 1.500000 0.091630 0.000000
vt 0.000000 0.091630 0.000000
vt 1.500000 0.000000 0.000000
vt 0.000000 0.000000 0.000000
vt 1.500000 -0.091630 0.000000
vt -0.000000 -0.091630 0.000000
vt 1.500000 -0.183260 0.000000
vt -0.000000 -0.183260 0.000000
vt 1.500000 -0.274889 0.000000
vt 0.000000 -0.274889 0.000000
vt -4.165587 2.145574 0.000000
vt -4.250000 2.110609 0.000000
vt -4.075000 2.157500 0.000000
vt -4.322487 2.054987 0.000000
vt -4.378109 1.982500 0.000000
vt -4.413074 1.898087 0.000000
vt -4.425000 1.807500 0.000000
vt 4.425000 1.807500 0.000000
vt 4.425000 -1.807500 0.000000
vt -4.425000 -1.807500 0.000000
vt 4.075000 -2.157500 0.000000
vt -4.075000 -2.157500 0.000000
vt -4.413074 -1.898087 0.000000
vt -4.378109 -1.982500 0.000000
vt -4.322487 -2.054987 0.000000
vt -4.250000 -2.110609 0.000000
vt -4.165587 -2.145574 0.000000
vt 4.165587 -2.145574 0.000000
vt 4.250000 -2.110609 0.000000
vt 4.322487 -2.054987 0.000000
vt 4.378109 -1.982500 0.000000
vt 4.413074 -1.898087 0.000000
vt 4.075000 2.157500 0.000000
vt 4.413074 1.898087 0.000000
vt 4.378109 1.982500 0.000000
vt 4.322487 2.054987 0.000000
vt 4.250000 2.110609 0.000000
vt 4.165587 2.145574 0.000000
vt 3.890000 1.400000 0.000000
vt 3.965000 1.500000 0.000000
vt 0.490000 1.400000 0.000000
vt 0.350000 1.500000 0.000000
vt 0.490000 0.100000 0.000000
vt 0.350000 0.000000 0.000000
vt 3.965000 0.000000 0.000000
vt 3.890000 0.100000 0.000000
vt 1.500000 0.274889 0.000000
vt 0.000000 0.274889 0.000000
vt 1.500000 0.183260 0.000000
vt 0.000000 0.183260 0.000000
vt 1.500000 0.091630 0.000000
vt -0.000000 0.091630 0.000000
vt 1.500000 0.000000 0.000000
vt -0.000000 0.000000 0.000000
vt 1.500000 -0.091630 0.000000
vt -0.000000 -0.091630 0.000000
vt 1.500000 -0.183260 0.000000
vt 0.000000 -0.183260 0.000000
vt 1.500000 -0.274889 0.000000
vt 0.000000 -0.274889 0.000000
vt 0.350000 0.000000 0.000000
vt 3.965000 0.000000 0.000000
vt 0.350000 1.500000 0.000000
vt 3.965000 1.500000 0.000000
vt 1.500000 0.274889 0.000000
vt 0.000000 0.274889 0.000000
vt 1.500000 0.183260 0.000000
vt 0.000000 0.183260 0.000000
vt 1.500000 0.091630 0.000000
vt 0.000000 0.091630 0.000000
vt 1.500000 -0.000000 0.000000
vt 0.000000 -0.000000 0.000000
vt 1.500000 -0.091630 0.000000
vt 0.000000 -0.091630 0.000000
vt 1.500000 -0.183260 0.000000
vt 0.000000 -0.183260 0.000000
vt 1.500000 -0.274889 0.000000
vt -0.000000 -0.274889 0.000000
vt 0.350000 0.000000 0.000000
vt 8.500000 0.000000 0.000000
vt 0.350000 1.500000 0.000000
vt 8.500000 1.500000 0.000000
vt -1.500000 -0.274889 0.000000
vt -0.000000 -0.274889 0.000000
vt -1.500000 -0.183260 0.000000
vt 0.000000 -0.183260 0.000000
vt -1.500000 -0.091630 0.000000
vt -0.000000 -0.091630 0.000000
vt -1.500000 0.000000 0.000000
vt 0.000000 0.000000 0.000000
vt -1.500000 0.091630 0.000000
vt 0.000000 0.091630 0.000000
vt -1.500000 0.183260 0.000000
vt 0.000000 0.183260 0.000000
vt -1.500000 0.274889 0.000000
vt -0.000000 0.274889 0.000000
vt -1.500000 0.052360 0.000000
vt -0.953224 0.052360 0.000000
vt -1.500000 0.078540 0.000000
vt -0.406448 0.052360 0.000000
vt 0.140329 0.078540 0.000000
vt 0.140329 0.052360 0.000000
vt 0.140329 0.026180 0.000000
vt -0.406448 0.026180 0.000000
vt 0.140329 0.000000 0.000000
vt -0.406448 0.000000 0.000000
vt 0.140329 -0.026180 0.000000
vt -0.406448 -0.026180 0.000000
vt 0.140329 -0.052360 0.000000
vt -0.406448 -0.052360 0.000000
vt 0.140329 -0.078540 0.000000
vt -0.953224 -0.052360 0.000000
vt -1.500000 -0.078540 0.000000
vt -1.500000 -0.052360 0.000000
vt -1.500000 -0.026180 0.000000
vt -0.953224 -0.026180 0.000000
vt -1.500000 0.000000 0.000000
vt -0.953224 0.000000 0.000000
vt -1.500000 0.026180 0.000000
vt -0.953224 0.026180 0.000000
vt 0.315581 -0.078540 0.000000
vt 0.321888 -0.078540 0.000000
vt 0.315581 -0.052360 0.000000
vt 0.321888 -0.052360 0.000000
vt 0.315581 -0.026180 0.000000
vt 0.321888 -0.026180 0.000000
vt 0.315581 -0.000000 0.000000
vt 0.321888 -0.000000 0.000000
vt 0.315581 0.026180 0.000000
vt 0.321888 0.026180 0.000000
vt 0.315581 0.052360 0.000000
vt 0.321888 0.052360 0.000000
vt 0.315581 0.078540 0.000000
vt 0.321888 0.078540 0.000000
vt 0.314159 -1.769942 0.000000
vt 0.340339 -1.769942 0.000000
vt 0.314159 -1.614960 0.000000
vt 0.340339 -1.614960 0.000000
vt 0.314159 -1.459979 0.000000
vt 0.340339 -1.459979 0.000000
vt 0.314159 -1.304997 0.000000
vt 0.340339 -1.304997 0.000000
vt 0.314159 -1.150016 0.000000
vt 0.340339 -1.150016 0.000000
vt 0.366519 -1.304997 0.000000
vt 0.366519 -1.150016 0.000000
vt 0.392699 -1.304997 0.000000
vt 0.392699 -1.150016 0.000000
vt 0.418879 -1.304997 0.000000
vt 0.418879 -1.150016 0.000000
vt 0.445059 -1.304997 0.000000
vt 0.445059 -1.150016 0.000000
vt 0.471239 -1.304997 0.000000
vt 0.471239 -1.150016 0.000000
vt 0.366519 -1.769942 0.000000
vt 0.366519 -1.614960 0.000000
vt 0.366519 -1.459979 0.000000
vt 0.392699 -1.769942 0.000000
vt 0.392699 -1.614960 0.000000
vt 0.392699 -1.459979 0.000000
vt 0.418879 -1.769942 0.000000
vt 0.418879 -1.614960 0.000000
vt 0.418879 -1.459979 0.000000
vt 0.445059 -1.769942 0.000000
vt 0.445059 -1.614960 0.000000
vt 0.445059 -1.459979 0.000000
vt 0.471239 -1.769942 0.000000
vt 0.471239 -1.614960 0.000000
vt 0.471239 -1.459979 0.000000
vt 3.374107 -0.052360 0.000000
vt 2.850267 -0.052360 0.000000
vt 3.374107 -0.078540 0.000000
vt 2.326428 -0.052360 0.000000
vt 1.103478 -0.078540 0.000000
vt 1.802589 -0.052360 0.000000
vt 1.278750 -0.052360 0.000000
vt 1.278750 -0.026180 0.000000
vt 0.754911 -0.026180 0.000000
vt 0.754911 0.000000 0.000000
vt 0.231072 0.000000 0.000000
vt 0.231072 0.026180 0.000000
vt -0.292768 0.026180 0.000000
vt -0.292768 0.052360 0.000000
vt -0.816607 0.052360 0.000000
vt -0.816607 0.078540 0.000000
vt 0.231072 0.052360 0.000000
vt 0.754911 0.052360 0.000000
vt 0.754911 0.026180 0.000000
vt 1.278750 0.026180 0.000000
vt 1.278750 0.000000 0.000000
vt 1.802589 0.000000 0.000000
vt 1.802589 -0.026180 0.000000
vt 2.326428 -0.026180 0.000000
vt 2.850267 -0.026180 0.000000
vt 3.374107 -0.026180 0.000000
vt 2.850267 0.000000 0.000000
vt 3.374107 0.000000 0.000000
vt 2.850267 0.026180 0.000000
vt 3.374107 0.026180 0.000000
vt 2.850267 0.052360 0.000000
vt 3.374107 0.052360 0.000000
vt 3.374107 0.078540 0.000000
vt 1.278750 0.052360 0.000000
vt 1.802589 0.052360 0.000000
vt 2.326428 0.052360 0.000000
vt 2.326428 0.026180 0.000000
vt -0.816607 0.026180 0.000000
vt -0.292768 0.000000 0.000000
vt 0.231072 -0.026180 0.000000
vt 0.754911 -0.052360 0.000000
vt -0.816607 0.000000 0.000000
vt -0.292768 -0.026180 0.000000
vt 0.231072 -0.052360 0.000000
vt -0.816607 -0.026180 0.000000
vt -0.292768 -0.052360 0.000000
vt -0.816607 -0.078540 0.000000
vt -0.816607 -0.052360 0.000000
vt 2.326428 0.000000 0.000000
vt 1.802589 0.026180 0.000000
vt 0.314159 1.150016 0.000000
vt 0.340339 1.150016 0.000000
vt 0.314159 1.304997 0.000000
vt 0.340339 1.304997 0.000000
vt 0.314159 1.459979 0.000000
vt 0.340339 1.459979 0.000000
vt 0.314159 1.614960 0.000000
vt 0.340339 1.614960 0.000000
vt 0.314159 1.769942 0.000000
vt 0.340339 1.769942 0.000000
vt 0.366519 1.614960 0.000000
vt 0.366519 1.769942 0.000000
vt 0.392699 1.614960 0.000000
vt 0.392699 1.769942 0.000000
vt 0.418879 1.614960 0.000000
vt 0.418879 1.769942 0.000000
vt 0.445059 1.614960 0.000000
vt 0.445059 1.769942 0.000000
vt 0.471239 1.614960 0.000000
vt 0.471239 1.769942 0.000000
vt 0.366519 1.150016 0.000000
vt 0.366519 1.304997 0.000000
vt 0.366519 1.459979 0.000000
vt 0.392699 1.150016 0.000000
vt 0.392699 1.304997 0.000000
vt 0.392699 1.459979 0.000000
vt 0.418879 1.150016 0.000000
vt 0.418879 1.304997 0.000000
vt 0.418879 1.459979 0.000000
vt 0.445059 1.150016 0.000000
vt 0.445059 1.304997 0.000000
vt 0.445059 1.459979 0.000000
vt 0.471239 1.150016 0.000000
vt 0.471239 1.304997 0.000000
vt 0.471239 1.459979 0.000000
vt -0.627261 0.078540 0.000000
vt -0.633568 0.078540 0.000000
vt -0.627261 0.052360 0.000000
vt -0.633568 0.052360 0.000000
vt -0.627261 0.026180 0.000000
vt -0.633568 0.026180 0.000000
vt -0.627261 -0.000000 0.000000
vt -0.633568 -0.000000 0.000000
vt -0.627261 -0.026180 0.000000
vt -0.633568 -0.026180 0.000000
vt -0.627261 -0.052360 0.000000
vt -0.633568 -0.052360 0.000000
vt -0.627261 -0.078540 0.000000
vt -0.633568 -0.078540 0.000000
vt 1.500000 -0.052360 0.000000
vt 0.953224 -0.052360 0.000000
vt 1.500000 -0.078540 0.000000
vt 0.406448 -0.052360 0.000000
vt -0.140329 -0.078540 0.000000
vt -0.140329 -0.052360 0.000000
vt -0.140329 -0.026180 0.000000
vt 0.406448 -0.026180 0.000000
vt -0.140329 -0.000000 0.000000
vt 0.406448 -0.000000 0.000000
vt -0.140329 0.026180 0.000000
vt 0.406448 0.026180 0.000000
vt -0.140329 0.052360 0.000000
vt 0.406448 0.052360 0.000000
vt -0.140329 0.078540 0.000000
vt 0.953224 0.052360 0.000000
vt 1.500000 0.078540 0.000000
vt 1.500000 0.052360 0.000000
vt 1.500000 0.026180 0.000000
vt 0.953224 0.026180 0.000000
vt 1.500000 -0.000000 0.000000
vt 0.953224 -0.000000 0.000000
vt 1.500000 -0.026180 0.000000
vt 0.953224 -0.026180 0.000000
vt -0.000000 0.000000 0.000000
vt -0.000000 -0.022753 0.000000
vt 0.022440 -0.011820 0.000000
vt 0.025870 -0.022753 0.000000
vt 0.044435 -0.024920 0.000000
vt 0.025870 -0.045507 0.000000
vt 0.051739 -0.045507 0.000000
vt 0.051739 -0.068260 0.000000
vt 0.065346 -0.041038 0.000000
vt 0.077609 -0.068260 0.000000
vt 0.083988 -0.062944 0.000000
vt 0.077609 -0.091013 0.000000
vt 0.097993 -0.094526 0.000000
vt 0.077609 -0.113767 0.000000
vt 0.103478 -0.136520 0.000000
vt 0.077609 -0.136520 0.000000
vt 0.051739 -0.113767 0.000000
vt 0.051739 -0.136520 0.000000
vt 0.025870 -0.113767 0.000000
vt 0.025870 -0.136520 0.000000
vt -0.000000 -0.113767 0.000000
vt -0.000000 -0.136520 0.000000
vt -0.000000 -0.045507 0.000000
vt 0.025870 -0.068260 0.000000
vt -0.000000 -0.068260 0.000000
vt 0.025870 -0.091013 0.000000
vt -0.000000 -0.091013 0.000000
vt 0.051739 -0.091013 0.000000
vt 0.047876 0.065871 0.000000
vt 0.037546 0.092018 0.000000
vt 0.033689 0.067321 0.000000
vt 0.015342 0.077783 0.000000
vt 0.009119 0.067321 0.000000
vt -0.007153 0.064511 0.000000
vt 0.009119 0.042624 0.000000
vt -0.015451 0.042624 0.000000
vt 0.009119 0.017927 0.000000
vt -0.015451 0.017927 0.000000
vt 0.009119 -0.006771 0.000000
vt -0.015451 -0.006771 0.000000
vt 0.009119 -0.031468 0.000000
vt -0.015451 -0.031468 0.000000
vt 0.009119 -0.056165 0.000000
vt -0.015451 -0.056165 0.000000
vt -0.002310 -0.062290 0.000000
vt -0.024732 -0.053340 0.000000
vt -0.040021 -0.031468 0.000000
vt -0.040021 -0.006771 0.000000
vt -0.064591 -0.006771 0.000000
vt -0.064591 0.017927 0.000000
vt -0.071639 0.015109 0.000000
vt -0.051266 0.035091 0.000000
vt -0.040021 0.017927 0.000000
vt -0.040021 0.042624 0.000000
vt -0.029516 0.050800 0.000000
vt -0.089161 -0.012791 0.000000
vt -0.068616 -0.030715 0.000000
vt -0.064591 -0.031468 0.000000
vt -0.046935 -0.043304 0.000000
vt 0.020130 -0.071146 0.000000
vt 0.033689 -0.056165 0.000000
vt 0.033689 -0.031468 0.000000
vt 0.033689 -0.006771 0.000000
vt 0.033689 0.017927 0.000000
vt 0.033689 0.042624 0.000000
vt 0.042398 -0.080862 0.000000
vt 0.051471 -0.053621 0.000000
vt 0.056999 -0.024063 0.000000
vt 0.058259 0.006790 0.000000
vt 0.055068 0.037259 0.000000
vt -0.015342 0.077783 0.000000
vt -0.037546 0.092018 0.000000
vt -0.033689 0.067321 0.000000
vt -0.047876 0.065871 0.000000
vt -0.033689 0.042624 0.000000
vt -0.055068 0.037259 0.000000
vt -0.033689 0.017927 0.000000
vt -0.058259 0.006790 0.000000
vt -0.033689 -0.006771 0.000000
vt -0.056999 -0.024063 0.000000
vt -0.033689 -0.031468 0.000000
vt -0.051471 -0.053621 0.000000
vt -0.033689 -0.056165 0.000000
vt -0.042398 -0.080862 0.000000
vt -0.020130 -0.071146 0.000000
vt -0.009119 -0.056165 0.000000
vt 0.002310 -0.062290 0.000000
vt 0.015451 -0.056165 0.000000
vt 0.024732 -0.053340 0.000000
vt 0.015451 -0.031468 0.000000
vt 0.040021 -0.031468 0.000000
vt 0.015451 -0.006771 0.000000
vt 0.040021 -0.006771 0.000000
vt 0.015451 0.017927 0.000000
vt 0.040021 0.017927 0.000000
vt 0.015451 0.042624 0.000000
vt 0.040021 0.042624 0.000000
vt 0.029516 0.050800 0.000000
vt 0.051266 0.035091 0.000000
vt 0.064591 0.017927 0.000000
vt 0.064591 -0.006771 0.000000
vt 0.071639 0.015109 0.000000
vt 0.089161 -0.012791 0.000000
vt 0.068616 -0.030715 0.000000
vt 0.064591 -0.031468 0.000000
vt 0.046935 -0.043304 0.000000
vt 0.007153 0.064511 0.000000
vt -0.009119 0.042624 0.000000
vt -0.009119 0.017927 0.000000
vt -0.009119 -0.006771 0.000000
vt -0.009119 -0.031468 0.000000
vt -0.009119 0.067321 0.000000
vt -0.000000 0.000000 0.000000
vt 0.022440 0.011820 0.000000
vt -0.000000 0.022753 0.000000
vt 0.025870 0.022753 0.000000
vt -0.000000 0.045507 0.000000
vt 0.025870 0.045507 0.000000
vt -0.000000 0.068260 0.000000
vt 0.025870 0.068260 0.000000
vt -0.000000 0.091013 0.000000
vt 0.025870 0.091013 0.000000
vt -0.000000 0.113767 0.000000
vt 0.025870 0.113767 0.000000
vt -0.000000 0.136520 0.000000
vt 0.025870 0.136520 0.000000
vt 0.051739 0.113767 0.000000
vt 0.051739 0.136520 0.000000
vt 0.077609 0.113767 0.000000
vt 0.077609 0.136520 0.000000
vt 0.103478 0.136520 0.000000
vt 0.097993 0.094526 0.000000
vt 0.077609 0.091013 0.000000
vt 0.077609 0.068260 0.000000
vt 0.051739 0.091013 0.000000
vt 0.051739 0.068260 0.000000
vt 0.044435 0.024920 0.000000
vt 0.051739 0.045507 0.000000
vt 0.065346 0.041038 0.000000
vt 0.083988 0.062944 0.000000
vt -0.100000 0.203867 0.000000
vt -3.245217 0.203867 0.000000
vt -0.100000 0.055568 0.000000
vt -6.390434 0.203867 0.000000
vt -9.369343 0.123907 0.000000
vt -9.424875 0.172747 0.000000
vt -9.468004 0.230206 0.000000
vt -9.499383 0.293247 0.000000
vt -6.390434 0.352166 0.000000
vt -9.520592 0.359362 0.000000
vt -9.533976 0.427065 0.000000
vt -6.390434 0.501020 0.000000
vt -9.535651 0.464371 0.000000
vt -9.529312 0.501297 0.000000
vt -9.515017 0.536507 0.000000
vt -9.493247 0.568716 0.000000
vt -9.464893 0.596819 0.000000
vt -9.431041 0.619887 0.000000
vt -9.392961 0.637367 0.000000
vt -9.351934 0.648764 0.000000
vt -3.245217 0.500743 0.000000
vt -0.100000 0.648764 0.000000
vt -0.100000 0.500465 0.000000
vt -3.245217 0.352166 0.000000
vt -0.100000 0.352166 0.000000
vt -9.302961 0.086671 0.000000
vt -9.228558 0.063451 0.000000
vt -9.150000 0.055568 0.000000
vt 9.550000 0.516033 0.000000
vt 0.354856 0.516033 0.000000
vt 9.550000 0.509726 0.000000
vt 0.298066 0.509726 0.000000
vt -7.137500 0.048287 0.000000
vt -6.626659 0.048287 0.000000
vt -7.137500 0.072431 0.000000
vt -6.115817 0.048287 0.000000
vt -5.604976 0.048287 0.000000
vt -5.604976 0.024144 0.000000
vt -5.094134 0.024144 0.000000
vt -5.094134 0.000000 0.000000
vt -4.583293 0.000000 0.000000
vt -4.583293 -0.024144 0.000000
vt -4.072452 -0.024144 0.000000
vt -4.072452 -0.048287 0.000000
vt -3.561610 -0.048287 0.000000
vt -7.137500 -0.072431 0.000000
vt -3.050769 -0.048287 0.000000
vt -2.539928 -0.048287 0.000000
vt -3.050769 -0.024144 0.000000
vt -2.539928 -0.024144 0.000000
vt -3.050769 0.000000 0.000000
vt -2.539928 0.000000 0.000000
vt -3.050769 0.024144 0.000000
vt -2.539928 0.024144 0.000000
vt -3.050769 0.048287 0.000000
vt -2.539928 0.048287 0.000000
vt 2.057644 0.072431 0.000000
vt -2.029086 0.048287 0.000000
vt -1.518245 0.048287 0.000000
vt -1.518245 0.024144 0.000000
vt -1.007404 0.024144 0.000000
vt -1.007404 -0.000000 0.000000
vt -0.496562 -0.000000 0.000000
vt -0.496562 -0.024144 0.000000
vt 0.014279 -0.024144 0.000000
vt 0.014279 -0.048287 0.000000
vt 0.525120 -0.048287 0.000000
vt 2.057644 -0.072431 0.000000
vt 1.035962 -0.048287 0.000000
vt 1.546803 -0.048287 0.000000
vt 1.035962 -0.024144 0.000000
vt 1.546803 -0.024144 0.000000
vt 1.035962 -0.000000 0.000000
vt 1.546803 -0.000000 0.000000
vt 1.035962 0.024144 0.000000
vt 1.546803 0.024144 0.000000
vt 1.035962 0.048287 0.000000
vt 1.546803 0.048287 0.000000
vt 2.057644 0.048287 0.000000
vt 2.057644 0.024144 0.000000
vt 2.057644 -0.000000 0.000000
vt 2.057644 -0.024144 0.000000
vt 2.057644 -0.048287 0.000000
vt -6.626659 0.024144 0.000000
vt -7.137500 0.024144 0.000000
vt -6.626659 0.000000 0.000000
vt -7.137500 0.000000 0.000000
vt -6.626659 -0.024144 0.000000
vt -7.137500 -0.024144 0.000000
vt -6.626659 -0.048287 0.000000
vt -7.137500 -0.048287 0.000000
vt -2.029086 -0.048287 0.000000
vt -2.029086 -0.024144 0.000000
vt -2.029086 -0.000000 0.000000
vt -2.029086 0.024144 0.000000
vt -6.115817 0.024144 0.000000
vt -6.115817 0.000000 0.000000
vt -6.115817 -0.024144 0.000000
vt -6.115817 -0.048287 0.000000
vt -5.094134 0.048287 0.000000
vt -4.583293 0.048287 0.000000
vt -4.072452 0.048287 0.000000
vt -4.072452 0.024144 0.000000
vt -3.561610 0.024144 0.000000
vt -3.561610 0.000000 0.000000
vt -4.583293 0.024144 0.000000
vt -3.561610 0.048287 0.000000
vt -1.007404 0.048287 0.000000
vt -0.496562 0.048287 0.000000
vt 0.014279 0.048287 0.000000
vt 0.014279 0.024144 0.000000
vt 0.525120 0.024144 0.000000
vt 0.525120 -0.000000 0.000000
vt -0.496562 0.024144 0.000000
vt 0.525120 0.048287 0.000000
vt -5.604976 0.000000 0.000000
vt -5.094134 -0.024144 0.000000
vt -4.583293 -0.048287 0.000000
vt -4.072452 0.000000 0.000000
vt -1.518245 -0.000000 0.000000
vt -1.518245 -0.024144 0.000000
vt -1.518245 -0.048287 0.000000
vt 0.014279 -0.000000 0.000000
vt -5.604976 -0.024144 0.000000
vt -5.604976 -0.048287 0.000000
vt -3.561610 -0.024144 0.000000
vt -1.007404 -0.024144 0.000000
vt -0.496562 -0.048287 0.000000
vt 0.525120 -0.024144 0.000000
vt -5.094134 -0.048287 0.000000
vt -1.007404 -0.048287 0.000000
vt -2.057187 -0.068369 0.000000
vt 7.137500 -0.072431 0.000000
vt -2.057644 -0.064327 0.000000
vt 2.029086 -0.048287 0.000000
vt 1.518245 -0.048287 0.000000
vt 1.518245 -0.024144 0.000000
vt 1.007404 -0.024144 0.000000
vt 1.007404 0.000000 0.000000
vt 0.496562 0.000000 0.000000
vt 0.496562 0.024144 0.000000
vt -0.014279 0.024144 0.000000
vt -0.014279 0.048287 0.000000
vt -0.525120 0.048287 0.000000
vt -2.057644 0.072431 0.000000
vt -1.035962 0.048287 0.000000
vt -1.546803 0.048287 0.000000
vt -1.035962 0.024144 0.000000
vt -1.546803 0.024144 0.000000
vt -1.035962 0.000000 0.000000
vt -1.546803 0.000000 0.000000
vt -1.035962 -0.024144 0.000000
vt -1.546803 -0.024144 0.000000
vt -1.035962 -0.048287 0.000000
vt -1.546803 -0.048287 0.000000
vt -2.057644 -0.041534 0.000000
vt -2.057644 -0.018741 0.000000
vt -2.057644 0.004052 0.000000
vt -2.057644 0.026845 0.000000
vt -2.057644 0.049638 0.000000
vt -2.056281 -0.072431 0.000000
vt 7.137500 -0.048287 0.000000
vt 6.626659 -0.048287 0.000000
vt 6.115817 -0.048287 0.000000
vt 5.604976 -0.048287 0.000000
vt 5.604976 -0.024144 0.000000
vt 5.094134 -0.024144 0.000000
vt 5.094134 0.000000 0.000000
vt 4.583293 0.000000 0.000000
vt 4.583293 0.024144 0.000000
vt 4.072452 0.024144 0.000000
vt 4.072452 0.048287 0.000000
vt 3.561610 0.048287 0.000000
vt 7.137500 0.072431 0.000000
vt 3.050769 0.048287 0.000000
vt 2.539928 0.048287 0.000000
vt 3.050769 0.024144 0.000000
vt 2.539928 0.024144 0.000000
vt 3.050769 0.000000 0.000000
vt 2.539928 0.000000 0.000000
vt 3.050769 -0.024144 0.000000
vt 2.539928 -0.024144 0.000000
vt 3.050769 -0.048287 0.000000
vt 2.539928 -0.048287 0.000000
vt 6.626659 -0.024144 0.000000
vt 7.137500 -0.024144 0.000000
vt 6.626659 0.000000 0.000000
vt 7.137500 0.000000 0.000000
vt 6.626659 0.024144 0.000000
vt 7.137500 0.024144 0.000000
vt 6.626659 0.048287 0.000000
vt 7.137500 0.048287 0.000000
vt 2.029086 0.048287 0.000000
vt 2.029086 0.024144 0.000000
vt 2.029086 0.000000 0.000000
vt 2.029086 -0.024144 0.000000
vt 6.115817 -0.024144 0.000000
vt 6.115817 0.000000 0.000000
vt 6.115817 0.024144 0.000000
vt 6.115817 0.048287 0.000000
vt 5.094134 -0.048287 0.000000
vt 4.583293 -0.048287 0.000000
vt 4.072452 -0.048287 0.000000
vt 4.072452 -0.024144 0.000000
vt 3.561610 -0.024144 0.000000
vt 3.561610 0.000000 0.000000
vt 4.583293 -0.024144 0.000000
vt 3.561610 -0.048287 0.000000
vt 1.007404 -0.048287 0.000000
vt 0.496562 -0.048287 0.000000
vt -0.014279 -0.048287 0.000000
vt -0.014279 -0.024144 0.000000
vt -0.525120 -0.024144 0.000000
vt -0.525120 0.000000 0.000000
vt 0.496562 -0.024144 0.000000
vt -0.525120 -0.048287 0.000000
vt 5.604976 0.000000 0.000000
vt 5.094134 0.024144 0.000000
vt 4.583293 0.048287 0.000000
vt 4.072452 0.000000 0.000000
vt 1.518245 0.000000 0.000000
vt 1.518245 0.024144 0.000000
vt 1.518245 0.048287 0.000000
vt -0.014279 0.000000 0.000000
vt 5.604976 0.024144 0.000000
vt 5.604976 0.048287 0.000000
vt 3.561610 0.024144 0.000000
vt 1.007404 0.024144 0.000000
vt 0.496562 0.048287 0.000000
vt -0.525120 0.024144 0.000000
vt 5.094134 0.048287 0.000000
vt 1.007404 0.048287 0.000000
vt -9.550000 0.516033 0.000000
vt -9.550000 0.509726 0.000000
vt -0.354856 0.516033 0.000000
vt -0.298066 0.509726 0.000000
vt -4.725000 0.500465 0.000000
vt -1.579803 0.500743 0.000000
vt -4.725000 0.648764 0.000000
vt 1.565395 0.501021 0.000000
vt 4.567963 0.637376 0.000000
vt 4.606049 0.619916 0.000000
vt 4.639895 0.596824 0.000000
vt 4.668239 0.568704 0.000000
vt 4.690020 0.536508 0.000000
vt 4.704274 0.501298 0.000000
vt 4.710592 0.464376 0.000000
vt 4.708976 0.427065 0.000000
vt 1.565395 0.352166 0.000000
vt 4.695588 0.359333 0.000000
vt 4.674379 0.293224 0.000000
vt 1.565395 0.203867 0.000000
vt 4.642949 0.230233 0.000000
vt 4.599587 0.172785 0.000000
vt 4.544350 0.123885 0.000000
vt 4.325000 0.055568 0.000000
vt 4.477906 0.086767 0.000000
vt 4.403497 0.063583 0.000000
vt -1.579803 0.352166 0.000000
vt -4.725000 0.352166 0.000000
vt -1.579803 0.203867 0.000000
vt -4.725000 0.203867 0.000000
vt -4.725000 0.055568 0.000000
vt 4.526934 0.648764 0.000000
vt -4.725000 0.025870 0.000000
vt -4.192647 0.025870 0.000000
vt -4.725000 0.051739 0.000000
vt -3.660294 0.025870 0.000000
vt -3.127941 0.025870 0.000000
vt -3.127941 -0.000000 0.000000
vt -2.595588 -0.000000 0.000000
vt -2.595588 -0.025870 0.000000
vt -2.063235 -0.025870 0.000000
vt -4.725000 -0.051739 0.000000
vt -1.530882 -0.025870 0.000000
vt -0.998529 -0.025870 0.000000
vt -1.530882 -0.000000 0.000000
vt -0.998529 -0.000000 0.000000
vt -1.530882 0.025870 0.000000
vt -0.998529 0.025870 0.000000
vt -0.466176 0.025870 0.000000
vt 0.066176 0.025870 0.000000
vt 0.066176 -0.000000 0.000000
vt 0.598529 -0.000000 0.000000
vt 0.598529 -0.025870 0.000000
vt 1.130882 -0.025870 0.000000
vt 4.325000 -0.051739 0.000000
vt 1.663235 -0.025870 0.000000
vt 2.195588 -0.025870 0.000000
vt 1.663235 -0.000000 0.000000
vt 2.195588 -0.000000 0.000000
vt 1.663235 0.025870 0.000000
vt 2.195588 0.025870 0.000000
vt 4.325000 0.051739 0.000000
vt 2.727941 0.025870 0.000000
vt 3.260294 0.025870 0.000000
vt 3.260294 -0.000000 0.000000
vt 3.792647 -0.000000 0.000000
vt 3.792647 -0.025870 0.000000
vt 4.325000 -0.025870 0.000000
vt 3.260294 -0.025870 0.000000
vt 2.727941 -0.025870 0.000000
vt 2.727941 -0.000000 0.000000
vt -4.192647 -0.000000 0.000000
vt -4.725000 -0.000000 0.000000
vt -4.192647 -0.025870 0.000000
vt -4.725000 -0.025870 0.000000
vt -0.466176 -0.025870 0.000000
vt 0.066176 -0.025870 0.000000
vt 4.325000 -0.000000 0.000000
vt 3.792647 0.025870 0.000000
vt 4.325000 0.025870 0.000000
vt 0.598529 0.025870 0.000000
vt 1.130882 0.025870 0.000000
vt 1.130882 -0.000000 0.000000
vt -3.660294 -0.000000 0.000000
vt -3.660294 -0.025870 0.000000
vt -2.595588 0.025870 0.000000
vt -2.063235 0.025870 0.000000
vt -2.063235 -0.000000 0.000000
vt -0.466176 -0.000000 0.000000
vt -3.127941 -0.025870 0.000000
vt 4.545000 1.100000 0.000000
vt 0.500000 1.500000 0.000000
vt 4.045000 1.100000 0.000000
vt 3.445000 1.100000 0.000000
vt 3.745000 -0.100000 0.000000
vt 5.145000 1.100000 0.000000
vt 4.845000 -0.100000 0.000000
vt 5.445000 -0.100000 0.000000
vt 9.550000 -0.140329 0.000000
vt 5.945000 -0.100000 0.000000
vt 6.545000 -0.100000 0.000000
vt 6.245000 1.100000 0.000000
vt 0.500000 -0.140329 0.000000
vt 4.345000 -0.100000 0.000000
vt 2.945000 1.100000 0.000000
vt 2.345000 1.100000 0.000000
vt 2.645000 -0.100000 0.000000
vt 3.245000 -0.100000 0.000000
vt 2.145000 -0.100000 0.000000
vt 6.745000 1.100000 0.000000
vt 9.550000 1.500000 0.000000
vt 5.645000 1.100000 0.000000
vt 7.345000 1.100000 0.000000
vt 7.045000 -0.100000 0.000000
vt 7.645000 -0.100000 0.000000
vt 8.145000 -0.100000 0.000000
vt 8.745000 -0.100000 0.000000
vt 8.445000 1.100000 0.000000
vt 8.945000 1.100000 0.000000
vt 7.845000 1.100000 0.000000
vt 9.245000 -0.100000 0.000000
vt 1.845000 1.100000 0.000000
vt 1.245000 1.100000 0.000000
vt 1.545000 -0.100000 0.000000
vt 0.745000 1.100000 0.000000
vt 1.045000 -0.100000 0.000000
vt -0.000000 0.412542 0.000000
vt -0.021604 0.412542 0.000000
vt -0.000000 0.360974 0.000000
vt -0.021056 0.356856 0.000000
vt -0.000000 0.309406 0.000000
vt -0.021056 0.301170 0.000000
vt -0.000000 0.257839 0.000000
vt -0.021056 0.245485 0.000000
vt -0.000000 0.206271 0.000000
vt -0.021056 0.189799 0.000000
vt -0.000000 0.154703 0.000000
vt -0.021056 0.142349 0.000000
vt -0.000000 0.103135 0.000000
vt -0.021056 0.094899 0.000000
vt -0.000000 0.051568 0.000000
vt -0.021056 0.047450 0.000000
vt -0.000000 0.000000 0.000000
vt -0.021603 0.000000 0.000000
vt -0.037397 0.047450 0.000000
vt -0.043210 0.000000 0.000000
vt -0.053738 0.047450 0.000000
vt -0.064815 0.000000 0.000000
vt -0.070079 0.047450 0.000000
vt -0.086421 0.000000 0.000000
vt -0.086421 0.047450 0.000000
vt -0.096949 0.047450 0.000000
vt -0.096949 0.094899 0.000000
vt -0.113290 0.094899 0.000000
vt -0.113290 0.142349 0.000000
vt -0.129631 0.103135 0.000000
vt -0.129631 0.154703 0.000000
vt -0.113290 0.189799 0.000000
vt -0.129631 0.206271 0.000000
vt -0.113290 0.245485 0.000000
vt -0.129631 0.257839 0.000000
vt -0.113290 0.301170 0.000000
vt -0.129631 0.309406 0.000000
vt -0.113290 0.356856 0.000000
vt -0.129631 0.360974 0.000000
vt -0.129631 0.412542 0.000000
vt -0.108027 0.412542 0.000000
vt -0.096949 0.356856 0.000000
vt -0.086421 0.412542 0.000000
vt -0.086421 0.356856 0.000000
vt -0.070079 0.356856 0.000000
vt -0.070079 0.301170 0.000000
vt -0.053738 0.301170 0.000000
vt -0.053738 0.245485 0.000000
vt -0.037397 0.245485 0.000000
vt -0.037397 0.189799 0.000000
vt -0.037397 0.356856 0.000000
vt -0.043210 0.412542 0.000000
vt -0.053738 0.356856 0.000000
vt -0.064815 0.412542 0.000000
vt -0.129631 0.051568 0.000000
vt -0.113290 0.047450 0.000000
vt -0.108027 0.000000 0.000000
vt -0.129631 0.000000 0.000000
vt -0.096949 0.301170 0.000000
vt -0.096949 0.245485 0.000000
vt -0.096949 0.189799 0.000000
vt -0.096949 0.142349 0.000000
vt -0.086421 0.301170 0.000000
vt -0.086421 0.245485 0.000000
vt -0.086421 0.189799 0.000000
vt -0.086421 0.142349 0.000000
vt -0.086421 0.094899 0.000000
vt -0.037397 0.301170 0.000000
vt -0.070079 0.245485 0.000000
vt -0.053738 0.189799 0.000000
vt -0.037397 0.142349 0.000000
vt -0.070079 0.189799 0.000000
vt -0.070079 0.142349 0.000000
vt -0.070079 0.094899 0.000000
vt -0.053738 0.142349 0.000000
vt -0.037397 0.094899 0.000000
vt -0.053738 0.094899 0.000000
vt -0.000000 0.589935 0.000000
vt -0.000000 0.674211 0.000000
vt -0.017600 0.576826 0.000000
vt -0.026838 0.674211 0.000000
vt -0.031093 0.576826 0.000000
vt -0.044585 0.576826 0.000000
vt -0.031093 0.479441 0.000000
vt -0.044585 0.479441 0.000000
vt -0.031093 0.382056 0.000000
vt -0.044585 0.382056 0.000000
vt -0.031093 0.284671 0.000000
vt -0.044585 0.284671 0.000000
vt -0.031093 0.142335 0.000000
vt -0.044585 0.142335 0.000000
vt -0.035785 0.000000 0.000000
vt -0.053678 0.000000 0.000000
vt -0.058078 0.142335 0.000000
vt -0.071570 0.142335 0.000000
vt -0.071570 0.284671 0.000000
vt -0.080370 0.284671 0.000000
vt -0.080370 0.382056 0.000000
vt -0.093863 0.382056 0.000000
vt -0.093863 0.479441 0.000000
vt -0.107356 0.421382 0.000000
vt -0.107356 0.505658 0.000000
vt -0.093863 0.576826 0.000000
vt -0.107356 0.589935 0.000000
vt -0.107356 0.674211 0.000000
vt -0.080517 0.674211 0.000000
vt -0.080370 0.576826 0.000000
vt -0.071570 0.576826 0.000000
vt -0.071570 0.479441 0.000000
vt -0.058078 0.479441 0.000000
vt -0.058078 0.382056 0.000000
vt -0.053678 0.674211 0.000000
vt -0.058078 0.576826 0.000000
vt -0.107356 0.337106 0.000000
vt -0.093863 0.284671 0.000000
vt -0.080370 0.142335 0.000000
vt -0.071570 0.000000 0.000000
vt -0.107356 0.252829 0.000000
vt -0.093863 0.142335 0.000000
vt -0.107356 0.168553 0.000000
vt -0.107356 0.084276 0.000000
vt -0.089464 0.000000 0.000000
vt -0.107356 0.000000 0.000000
vt -0.017891 0.000000 0.000000
vt -0.000000 0.000000 0.000000
vt -0.017600 0.142335 0.000000
vt -0.000000 0.084276 0.000000
vt -0.000000 0.168553 0.000000
vt -0.000000 0.252829 0.000000
vt -0.017600 0.284671 0.000000
vt -0.000000 0.337106 0.000000
vt -0.017600 0.382056 0.000000
vt -0.000000 0.421382 0.000000
vt -0.017600 0.479441 0.000000
vt -0.000000 0.505658 0.000000
vt -0.080370 0.479441 0.000000
vt -0.071570 0.382056 0.000000
vt -0.058078 0.284671 0.000000
vt -0.100000 -0.025870 0.000000
vt -0.632353 -0.025870 0.000000
vt -0.100000 -0.051739 0.000000
vt -1.164706 -0.025870 0.000000
vt -1.697059 -0.025870 0.000000
vt -1.697059 -0.000000 0.000000
vt -2.229412 -0.000000 0.000000
vt -2.229412 0.025870 0.000000
vt -2.761765 0.025870 0.000000
vt -0.100000 0.051739 0.000000
vt -3.294118 0.025870 0.000000
vt -3.826471 0.025870 0.000000
vt -3.294118 -0.000000 0.000000
vt -3.826471 -0.000000 0.000000
vt -3.294118 -0.025870 0.000000
vt -3.826471 -0.025870 0.000000
vt -4.358823 -0.025870 0.000000
vt -4.891176 -0.025870 0.000000
vt -4.891176 -0.000000 0.000000
vt -5.423529 -0.000000 0.000000
vt -5.423529 0.025870 0.000000
vt -5.955882 0.025870 0.000000
vt -9.150000 0.051739 0.000000
vt -6.488235 0.025870 0.000000
vt -7.020588 0.025870 0.000000
vt -6.488235 -0.000000 0.000000
vt -7.020588 -0.000000 0.000000
vt -6.488235 -0.025870 0.000000
vt -7.020588 -0.025870 0.000000
vt -9.150000 -0.051739 0.000000
vt -7.552941 -0.025870 0.000000
vt -8.085294 -0.025870 0.000000
vt -8.085294 -0.000000 0.000000
vt -8.617647 -0.000000 0.000000
vt -8.617647 0.025870 0.000000
vt -9.150000 0.025870 0.000000
vt -8.085294 0.025870 0.000000
vt -7.552941 0.025870 0.000000
vt -7.552941 -0.000000 0.000000
vt -0.632353 -0.000000 0.000000
vt -0.100000 -0.000000 0.000000
vt -0.632353 0.025870 0.000000
vt -0.100000 0.025870 0.000000
vt -4.358823 0.025870 0.000000
vt -4.891176 0.025870 0.000000
vt -9.150000 -0.000000 0.000000
vt -8.617647 -0.025870 0.000000
vt -9.150000 -0.025870 0.000000
vt -5.423529 -0.025870 0.000000
vt -5.955882 -0.025870 0.000000
vt -5.955882 -0.000000 0.000000
vt -1.164706 -0.000000 0.000000
vt -1.164706 0.025870 0.000000
vt -2.229412 -0.025870 0.000000
vt -2.761765 -0.025870 0.000000
vt -2.761765 -0.000000 0.000000
vt -4.358823 -0.000000 0.000000
vt -1.697059 0.025870 0.000000
vt -0.000000 0.674184 0.000000
vt -0.017891 0.674184 0.000000
vt -0.000000 0.589911 0.000000
vt -0.017609 0.505638 0.000000
vt -0.000000 0.505638 0.000000
vt -0.000000 0.421365 0.000000
vt -0.017609 0.421365 0.000000
vt -0.000000 0.337092 0.000000
vt -0.017609 0.337092 0.000000
vt -0.000000 0.252819 0.000000
vt -0.017609 0.252819 0.000000
vt -0.000000 0.168546 0.000000
vt -0.017609 0.168546 0.000000
vt -0.000000 0.084273 0.000000
vt -0.017609 0.084273 0.000000
vt -0.000000 0.000000 0.000000
vt -0.026838 0.000000 0.000000
vt -0.031099 0.084273 0.000000
vt -0.044590 0.084273 0.000000
vt -0.044590 0.168546 0.000000
vt -0.058080 0.168546 0.000000
vt -0.058080 0.252819 0.000000
vt -0.071571 0.252819 0.000000
vt -0.071571 0.337092 0.000000
vt -0.080375 0.337092 0.000000
vt -0.080375 0.421365 0.000000
vt -0.093865 0.421365 0.000000
vt -0.093865 0.505638 0.000000
vt -0.107356 0.505638 0.000000
vt -0.107356 0.589911 0.000000
vt -0.089464 0.674184 0.000000
vt -0.107356 0.674184 0.000000
vt -0.031099 0.505638 0.000000
vt -0.035785 0.674184 0.000000
vt -0.053678 0.674184 0.000000
vt -0.071571 0.674184 0.000000
vt -0.058080 0.505638 0.000000
vt -0.044590 0.505638 0.000000
vt -0.031099 0.421365 0.000000
vt -0.080375 0.505638 0.000000
vt -0.071571 0.505638 0.000000
vt -0.058080 0.421365 0.000000
vt -0.044590 0.421365 0.000000
vt -0.044590 0.337092 0.000000
vt -0.031099 0.337092 0.000000
vt -0.031099 0.252819 0.000000
vt -0.107356 0.421365 0.000000
vt -0.093865 0.337092 0.000000
vt -0.080375 0.252819 0.000000
vt -0.071571 0.168546 0.000000
vt -0.058080 0.084273 0.000000
vt -0.053678 0.000000 0.000000
vt -0.107356 0.337092 0.000000
vt -0.093865 0.252819 0.000000
vt -0.080375 0.168546 0.000000
vt -0.071571 0.084273 0.000000
vt -0.107356 0.252819 0.000000
vt -0.093865 0.168546 0.000000
vt -0.080375 0.084273 0.000000
vt -0.080518 0.000000 0.000000
vt -0.107356 0.168546 0.000000
vt -0.093865 0.084273 0.000000
vt -0.107356 0.084273 0.000000
vt -0.107356 0.000000 0.000000
vt -0.071571 0.421365 0.000000
vt -0.058080 0.337092 0.000000
vt -0.044590 0.252819 0.000000
vt -0.031099 0.168546 0.000000
vt -0.000000 0.412546 0.000000
vt -0.021603 0.412546 0.000000
vt -0.000000 0.360978 0.000000
vt -0.021081 0.335182 0.000000
vt -0.000000 0.309409 0.000000
vt -0.021081 0.293285 0.000000
vt -0.000000 0.257841 0.000000
vt -0.021081 0.251387 0.000000
vt -0.000000 0.206273 0.000000
vt -0.021081 0.209489 0.000000
vt -0.021081 0.167591 0.000000
vt -0.037416 0.209489 0.000000
vt -0.037416 0.167591 0.000000
vt -0.053751 0.209489 0.000000
vt -0.053751 0.167591 0.000000
vt -0.070086 0.209489 0.000000
vt -0.070086 0.167591 0.000000
vt -0.086421 0.209489 0.000000
vt -0.086421 0.167591 0.000000
vt -0.096961 0.209489 0.000000
vt -0.096961 0.167591 0.000000
vt -0.113296 0.209489 0.000000
vt -0.113296 0.167591 0.000000
vt -0.129631 0.206273 0.000000
vt -0.129631 0.154705 0.000000
vt -0.037416 0.335182 0.000000
vt -0.043210 0.412546 0.000000
vt -0.053751 0.335182 0.000000
vt -0.064815 0.412546 0.000000
vt -0.070086 0.335182 0.000000
vt -0.086421 0.412546 0.000000
vt -0.086421 0.335182 0.000000
vt -0.096961 0.335182 0.000000
vt -0.086421 0.293285 0.000000
vt -0.096961 0.293285 0.000000
vt -0.086421 0.251387 0.000000
vt -0.096961 0.251387 0.000000
vt -0.108028 0.412546 0.000000
vt -0.113296 0.335182 0.000000
vt -0.113296 0.293285 0.000000
vt -0.113296 0.251387 0.000000
vt -0.129631 0.412546 0.000000
vt -0.129631 0.360978 0.000000
vt -0.129631 0.309409 0.000000
vt -0.129631 0.257841 0.000000
vt -0.113296 0.125693 0.000000
vt -0.129631 0.103136 0.000000
vt -0.113296 0.083796 0.000000
vt -0.129631 0.051568 0.000000
vt -0.113296 0.041898 0.000000
vt -0.129631 0.000000 0.000000
vt -0.108027 0.000000 0.000000
vt -0.096961 0.041898 0.000000
vt -0.086421 0.000000 0.000000
vt -0.086421 0.041898 0.000000
vt -0.070086 0.041898 0.000000
vt -0.086421 0.083796 0.000000
vt -0.070086 0.083796 0.000000
vt -0.086421 0.125693 0.000000
vt -0.070086 0.125693 0.000000
vt -0.064815 0.000000 0.000000
vt -0.053751 0.041898 0.000000
vt -0.053751 0.083796 0.000000
vt -0.053751 0.125693 0.000000
vt -0.043210 0.000000 0.000000
vt -0.037416 0.041898 0.000000
vt -0.037416 0.083796 0.000000
vt -0.037416 0.125693 0.000000
vt -0.021604 0.000000 0.000000
vt -0.021081 0.041898 0.000000
vt -0.021081 0.083796 0.000000
vt -0.021081 0.125693 0.000000
vt -0.000000 0.000000 0.000000
vt -0.000000 0.051568 0.000000
vt -0.000000 0.103136 0.000000
vt -0.000000 0.154705 0.000000
vt -0.070086 0.293285 0.000000
vt -0.070086 0.251387 0.000000
vt -0.053751 0.293285 0.000000
vt -0.053751 0.251387 0.000000
vt -0.037416 0.293285 0.000000
vt -0.037416 0.251387 0.000000
vt -0.096961 0.125693 0.000000
vt -0.096961 0.083796 0.000000
vt -0.000000 0.000000 0.000000
vt -0.000000 0.071910 0.000000
vt -0.023023 0.033862 0.000000
vt -0.023757 0.071910 0.000000
vt -0.041026 0.033862 0.000000
vt -0.047518 0.071910 0.000000
vt -0.059029 0.033862 0.000000
vt -0.071277 0.071910 0.000000
vt -0.077032 0.033862 0.000000
vt -0.095035 0.071910 0.000000
vt -0.095035 0.033862 0.000000
vt -0.106547 0.033862 0.000000
vt -0.095035 0.000000 0.000000
vt -0.118796 0.000000 0.000000
vt -0.124550 0.033862 0.000000
vt -0.142553 0.000000 0.000000
vt -0.142553 0.071910 0.000000
vt -0.118797 0.071910 0.000000
vt -0.071277 0.000000 0.000000
vt -0.047518 0.000000 0.000000
vt -0.023757 0.000000 0.000000
vt 0.100000 -0.140329 0.000000
vt 0.705000 1.100000 0.000000
vt 0.100000 1.500000 0.000000
vt 1.205000 1.100000 0.000000
vt 1.805000 1.100000 0.000000
vt 1.505000 -0.100000 0.000000
vt 0.905000 -0.100000 0.000000
vt 0.405000 -0.100000 0.000000
vt 9.150000 -0.140329 0.000000
vt 4.805000 -0.100000 0.000000
vt 4.205000 -0.100000 0.000000
vt 3.705000 -0.100000 0.000000
vt 9.150000 1.500000 0.000000
vt 8.905000 1.100000 0.000000
vt 8.605000 -0.100000 0.000000
vt 8.105000 -0.100000 0.000000
vt 4.505000 1.100000 0.000000
vt 5.105000 1.100000 0.000000
vt 5.605000 1.100000 0.000000
vt 5.305000 -0.100000 0.000000
vt 5.905000 -0.100000 0.000000
vt 6.205000 1.100000 0.000000
vt 6.705000 1.100000 0.000000
vt 7.305000 1.100000 0.000000
vt 7.005000 -0.100000 0.000000
vt 6.405000 -0.100000 0.000000
vt 3.405000 1.100000 0.000000
vt 2.905000 1.100000 0.000000
vt 2.305000 1.100000 0.000000
vt 2.605000 -0.100000 0.000000
vt 2.005000 -0.100000 0.000000
vt 3.105000 -0.100000 0.000000
vt 4.005000 1.100000 0.000000
vt 7.805000 1.100000 0.000000
vt 8.405000 1.100000 0.000000
vt 7.505000 -0.100000 0.000000
vt 0.549779 1.147330 0.000000
vt 0.549779 1.181134 0.000000
vt 0.471290 1.173621 0.000000
vt 0.549779 1.214939 0.000000
vt 0.458149 1.248743 0.000000
vt 0.549779 1.248743 0.000000
vt 0.411394 1.183339 0.000000
vt 0.366519 1.248743 0.000000
vt 0.351133 1.187816 0.000000
vt 0.290764 1.188249 0.000000
vt 0.274889 1.248743 0.000000
vt 0.230504 1.185025 0.000000
vt 0.183260 1.248743 0.000000
vt 0.170745 1.178262 0.000000
vt 0.091630 1.248743 0.000000
vt 0.112006 1.167863 0.000000
vt 0.054880 1.153750 0.000000
vt -0.000000 1.211114 0.000000
vt -0.000000 1.173485 0.000000
vt -0.000000 1.248743 0.000000
vt -0.000000 1.135855 0.000000
vt 0.140329 -0.392699 0.000000
vt 0.145020 -0.293859 0.000000
vt -1.500000 -0.392699 0.000000
vt -1.500000 -0.261799 0.000000
vt 0.159387 -0.196499 0.000000
vt -1.500000 -0.130900 0.000000
vt 0.184090 -0.102466 0.000000
vt -1.500000 0.000000 0.000000
vt 0.219457 -0.013894 0.000000
vt 0.265173 0.066843 0.000000
vt -1.500000 0.130900 0.000000
vt 0.319919 0.138430 0.000000
vt 0.382071 0.199721 0.000000
vt -1.500000 0.261799 0.000000
vt 0.450000 0.250697 0.000000
vt 0.450000 0.298031 0.000000
vt 0.450000 0.345365 0.000000
vt -1.500000 0.392699 0.000000
vt 0.450000 0.392699 0.000000
vt 0.825000 0.100000 0.000000
vt 0.825000 1.400000 0.000000
vt 0.500000 1.500000 0.000000
vt 4.225000 1.400000 0.000000
vt 4.615000 1.500000 0.000000
vt 4.225000 0.100000 0.000000
vt 4.615000 -0.450000 0.000000
vt 0.500000 -0.450000 0.000000
vt 0.450000 -0.298031 0.000000
vt 0.450000 -0.250697 0.000000
vt -1.500000 -0.261799 0.000000
vt 0.382061 -0.199665 0.000000
vt -1.500000 -0.130900 0.000000
vt 0.319912 -0.138391 0.000000
vt 0.265204 -0.066813 0.000000
vt -1.500000 0.000000 0.000000
vt 0.219589 0.014204 0.000000
vt 0.184082 0.102476 0.000000
vt -1.500000 0.130900 0.000000
vt 0.159377 0.196496 0.000000
vt -1.500000 0.261799 0.000000
vt 0.144993 0.293885 0.000000
vt -1.500000 0.392699 0.000000
vt 0.140329 0.392699 0.000000
vt 0.450000 -0.345365 0.000000
vt -1.500000 -0.392699 0.000000
vt 0.450000 -0.392699 0.000000
vt 0.000000 0.000000 0.000000
vt 0.500000 0.000000 0.000000
vt 0.000000 0.200000 0.000000
vt 0.500000 0.200000 0.000000
vt 0.000000 0.000000 0.000000
vt 1.236932 0.000000 0.000000
vt 0.000000 0.200000 0.000000
vt 1.236932 0.200000 0.000000
vt 0.000000 0.000000 0.000000
vt 0.500000 0.000000 0.000000
vt 0.000000 0.200000 0.000000
vt 0.500000 0.200000 0.000000
vt 0.000000 0.000000 0.000000
vt 1.236932 0.000000 0.000000
vt 0.000000 0.200000 0.000000
vt 1.236932 0.200000 0.000000
vt -0.600000 -0.400000 0.000000
vt 0.600000 -0.100000 0.000000
vt -0.600000 0.100000 0.000000
vt 0.600000 0.400000 0.000000
vt 0.000000 0.000000 0.000000
vt 0.500000 0.000000 0.000000
vt 0.000000 0.200000 0.000000
vt 0.500000 0.200000 0.000000
vt 0.000000 0.000000 0.000000
vt 1.236932 0.000000 0.000000
vt 0.000000 0.200000 0.000000
vt 1.236932 0.200000 0.000000
vt 0.000000 0.000000 0.000000
vt 0.500000 0.000000 0.000000
vt 0.000000 0.200000 0.000000
vt 0.500000 0.200000 0.000000
vt 0.000000 0.000000 0.000000
vt 1.236932 0.000000 0.000000
vt 0.000000 0.200000 0.000000
vt 1.236932 0.200000 0.000000
vt -0.600000 -0.400000 0.000000
vt 0.600000 -0.100000 0.000000
vt -0.600000 0.100000 0.000000
vt 0.600000 0.400000 0.000000
vt 0.000000 0.000000 0.000000
vt 0.500000 0.000000 0.000000
vt 0.000000 0.200000 0.000000
vt 0.500000 0.200000 0.000000
vt 0.000000 0.000000 0.000000
vt 1.236932 0.000000 0.000000
vt 0.000000 0.200000 0.000000
vt 1.236932 0.200000 0.000000
vt 0.000000 0.000000 0.000000
vt 0.500000 0.000000 0.000000
vt 0.000000 0.200000 0.000000
vt 0.500000 0.200000 0.000000
vt 0.000000 0.000000 0.000000
vt 1.236932 0.000000 0.000000
vt 0.000000 0.200000 0.000000
vt 1.236932 0.200000 0.000000
vt -0.600000 -0.400000 0.000000
vt 0.600000 -0.100000 0.000000
vt -0.600000 0.100000 0.000000
vt 0.600000 0.400000 0.000000
vt 0.000000 0.000000 0.000000
vt 0.500000 0.000000 0.000000
vt 0.000000 0.200000 0.000000
vt 0.500000 0.200000 0.000000
vt 0.000000 0.000000 0.000000
vt 1.236932 0.000000 0.000000
vt 0.000000 0.200000 0.000000
vt 1.236932 0.200000 0.000000
vt 0.000000 0.000000 0.000000
vt 0.500000 0.000000 0.000000
vt 0.000000 0.200000 0.000000
vt 0.500000 0.200000 0.000000
vt 0.000000 0.000000 0.000000
vt 1.236932 0.000000 0.000000
vt 0.000000 0.200000 0.000000
vt 1.236932 0.200000 0.000000
vt -0.600000 -0.400000 0.000000
vt 0.600000 -0.100000 0.000000
vt -0.600000 0.100000 0.000000
vt 0.600000 0.400000 0.000000
vt 0.000000 0.000000 0.000000
vt 1.236932 0.000000 0.000000
vt 0.000000 0.200000 0.000000
vt 1.236932 0.200000 0.000000
vt 0.000000 0.000000 0.000000
vt 0.500000 0.000000 0.000000
vt 0.000000 0.200000 0.000000
vt 0.500000 0.200000 0.000000
vt 0.000000 0.000000 0.000000
vt 1.236932 0.000000 0.000000
vt 0.000000 0.200000 0.000000
vt 1.236932 0.200000 0.000000
vt 0.000000 0.000000 0.000000
vt 0.500000 0.000000 0.000000
vt 0.000000 0.200000 0.000000
vt 0.500000 0.200000 0.000000
vt 0.600000 0.400000 0.000000
vt -0.600000 0.100000 0.000000
vt 0.600000 -0.100000 0.000000
vt -0.600000 -0.400000 0.000000
vt 0.000000 0.000000 0.000000
vt 0.500000 0.000000 0.000000
vt 0.000000 0.200000 0.000000
vt 0.500000 0.200000 0.000000
vt 0.000000 0.000000 0.000000
vt 1.236932 0.000000 0.000000
vt 0.000000 0.200000 0.000000
vt 1.236932 0.200000 0.000000
vt 0.000000 0.000000 0.000000
vt 0.500000 0.000000 0.000000
vt 0.000000 0.200000 0.000000
vt 0.500000 0.200000 0.000000
vt 0.000000 0.000000 0.000000
vt 1.236932 0.000000 0.000000
vt 0.000000 0.200000 0.000000
vt 1.236932 0.200000 0.000000
vt -0.600000 -0.400000 0.000000
vt 0.600000 -0.100000 0.000000
vt -0.600000 0.100000 0.000000
vt 0.600000 0.400000 0.000000
vt 0.000000 0.000000 0.000000
vt 0.500000 0.000000 0.000000
vt 0.000000 0.200000 0.000000
vt 0.500000 0.200000 0.000000
vt 0.000000 0.000000 0.000000
vt 1.236932 0.000000 0.000000
vt 0.000000 0.200000 0.000000
vt 1.236932 0.200000 0.000000
vt 0.000000 0.000000 0.000000
vt 0.500000 0.000000 0.000000
vt 0.000000 0.200000 0.000000
vt 0.500000 0.200000 0.000000
vt 0.000000 0.000000 0.000000
vt 1.236932 0.000000 0.000000
vt 0.000000 0.200000 0.000000
vt 1.236932 0.200000 0.000000
vt -0.600000 -0.400000 0.000000
vt 0.600000 -0.100000 0.000000
vt -0.600000 0.100000 0.000000
vt 0.600000 0.400000 0.000000
vt 0.000000 0.000000 0.000000
vt 0.500000 0.000000 0.000000
vt 0.000000 0.200000 0.000000
vt 0.500000 0.200000 0.000000
vt 0.000000 0.000000 0.000000
vt 1.236932 0.000000 0.000000
vt 0.000000 0.200000 0.000000
vt 1.236932 0.200000 0.000000
vt 0.000000 0.000000 0.000000
vt 0.500000 0.000000 0.000000
vt 0.000000 0.200000 0.000000
vt 0.500000 0.200000 0.000000
vt 0.000000 0.000000 0.000000
vt 1.236932 0.000000 0.000000
vt 0.000000 0.200000 0.000000
vt 1.236932 0.200000 0.000000
vt -0.600000 -0.400000 0.000000
vt 0.600000 -0.100000 0.000000
vt -0.600000 0.100000 0.000000
vt 0.600000 0.400000 0.000000
vt -0.500000 0.000000 0.000000
vt -0.000000 0.000000 0.000000
vt -0.500000 0.200000 0.000000
vt -0.000000 0.200000 0.000000
vt -1.236932 0.000000 0.000000
vt -0.000000 0.000000 0.000000
vt -1.236932 0.200000 0.000000
vt -0.000000 0.200000 0.000000
vt -0.500000 0.000000 0.000000
vt -0.000000 0.000000 0.000000
vt -0.500000 0.200000 0.000000
vt -0.000000 0.200000 0.000000
vt -1.236932 0.000000 0.000000
vt -0.000000 0.000000 0.000000
vt -1.236932 0.200000 0.000000
vt -0.000000 0.200000 0.000000
vt 0.600000 -0.400000 0.000000
vt 0.600000 0.100000 0.000000
vt -0.600000 -0.100000 0.000000
vt -0.600000 0.400000 0.000000
vt -0.500000 0.000000 0.000000
vt -0.000000 0.000000 0.000000
vt -0.500000 0.200000 0.000000
vt -0.000000 0.200000 0.000000
vt -1.236932 0.000000 0.000000
vt -0.000000 0.000000 0.000000
vt -1.236932 0.200000 0.000000
vt -0.000000 0.200000 0.000000
vt -0.500000 0.000000 0.000000
vt -0.000000 0.000000 0.000000
vt -0.500000 0.200000 0.000000
vt -0.000000 0.200000 0.000000
vt -1.236932 0.000000 0.000000
vt -0.000000 0.000000 0.000000
vt -1.236932 0.200000 0.000000
vt -0.000000 0.200000 0.000000
vt 0.600000 -0.400000 0.000000
vt 0.600000 0.100000 0.000000
vt -0.600000 -0.100000 0.000000
vt -0.600000 0.400000 0.000000
vt -0.500000 0.000000 0.000000
vt -0.000000 0.000000 0.000000
vt -0.500000 0.200000 0.000000
vt -0.000000 0.200000 0.000000
vt -1.236932 0.000000 0.000000
vt -0.000000 0.000000 0.000000
vt -1.236932 0.200000 0.000000
vt -0.000000 0.200000 0.000000
vt -0.500000 0.000000 0.000000
vt -0.000000 0.000000 0.000000
vt -0.500000 0.200000 0.000000
vt -0.000000 0.200000 0.000000
vt -1.236932 0.000000 0.000000
vt -0.000000 0.000000 0.000000
vt -1.236932 0.200000 0.000000
vt -0.000000 0.200000 0.000000
vt 0.600000 -0.400000 0.000000
vt 0.600000 0.100000 0.000000
vt -0.600000 -0.100000 0.000000
vt -0.600000 0.400000 0.000000
vt -0.500000 0.000000 0.000000
vt -0.000000 0.000000 0.000000
vt -0.500000 0.200000 0.000000
vt -0.000000 0.200000 0.000000
vt -1.236932 0.000000 0.000000
vt -0.000000 0.000000 0.000000
vt -1.236932 0.200000 0.000000
vt -0.000000 0.200000 0.000000
vt -0.500000 0.000000 0.000000
vt -0.000000 0.000000 0.000000
vt -0.500000 0.200000 0.000000
vt -0.000000 0.200000 0.000000
vt -1.236932 0.000000 0.000000
vt -0.000000 0.000000 0.000000
vt -1.236932 0.200000 0.000000
vt -0.000000 0.200000 0.000000
vt 0.600000 -0.400000 0.000000
vt 0.600000 0.100000 0.000000
vt -0.600000 -0.100000 0.000000
vt -0.600000 0.400000 0.000000
vt -0.500000 0.000000 0.000000
vt -0.000000 0.000000 0.000000
vt -0.500000 0.200000 0.000000
vt -0.000000 0.200000 0.000000
vt -1.236932 0.000000 0.000000
vt -0.000000 0.000000 0.000000
vt -1.236932 0.200000 0.000000
vt -0.000000 0.200000 0.000000
vt -0.500000 0.000000 0.000000
vt -0.000000 0.000000 0.000000
vt -0.500000 0.200000 0.000000
vt -0.000000 0.200000 0.000000
vt -1.236932 0.000000 0.000000
vt -0.000000 0.000000 0.000000
vt -1.236932 0.200000 0.000000
vt -0.000000 0.200000 0.000000
vt 0.600000 -0.400000 0.000000
vt 0.600000 0.100000 0.000000
vt -0.600000 -0.100000 0.000000
vt -0.600000 0.400000 0.000000
vt -1.236932 0.000000 0.000000
vt -0.000000 0.000000 0.000000
vt -1.236932 0.200000 0.000000
vt -0.000000 0.200000 0.000000
vt -0.500000 0.000000 0.000000
vt -0.000000 0.000000 0.000000
vt -0.500000 0.200000 0.000000
vt -0.000000 0.200000 0.000000
vt -1.236932 0.000000 0.000000
vt -0.000000 0.000000 0.000000
vt -1.236932 0.200000 0.000000
vt -0.000000 0.200000 0.000000
vt -0.500000 0.000000 0.000000
vt -0.000000 0.000000 0.000000
vt -0.500000 0.200000 0.000000
vt -0.000000 0.200000 0.000000
vt -0.600000 0.400000 0.000000
vt -0.600000 -0.100000 0.000000
vt 0.600000 0.100000 0.000000
vt 0.600000 -0.400000 0.000000
vt -0.500000 0.000000 0.000000
vt -0.000000 0.000000 0.000000
vt -0.500000 0.200000 0.000000
vt -0.000000 0.200000 0.000000
vt -1.236932 0.000000 0.000000
vt -0.000000 0.000000 0.000000
vt -1.236932 0.200000 0.000000
vt -0.000000 0.200000 0.000000
vt -0.500000 0.000000 0.000000
vt -0.000000 0.000000 0.000000
vt -0.500000 0.200000 0.000000
vt -0.000000 0.200000 0.000000
vt -1.236932 0.000000 0.000000
vt -0.000000 0.000000 0.000000
vt -1.236932 0.200000 0.000000
vt -0.000000 0.200000 0.000000
vt 0.600000 -0.400000 0.000000
vt 0.600000 0.100000 0.000000
vt -0.600000 -0.100000 0.000000
vt -0.600000 0.400000 0.000000
vt -0.500000 0.000000 0.000000
vt -0.000000 0.000000 0.000000
vt -0.500000 0.200000 0.000000
vt -0.000000 0.200000 0.000000
vt -1.236932 0.000000 0.000000
vt -0.000000 0.000000 0.000000
vt -1.236932 0.200000 0.000000
vt -0.000000 0.200000 0.000000
vt -0.500000 0.000000 0.000000
vt -0.000000 0.000000 0.000000
vt -0.500000 0.200000 0.000000
vt -0.000000 0.200000 0.000000
vt -1.236932 0.000000 0.000000
vt -0.000000 0.000000 0.000000
vt -1.236932 0.200000 0.000000
vt -0.000000 0.200000 0.000000
vt 0.600000 -0.400000 0.000000
vt 0.600000 0.100000 0.000000
vt -0.600000 -0.100000 0.000000
vt -0.600000 0.400000 0.000000
vt 0.350000 0.000000 0.000000
vt 8.500000 0.000000 0.000000
vt 0.350000 1.500000 0.000000
vt 8.500000 1.500000 0.000000
vt 5.015000 1.500000 0.000000
vt 0.100000 1.500000 0.000000
vt 5.015000 -0.140329 0.000000
vt 0.100000 -0.140329 0.000000
vt 4.879083 -0.243673 0.000000
vt 0.235917 -0.243673 0.000000
vt 4.770063 -0.375080 0.000000
vt 0.344937 -0.375080 0.000000
vt 4.693589 -0.527740 0.000000
vt 0.421411 -0.527740 0.000000
vt 4.653625 -0.693740 0.000000
vt 0.461375 -0.693740 0.000000
vt 4.652856 -0.700000 0.000000
vt 0.462143 -0.700000 0.000000
vn -0.000000 -0.398354 -0.917232
vn -0.000000 -0.488539 -0.872542
vn -0.000000 -0.242865 -0.970060
vn -0.000000 -0.488539 -0.872542
vn -0.000000 -0.488539 -0.872542
vn -0.000000 -0.700080 -0.714064
vn -0.000000 -0.700080 -0.714064
vn -0.000000 -0.862710 -0.505698
vn -0.000000 -0.862710 -0.505698
vn -0.000000 -0.965067 -0.262001
vn -0.000000 -0.965067 -0.262001
vn -0.000000 -1.000000 -0.000000
vn -0.000000 -0.965067 -0.262001
vn -0.000000 -0.965067 -0.262001
vn -0.000000 -0.862710 -0.505698
vn -0.000000 -0.862710 -0.505698
vn -0.000000 -0.700080 -0.714064
vn -0.000000 -0.700080 -0.714064
vn -0.000000 -0.488539 -0.872542
vn -0.000000 -0.488539 -0.872542
vn -0.000000 -0.488539 -0.872542
vn -0.000000 -0.488539 -0.872542
vn -0.000000 -0.700080 -0.714064
vn -0.000000 -0.700080 -0.714064
vn -0.000000 -0.862710 -0.505698
vn -0.000000 -0.862710 -0.505698
vn -0.000000 -0.965067 -0.262001
vn -0.000000 -0.965067 -0.262001
vn -0.000000 -0.965067 -0.262001
vn -0.000000 -0.965067 -0.262001
vn -0.000000 -0.862710 -0.505698
vn -0.000000 -0.862710 -0.505698
vn -0.000000 -0.700080 -0.714064
vn -0.000000 -0.700080 -0.714064
vn -0.000000 -0.488539 -0.872542
vn -0.000000 -0.488539 -0.872542
vn -0.000000 -0.488539 -0.872542
vn -0.000000 -0.488539 -0.872542
vn -0.000000 -0.700080 -0.714064
vn -0.000000 -0.700080 -0.714064
vn -0.000000 -0.862710 -0.505698
vn -0.000000 -0.862710 -0.505698
vn -0.000000 -0.965067 -0.262001
vn -0.000000 -0.965067 -0.262001
vn 0.000000 -1.000000 0.000000
vn -0.000000 -0.965067 -0.262001
vn -0.000000 -0.965067 -0.262001
vn -0.000000 -0.862710 -0.505698
vn -0.000000 -0.862710 -0.505698
vn -0.000000 -0.700080 -0.714064
vn -0.000000 -0.700080 -0.714064
vn -0.000000 -0.488539 -0.872542
vn -0.000000 -0.488539 -0.872542
vn -0.000000 -0.488539 -0.872542
vn -0.000000 -0.449523 -0.893269
vn -0.000000 -0.488539 -0.872542
vn -0.000000 -0.488539 -0.872542
vn -0.000000 -0.700080 -0.714064
vn -0.000000 -0.700080 -0.714064
vn -0.000000 -0.862710 -0.505698
vn -0.000000 -0.862710 -0.505698
vn -0.000000 -0.965067 -0.262001
vn -0.000000 -0.965067 -0.262001
vn -0.000000 -0.965067 -0.262001
vn -0.000000 -0.965067 -0.262001
vn -0.000000 -0.862710 -0.505698
vn -0.000000 -0.862710 -0.505698
vn -0.000000 -0.700080 -0.714064
vn -0.000000 -0.700080 -0.714064
vn -0.000000 -0.488539 -0.872542
vn -0.000000 -0.488539 -0.872542
vn -0.000000 -0.488539 -0.872542
vn -0.000000 -0.488539 -0.872542
vn -0.000000 -0.700080 -0.714064
vn -0.000000 -0.634332 -0.773061
vn -0.000000 -0.788310 -0.615278
vn -0.000000 -0.862710 -0.505698
vn -0.000000 -0.903972 -0.427591
vn -0.000000 -0.965067 -0.262001
vn -0.000000 -0.975698 -0.219120
vn -0.000000 -0.965067 -0.262001
vn -0.000000 -0.543317 -0.839527
vn -0.000000 -0.700080 -0.714064
vn -0.000000 -0.700080 -0.714064
vn -0.000000 -0.862710 -0.505698
vn -0.000000 -0.862710 -0.505698
vn -0.000000 -0.965067 -0.262001
vn -0.000000 -0.965067 -0.262001
vn -0.000000 -0.673602 -0.739094
vn -0.000000 -0.785435 -0.618944
vn -0.000000 -0.862710 -0.505698
vn -0.000000 -0.876374 -0.481631
vn -0.000000 -0.943586 -0.331127
vn -0.000000 -0.965067 -0.262001
vn -0.000000 -0.985207 -0.171368
vn -0.000000 -0.999976 -0.006887
vn -0.000000 -0.965067 -0.262001
vn -0.000000 -0.965067 -0.262001
vn -0.000000 -0.965067 -0.262001
vn -0.000000 -0.242865 -0.970060
vn -0.000000 -0.488539 -0.872542
vn -0.000000 -0.488539 -0.872542
vn -0.000000 -0.488539 -0.872542
vn -0.000000 -0.700080 -0.714064
vn -0.000000 -0.700080 -0.714064
vn -0.000000 -0.700080 -0.714064
vn -0.000000 -0.862710 -0.505698
vn -0.000000 -0.965067 -0.262001
vn -0.000000 -0.488539 -0.872542
vn -0.000000 -0.488539 -0.872542
vn -0.000000 -0.488539 -0.872542
vn -0.000000 -0.700080 -0.714064
vn -0.000000 -0.700080 -0.714064
vn -0.000000 -0.700080 -0.714064
vn -0.000000 -0.862710 -0.505698
vn -0.000000 -0.488539 -0.872542
vn -0.000000 -0.488539 -0.872542
vn -0.000000 -0.488539 -0.872542
vn -0.000000 -0.700080 -0.714064
vn -0.000000 -0.700080 -0.714064
vn -0.000000 -0.700080 -0.714064
vn -0.000000 -0.862710 -0.505698
vn -0.000000 -0.965067 -0.262001
vn -0.000000 -0.700080 -0.714064
vn -0.000000 -0.862710 -0.505698
vn -0.000000 -0.965067 -0.262001
vn -0.000000 -0.488539 -0.872542
vn -0.000000 -0.488539 -0.872542
vn -0.000000 -0.488539 -0.872542
vn -0.000000 -0.700080 -0.714064
vn -0.000000 -0.700080 -0.714064
vn -0.000000 -0.700080 -0.714064
vn -0.000000 -0.862710 -0.505698
vn -0.000000 -0.862710 -0.505698
vn -0.000000 -0.862710 -0.505698
vn -0.000000 -0.965067 -0.262001
vn -0.000000 -0.862710 -0.505698
vn -0.000000 -0.862710 -0.505698
vn -0.000000 -0.965067 -0.262001
vn -0.000000 -0.862710 -0.505698
vn -0.000000 -0.862710 -0.505698
vn -0.000000 -0.965067 -0.262001
vn -0.000000 -0.862710 -0.505698
vn -0.000000 -0.965067 -0.262001
vn -0.000000 -0.965067 -0.262001
vn 0.000000 -1.000000 0.000000
vn 0.000000 -1.000000 0.000000
vn 0.000000 -1.000000 0.000000
vn 0.000000 -1.000000 0.000000
vn 0.000000 -1.000000 0.000000
vn 0.000000 -1.000000 0.000000
vn 0.000000 -1.000000 0.000000
vn 0.000000 -1.000000 0.000000
vn -0.015923 -0.969319 -0.245292
vn 0.000000 -0.969337 -0.245734
vn -0.000000 -0.879185 -0.476481
vn -0.030876 -0.879111 -0.475615
vn -0.000000 -0.735172 -0.677881
vn -0.043925 -0.735015 -0.676626
vn -0.000000 -0.546092 -0.837725
vn -0.054281 -0.545834 -0.836133
vn 0.000000 -0.323400 -0.946262
vn -0.061308 -0.323036 -0.944399
vn -0.000000 -0.080955 -0.996718
vn -0.064572 -0.080495 -0.994661
vn 0.001402 -0.999975 -0.006861
vn 0.018883 -0.982058 -0.187633
vn -0.000000 -0.969337 -0.245734
vn 0.036893 -0.929664 -0.366555
vn 0.047733 -0.879138 -0.474171
vn 0.063488 -0.773517 -0.630588
vn 0.133139 -0.876291 -0.463021
vn 0.199725 -0.784932 -0.586508
vn 0.037683 -0.985085 -0.167891
vn 0.080439 -0.943862 -0.320396
vn 0.286745 -0.674220 -0.680591
vn 0.076819 -0.641855 -0.762968
vn 0.000001 -0.735172 -0.677881
vn -0.000000 -0.546092 -0.837725
vn 0.337161 -0.309814 -0.889009
vn 0.095249 -0.312416 -0.945158
vn -1.000000 -0.000000 -0.000000
vn -0.000619 -0.323400 -0.946262
vn 0.272027 -0.640382 -0.718271
vn 0.410126 -0.543337 -0.732517
vn 0.553217 -0.304000 -0.775586
vn 0.783833 -0.162585 -0.599309
vn 0.758375 -0.293376 -0.582063
vn 0.902072 -0.243189 -0.356546
vn 0.603113 -0.397538 -0.691533
vn -0.107178 -0.066717 -0.991999
vn -0.148690 -0.030873 -0.988402
vn -0.177784 -0.190229 -0.965508
vn -0.226079 -0.239615 -0.944178
vn -0.218385 -0.328076 -0.919062
vn -0.291629 -0.436938 -0.850904
vn -0.242193 -0.415280 -0.876861
vn -0.274162 -0.540003 -0.795759
vn -0.161920 -0.492396 -0.855177
vn -0.177838 -0.629908 -0.756035
vn -0.054260 -0.545834 -0.836135
vn -0.044432 -0.735015 -0.676593
vn -0.189083 -0.747989 -0.636208
vn -0.193263 -0.846441 -0.496173
vn -0.318072 -0.749171 -0.581011
vn -0.329900 -0.828461 -0.452568
vn -0.375113 -0.753314 -0.540193
vn -0.388672 -0.856874 -0.338675
vn -0.342447 -0.610145 -0.714460
vn -0.299994 -0.651282 -0.697019
vn -0.300133 -0.924900 -0.233411
vn -0.193773 -0.919006 -0.343338
vn -0.030927 -0.879111 -0.475612
vn -0.173992 -0.977361 -0.120383
vn -0.016509 -0.969318 -0.245254
vn -0.149241 -0.394132 -0.906856
vn -0.061588 -0.323036 -0.944381
vn -0.125996 -0.236896 -0.963330
vn -0.064568 -0.080495 -0.994662
vn -0.375152 -0.753298 -0.540188
vn -0.502513 -0.589087 -0.632817
vn -0.437277 -0.612543 -0.658468
vn -0.455687 -0.450100 -0.767958
vn -0.382611 -0.465865 -0.797859
vn -0.397224 -0.336432 -0.853831
vn -0.310805 -0.299713 -0.901982
vn -0.329475 -0.214982 -0.919363
vn -0.280720 -0.234449 -0.930715
vn -0.302434 -0.168625 -0.938136
vn -0.231935 -0.133217 -0.963566
vn -0.259484 -0.097297 -0.960834
vn -0.226665 -0.022641 -0.973710
vn -0.278563 -0.060175 -0.958531
vn -0.286647 -0.039493 -0.957222
vn -0.307307 -0.067708 -0.949199
vn -0.300008 -0.000058 -0.953937
vn -0.342418 -0.610157 -0.714464
vn -0.291688 -0.436914 -0.850896
vn -0.226069 -0.239619 -0.944180
vn -0.299970 -0.000009 -0.953948
vn -0.422769 -0.282472 -0.861090
vn -0.445378 -0.305952 -0.841446
vn -0.389078 -0.188314 -0.901752
vn -0.300122 -0.000213 -0.953901
vn -0.300020 -0.000074 -0.953933
vn -0.320634 -0.086272 -0.943266
vn -0.300054 -0.000118 -0.953922
vn -0.355758 -0.136924 -0.924493
vn -0.300088 -0.000165 -0.953912
vn -0.377335 -0.207363 -0.902562
vn -0.327741 -0.131417 -0.935583
vn -0.308564 -0.103211 -0.945587
vn -0.529417 -0.000000 -0.848362
vn -0.300000 -0.000000 -0.953939
vn -0.379955 -0.063087 -0.922851
vn -0.226686 -0.022654 -0.973704
vn -0.218420 -0.041779 -0.974960
vn -0.531242 -0.082061 -0.843237
vn -0.666518 -0.102227 -0.738447
vn -0.725069 -0.000000 -0.688677
vn -0.780730 -0.126258 -0.611980
vn -0.874476 -0.000000 -0.485068
vn -0.869498 -0.155805 -0.468719
vn -0.929603 -0.191903 -0.314661
vn -0.968111 -0.000000 -0.250523
vn -0.959607 -0.233947 -0.156279
vn -0.995522 -0.094527 0.000000
vn -0.982129 -0.188207 0.000000
vn -0.959941 -0.280201 0.000000
vn -1.000000 -0.000000 0.000000
vn -0.148705 -0.030876 -0.988400
vn -0.103309 -0.202809 -0.973754
vn -0.107119 -0.067322 -0.991964
vn -0.064494 -0.081281 -0.994602
vn 0.000068 -0.081836 -0.996646
vn -0.000012 -0.303478 -0.952838
vn -0.095512 -0.373609 -0.922656
vn 0.000044 -0.512176 -0.858881
vn -0.088740 -0.478458 -0.873615
vn -0.075872 -0.628339 -0.774231
vn -0.178674 -0.489564 -0.853465
vn -0.143367 -0.678984 -0.720019
vn -0.060793 -0.756523 -0.651136
vn -0.100213 -0.831105 -0.547012
vn -0.043404 -0.862217 -0.504676
vn -0.051500 -0.937607 -0.343863
vn -0.024870 -0.938676 -0.343903
vn 0.000000 -0.992546 -0.121869
vn 0.000000 -0.992546 -0.121869
vn 0.000034 -0.939296 -0.343109
vn 0.000012 -0.837761 -0.546037
vn 0.000019 -0.692112 -0.721790
vn -0.204150 -0.273144 -0.940061
vn -0.789381 -0.000000 -0.613903
vn -0.753933 -0.000000 -0.656951
vn -0.725069 -0.000000 -0.688677
vn -0.621704 -0.000000 -0.783252
vn -0.529417 -0.000000 -0.848362
vn -0.468688 -0.000000 -0.883364
vn -0.300000 -0.000000 -0.953939
vn -0.529417 -0.000000 -0.848362
vn -0.725069 -0.000000 -0.688677
vn -0.874476 -0.000000 -0.485068
vn -0.822375 -0.000000 -0.568946
vn -0.852811 -0.000000 -0.522220
vn -0.933658 -0.000000 -0.358165
vn -0.968111 -0.000000 -0.250523
vn -0.983275 -0.000000 -0.182128
vn -1.000000 -0.000000 -0.000000
vn -1.000000 -0.000000 -0.000000
vn -0.968111 -0.000000 -0.250523
vn -0.874476 -0.000000 -0.485068
vn -0.968189 -0.000007 -0.250219
vn -0.942542 0.067296 -0.327239
vn -0.902402 0.121872 -0.413301
vn -0.823764 0.242399 -0.512499
vn -0.788603 0.191628 -0.584281
vn -0.637518 0.209093 -0.741519
vn -0.729551 0.167222 -0.663168
vn -0.584264 0.180812 -0.791165
vn -0.662750 0.141191 -0.735409
vn -0.527318 0.151446 -0.836062
vn -0.589620 0.113602 -0.799652
vn -0.467404 0.121136 -0.875705
vn -0.510087 0.084839 -0.855929
vn -0.404464 0.090059 -0.910109
vn -0.451222 0.064226 -0.890098
vn -0.358928 0.068004 -0.930885
vn -0.358105 0.032370 -0.933120
vn -0.288006 0.034178 -0.957019
vn -0.209422 0.000106 -0.977825
vn -0.248290 0.032233 -0.968149
vn -0.205949 0.028460 -0.978149
vn -0.254486 0.056839 -0.965405
vn -0.192749 0.045721 -0.980182
vn -0.216453 0.060713 -0.974403
vn -0.145404 0.042652 -0.988453
vn -0.168093 0.057601 -0.984087
vn -0.085112 0.029657 -0.995930
vn -0.096740 0.037431 -0.994606
vn -0.000042 0.000016 -1.000000
vn -0.874160 0.000343 -0.485637
vn -0.889330 0.059784 -0.453342
vn -0.845177 0.107577 -0.523548
vn -0.818966 0.051580 -0.571519
vn -0.725517 -0.000082 -0.688205
vn -0.734086 0.041874 -0.677764
vn -0.634705 0.031547 -0.772110
vn -0.692154 0.074475 -0.717897
vn -0.598554 0.055963 -0.799125
vn -0.529151 0.000164 -0.848528
vn -0.557781 0.024087 -0.829638
vn -0.527277 0.042560 -0.848627
vn -0.432600 0.012202 -0.901503
vn -0.412438 0.021551 -0.910731
vn -0.275721 -0.000042 -0.961238
vn -0.000018 -0.000000 -1.000000
vn -0.053293 0.008167 -0.998546
vn -0.105302 0.016215 -0.994308
vn -0.156481 0.022890 -0.987416
vn -0.129503 0.032171 -0.991057
vn -0.550706 0.199469 -0.810515
vn -0.447253 0.196119 -0.872641
vn -0.457328 0.178987 -0.871100
vn -0.348040 0.145155 -0.926174
vn -0.416215 0.153693 -0.896183
vn -0.315886 0.124321 -0.940617
vn -0.373835 0.127956 -0.918626
vn -0.283180 0.103280 -0.953489
vn -0.330454 0.101853 -0.938310
vn -0.250040 0.082069 -0.964751
vn -0.286048 0.075438 -0.955241
vn -0.000028 0.000007 -1.000000
vn -0.065493 0.016435 -0.997718
vn -0.000032 0.000009 -1.000000
vn -0.073547 0.021876 -0.997052
vn -0.000037 0.000013 -1.000000
vn -0.000047 0.000020 -1.000000
vn -0.108438 0.045189 -0.993076
vn -0.000052 0.000023 -1.000000
vn -0.120224 0.052923 -0.991335
vn -0.502759 0.171883 -0.847165
vn -0.452540 0.143532 -0.880117
vn -0.400511 0.114537 -0.909105
vn -0.346626 0.085012 -0.934143
vn -0.308016 0.064145 -0.949216
vn -0.235706 0.101934 -0.966464
vn -0.213250 0.087262 -0.973093
vn -0.190705 0.072476 -0.978968
vn -0.774349 0.091904 -0.626049
vn -0.000061 0.000029 -1.000000
vn -0.000000 -0.000000 -1.000000
vn -0.209444 -0.000000 -0.977821
vn -0.000000 -0.000000 -1.000000
vn -0.258819 -0.000000 -0.965926
vn -0.258819 -0.000000 -0.965926
vn -0.500000 -0.000000 -0.866025
vn -0.500000 -0.000000 -0.866025
vn -0.707107 -0.000000 -0.707107
vn -0.707107 -0.000000 -0.707107
vn -0.866025 -0.000000 -0.500000
vn -0.866025 -0.000000 -0.500000
vn -0.965926 -0.000000 -0.258819
vn -0.965926 -0.000000 -0.258819
vn -1.000000 -0.000000 -0.000000
vn -0.275630 -0.000000 -0.961264
vn -0.000000 0.427518 -0.904007
vn -0.000000 0.472728 -0.881208
vn -0.000000 0.615183 -0.788384
vn -0.000000 0.673235 -0.739428
vn -0.000000 0.752642 -0.658430
vn -0.000000 0.833144 -0.553057
vn -0.000000 0.863169 -0.504915
vn -0.000000 0.942809 -0.333333
vn -0.000000 0.833144 -0.553057
vn -0.000000 0.942809 -0.333333
vn -0.000000 0.833144 -0.553057
vn -0.000000 0.673235 -0.739428
vn -0.000000 0.673235 -0.739428
vn -0.000000 0.472728 -0.881208
vn -0.000000 0.472728 -0.881208
vn -0.000000 0.243712 -0.969848
vn -0.000000 0.243712 -0.969848
vn 0.000000 0.000000 -1.000000
vn -0.000000 0.243712 -0.969848
vn -0.000000 0.219081 -0.975707
vn -1.000000 -0.000000 -0.000000
vn -1.000000 -0.000000 -0.000000
vn -1.000000 -0.000000 -0.000000
vn -1.000000 -0.000000 -0.000000
vn 1.000000 -0.000000 0.000000
vn 1.000000 -0.000000 0.000000
vn 1.000000 -0.000000 0.000000
vn 1.000000 -0.000000 0.000000
vn 1.000000 -0.000000 0.000000
vn 1.000000 -0.000000 0.000000
vn 1.000000 -0.000000 0.000000
vn 1.000000 -0.000000 0.000000
vn 1.000000 -0.000000 0.000000
vn 1.000000 -0.000000 0.000000
vn 1.000000 -0.000000 0.000000
vn 1.000000 -0.000000 0.000000
vn 1.000000 -0.000000 0.000000
vn 1.000000 -0.000000 0.000000
vn 0.000000 0.000000 -1.000000
vn 0.000000 0.000000 -1.000000
vn 0.000000 0.000000 -1.000000
vn 0.000000 0.000000 -1.000000
vn 0.000000 0.000000 -1.000000
vn 0.000000 0.000000 -1.000000
vn 0.000000 0.000000 -1.000000
vn 0.000000 0.000000 -1.000000
vn -0.000000 -0.000000 1.000000
vn -0.000000 -0.000000 1.000000
vn -0.000000 -0.000000 1.000000
vn -0.000000 -0.000000 1.000000
vn -0.000000 -1.000000 0.000000
vn -0.000000 -1.000000 0.000000
vn -0.000000 -1.000000 0.000000
vn -0.000000 -1.000000 0.000000
vn -0.000000 -0.000000 -1.000000
vn -0.000000 -0.000000 -1.000000
vn -0.000000 -0.000000 -1.000000
vn -0.000000 -0.000000 -1.000000
vn 0.000000 1.000000 0.000000
vn 0.000000 1.000000 0.000000
vn 0.000000 1.000000 0.000000
vn 0.000000 1.000000 0.000000
vn -0.965926 0.258819 0.000000
vn -0.933013 0.250000 0.258819
vn -1.000000 0.000000 0.000000
vn -0.965926 0.000000 0.258819
vn -0.965926 -0.258819 0.000000
vn -0.933013 -0.250000 0.258819
vn -0.866025 -0.500000 0.000000
vn -0.836516 -0.482963 0.258819
vn -0.707107 -0.707107 0.000000
vn -0.683013 -0.683013 0.258819
vn -0.500000 -0.866025 0.000000
vn -0.482963 -0.836516 0.258819
vn -0.258819 -0.965926 0.000000
vn -0.250000 -0.933013 0.258819
vn 0.000000 -1.000000 0.000000
vn 0.000000 -0.965926 0.258819
vn 0.258819 -0.965926 0.000000
vn 0.250000 -0.933013 0.258819
vn 0.500000 -0.866025 0.000000
vn 0.482963 -0.836516 0.258819
vn 0.707107 -0.707107 0.000000
vn 0.683013 -0.683013 0.258819
vn 0.866025 -0.500000 0.000000
vn 0.836516 -0.482963 0.258819
vn 0.965926 -0.258819 0.000000
vn 0.933013 -0.250000 0.258819
vn 1.000000 -0.000000 0.000000
vn 0.965926 -0.000000 0.258819
vn 0.965926 0.258819 0.000000
vn 0.933013 0.250000 0.258819
vn 0.866025 0.500000 0.000000
vn 0.836516 0.482963 0.258819
vn 0.707107 0.707107 0.000000
vn 0.683013 0.683013 0.258819
vn 0.500000 0.866025 0.000000
vn 0.482963 0.836516 0.258819
vn 0.258819 0.965926 0.000000
vn 0.250000 0.933013 0.258819
vn 0.000000 1.000000 0.000000
vn 0.000000 0.965926 0.258819
vn -0.258819 0.965926 0.000000
vn -0.250000 0.933013 0.258819
vn -0.500000 0.866025 0.000000
vn -0.482963 0.836516 0.258819
vn -0.707107 0.707107 0.000000
vn -0.683013 0.683013 0.258819
vn -0.866025 0.500000 0.000000
vn -0.836516 0.482963 0.258819
vn 0.000000 0.000000 1.000000
vn -0.250000 -0.066987 0.965926
vn 0.000000 0.000000 1.000000
vn -0.258819 -0.000000 0.965926
vn 0.000000 -0.000000 1.000000
vn -0.250000 0.066987 0.965926
vn -0.000000 0.000000 1.000000
vn -0.224144 0.129410 0.965926
vn 0.000000 -0.000000 1.000000
vn -0.183013 0.183013 0.965926
vn -0.000000 0.000000 1.000000
vn -0.129410 0.224144 0.965926
vn 0.000000 -0.000000 1.000000
vn -0.066987 0.250000 0.965926
vn 0.000000 0.000000 1.000000
vn 0.000000 0.258819 0.965926
vn -0.000000 -0.000000 1.000000
vn 0.066987 0.250000 0.965926
vn 0.000000 0.000000 1.000000
vn 0.129410 0.224144 0.965926
vn -0.000000 -0.000000 1.000000
vn 0.183013 0.183013 0.965926
vn 0.000000 0.000000 1.000000
vn 0.224144 0.129410 0.965926
vn -0.000000 -0.000000 1.000000
vn 0.250000 0.066987 0.965926
vn -0.000000 0.000000 1.000000
vn 0.258819 -0.000000 0.965926
vn -0.000000 0.000000 1.000000
vn 0.250000 -0.066987 0.965926
vn 0.000000 -0.000000 1.000000
vn 0.224144 -0.129410 0.965926
vn -0.000000 0.000000 1.000000
vn 0.183013 -0.183013 0.965926
vn 0.000000 -0.000000 1.000000
vn 0.129410 -0.224144 0.965926
vn -0.000000 0.000000 1.000000
vn 0.066987 -0.250000 0.965926
vn 0.000000 -0.000000 1.000000
vn 0.000000 -0.258819 0.965926
vn 0.000000 0.000000 1.000000
vn -0.066987 -0.250000 0.965926
vn -0.000000 -0.000000 1.000000
vn -0.129410 -0.224144 0.965926
vn 0.000000 0.000000 1.000000
vn -0.183013 -0.183013 0.965926
vn -0.000000 -0.000000 1.000000
vn -0.224144 -0.129410 0.965926
vn -0.866025 -0.000000 0.500000
vn -0.836516 -0.224144 0.500000
vn -0.750000 -0.433013 0.500000
vn -0.612372 -0.612372 0.500000
vn -0.433013 -0.750000 0.500000
vn -0.224144 -0.836516 0.500000
vn 0.000000 -0.866025 0.500000
vn 0.224144 -0.836516 0.500000
vn 0.433013 -0.750000 0.500000
vn 0.612372 -0.612372 0.500000
vn 0.750000 -0.433013 0.500000
vn 0.836516 -0.224144 0.500000
vn 0.866025 -0.000000 0.500000
vn 0.836516 0.224144 0.500000
vn 0.750000 0.433013 0.500000
vn 0.612372 0.612372 0.500000
vn 0.433013 0.750000 0.500000
vn 0.224144 0.836516 0.500000
vn 0.000000 0.866025 0.500000
vn -0.224144 0.836516 0.500000
vn -0.433013 0.750000 0.500000
vn -0.612372 0.612372 0.500000
vn -0.750000 0.433013 0.500000
vn -0.836516 0.224144 0.500000
vn -0.707107 -0.000000 0.707107
vn -0.683013 -0.183013 0.707107
vn -0.612372 -0.353553 0.707107
vn -0.500000 -0.500000 0.707107
vn -0.353553 -0.612372 0.707107
vn -0.183013 -0.683013 0.707107
vn 0.000000 -0.707107 0.707107
vn 0.183013 -0.683013 0.707107
vn 0.353553 -0.612372 0.707107
vn 0.500000 -0.500000 0.707107
vn 0.612372 -0.353553 0.707107
vn 0.683013 -0.183013 0.707107
vn 0.707107 -0.000000 0.707107
vn 0.683013 0.183013 0.707107
vn 0.612372 0.353553 0.707107
vn 0.500000 0.500000 0.707107
vn 0.353553 0.612372 0.707107
vn 0.183013 0.683013 0.707107
vn 0.000000 0.707107 0.707107
vn -0.183013 0.683013 0.707107
vn -0.353553 0.612372 0.707107
vn -0.500000 0.500000 0.707107
vn -0.612372 0.353553 0.707107
vn -0.683013 0.183013 0.707107
vn -0.500000 -0.000000 0.866025
vn -0.482963 -0.129410 0.866025
vn -0.433013 -0.250000 0.866025
vn -0.353553 -0.353553 0.866025
vn -0.250000 -0.433013 0.866025
vn -0.129410 -0.482963 0.866025
vn 0.000000 -0.500000 0.866025
vn 0.129410 -0.482963 0.866025
vn 0.250000 -0.433013 0.866025
vn 0.353553 -0.353553 0.866025
vn 0.433013 -0.250000 0.866025
vn 0.482963 -0.129410 0.866025
vn 0.500000 -0.000000 0.866025
vn 0.482963 0.129410 0.866025
vn 0.433013 0.250000 0.866025
vn 0.353553 0.353553 0.866025
vn 0.250000 0.433013 0.866025
vn 0.129410 0.482963 0.866025
vn 0.000000 0.500000 0.866025
vn -0.129410 0.482963 0.866025
vn -0.250000 0.433013 0.866025
vn -0.353553 0.353553 0.866025
vn -0.433013 0.250000 0.866025
vn -0.482963 0.129410 0.866025
vn -0.965926 0.258819 0.000000
vn -1.000000 0.000000 0.000000
vn -0.965926 -0.258819 -0.000000
vn -0.866025 -0.500000 -0.000000
vn -0.707107 -0.707107 -0.000000
vn -0.500000 -0.866025 -0.000000
vn -0.258819 -0.965926 -0.000000
vn 0.000000 -1.000000 0.000000
vn 0.258819 -0.965926 0.000000
vn 0.500000 -0.866025 0.000000
vn 0.707107 -0.707107 0.000000
vn 0.866025 -0.500000 0.000000
vn 0.965926 -0.258819 0.000000
vn 1.000000 -0.000000 0.000000
vn 0.965926 0.258819 0.000000
vn 0.866025 0.500000 0.000000
vn 0.707107 0.707107 0.000000
vn 0.500000 0.866025 0.000000
vn 0.258819 0.965926 0.000000
vn 0.000000 1.000000 0.000000
vn -0.258819 0.965926 0.000000
vn -0.500000 0.866025 0.000000
vn -0.707107 0.707107 0.000000
vn -0.866025 0.500000 0.000000
vn 0.000000 0.000000 1.000000
vn 0.000000 0.000000 1.000000
vn 0.000000 0.000000 1.000000
vn 0.000000 0.000000 1.000000
vn 0.000000 0.000000 1.000000
vn 0.000000 0.000000 1.000000
vn 0.000000 0.000000 1.000000
vn 0.000000 0.000000 1.000000
vn 0.000000 0.000000 1.000000
vn 0.000000 0.000000 1.000000
vn 0.000000 0.000000 1.000000
vn 0.000000 0.000000 1.000000
vn 0.000000 0.000000 1.000000
vn 0.000000 0.000000 1.000000
vn 0.000000 0.000000 1.000000
vn 0.000000 0.000000 1.000000
vn 0.000000 0.000000 1.000000
vn 0.000000 0.000000 1.000000
vn 0.000000 0.000000 1.000000
vn 0.000000 0.000000 1.000000
vn 0.000000 0.000000 1.000000
vn 0.000000 0.000000 1.000000
vn 0.000000 0.000000 1.000000
vn 0.000000 0.000000 1.000000
vn 0.000000 0.000000 1.000000
vn 0.000000 0.000000 1.000000
vn 0.000000 0.000000 1.000000
vn 0.000000 0.000000 1.000000
vn 0.000000 0.000000 1.000000
vn 0.000000 0.000000 1.000000
vn 0.000000 0.000000 1.000000
vn 0.000000 0.000000 1.000000
vn 0.000000 0.000000 1.000000
vn 0.000000 0.000000 1.000000
vn 0.000000 0.000000 1.000000
vn 0.000000 0.000000 1.000000
vn 0.000000 0.000000 1.000000
vn 0.000000 0.000000 1.000000
vn 0.000000 0.000000 1.000000
vn 0.000000 0.000000 1.000000
vn 0.000000 0.000000 1.000000
vn 0.000000 0.000000 1.000000
vn 0.000000 0.000000 1.000000
vn 0.000000 0.000000 1.000000
vn 0.000000 0.000000 1.000000
vn 0.000000 0.000000 1.000000
vn 0.000000 0.000000 1.000000
vn 0.000000 0.000000 1.000000
vn 0.000000 0.000000 1.000000
vn 0.000000 0.000000 1.000000
vn 0.000000 0.000000 1.000000
vn 0.000000 0.000000 1.000000
vn 0.000000 0.000000 1.000000
vn 0.000000 0.000000 1.000000
vn 0.000000 0.000000 1.000000
vn 0.000000 0.000000 1.000000
vn 0.000000 0.000000 1.000000
vn 0.000000 0.000000 1.000000
vn 0.000000 0.000000 1.000000
vn 0.000000 0.000000 1.000000
vn 0.000000 0.000000 1.000000
vn 0.000000 0.000000 1.000000
vn 0.000000 0.000000 1.000000
vn 0.000000 0.000000 1.000000
vn 0.000000 0.000000 1.000000
vn 0.000000 0.000000 1.000000
vn 0.000000 0.000000 1.000000
vn 0.000000 0.000000 1.000000
vn 0.000000 0.000000 1.000000
vn 0.000000 0.000000 1.000000
vn 0.000000 0.000000 1.000000
vn 0.000000 0.000000 1.000000
vn 0.000000 0.000000 1.000000
vn 0.000000 0.000000 1.000000
vn 0.000000 0.000000 1.000000
vn 0.000000 0.000000 1.000000
vn 0.000000 0.000000 1.000000
vn 0.000000 0.000000 1.000000
vn 0.000000 0.000000 1.000000
vn 0.000000 0.000000 1.000000
vn -0.000000 0.000000 1.000000
vn -0.250000 0.066987 0.965926
vn 0.000000 -0.000000 1.000000
vn -0.258819 0.000000 0.965926
vn -0.000000 -0.000000 1.000000
vn -0.250000 -0.066987 0.965926
vn 0.000000 0.000000 1.000000
vn -0.224144 -0.129410 0.965926
vn 0.000000 0.000000 1.000000
vn -0.183013 -0.183013 0.965926
vn 0.000000 0.000000 1.000000
vn -0.129410 -0.224144 0.965926
vn -0.000000 -0.000000 1.000000
vn -0.066987 -0.250000 0.965926
vn 0.000000 -0.000000 1.000000
vn 0.000000 -0.258819 0.965926
vn 0.000000 -0.000000 1.000000
vn 0.066987 -0.250000 0.965926
vn -0.000000 0.000000 1.000000
vn 0.129410 -0.224144 0.965926
vn -0.000000 0.000000 1.000000
vn 0.183013 -0.183013 0.965926
vn -0.000000 0.000000 1.000000
vn 0.224144 -0.129410 0.965926
vn 0.000000 -0.000000 1.000000
vn 0.250000 -0.066987 0.965926
vn -0.000000 0.000000 1.000000
vn 0.258819 0.000000 0.965926
vn 0.000000 0.000000 1.000000
vn 0.250000 0.066987 0.965926
vn -0.000000 -0.000000 1.000000
vn 0.224144 0.129410 0.965926
vn -0.000000 -0.000000 1.000000
vn 0.183013 0.183013 0.965926
vn -0.000000 -0.000000 1.000000
vn 0.129410 0.224144 0.965926
vn 0.000000 0.000000 1.000000
vn 0.066987 0.250000 0.965926
vn 0.000000 0.000000 1.000000
vn 0.000000 0.258819 0.965926
vn -0.000000 0.000000 1.000000
vn -0.066987 0.250000 0.965926
vn 0.000000 -0.000000 1.000000
vn -0.129410 0.224144 0.965926
vn 0.000000 -0.000000 1.000000
vn -0.183013 0.183013 0.965926
vn 0.000000 -0.000000 1.000000
vn -0.224144 0.129410 0.965926
vn -0.965926 -0.258819 -0.000000
vn -0.933013 -0.250000 0.258819
vn -1.000000 -0.000000 -0.000000
vn -0.965926 -0.000000 0.258819
vn -0.965926 0.258819 0.000000
vn -0.933013 0.250000 0.258819
vn -0.866025 0.500000 0.000000
vn -0.836516 0.482963 0.258819
vn -0.707107 0.707107 0.000000
vn -0.683013 0.683013 0.258819
vn -0.500000 0.866025 0.000000
vn -0.482963 0.836516 0.258819
vn -0.258819 0.965926 0.000000
vn -0.250000 0.933013 0.258819
vn 0.000000 1.000000 0.000000
vn 0.000000 0.965926 0.258819
vn 0.258819 0.965926 0.000000
vn 0.250000 0.933013 0.258819
vn 0.500000 0.866025 0.000000
vn 0.482963 0.836516 0.258819
vn 0.707107 0.707107 0.000000
vn 0.683013 0.683013 0.258819
vn 0.866025 0.500000 0.000000
vn 0.836516 0.482963 0.258819
vn 0.965926 0.258819 0.000000
vn 0.933013 0.250000 0.258819
vn 1.000000 0.000000 0.000000
vn 0.965926 0.000000 0.258819
vn 0.965926 -0.258819 0.000000
vn 0.933013 -0.250000 0.258819
vn 0.866025 -0.500000 0.000000
vn 0.836516 -0.482963 0.258819
vn 0.707107 -0.707107 0.000000
vn 0.683013 -0.683013 0.258819
vn 0.500000 -0.866025 0.000000
vn 0.482963 -0.836516 0.258819
vn 0.258819 -0.965926 0.000000
vn 0.250000 -0.933013 0.258819
vn 0.000000 -1.000000 -0.000000
vn 0.000000 -0.965926 0.258819
vn -0.258819 -0.965926 -0.000000
vn -0.250000 -0.933013 0.258819
vn -0.500000 -0.866025 -0.000000
vn -0.482963 -0.836516 0.258819
vn -0.707107 -0.707107 -0.000000
vn -0.683013 -0.683013 0.258819
vn -0.866025 -0.500000 -0.000000
vn -0.836516 -0.482963 0.258819
vn -0.500000 -0.000000 0.866025
vn -0.482963 -0.129410 0.866025
vn -0.433013 -0.250000 0.866025
vn -0.353553 -0.353553 0.866025
vn -0.250000 -0.433013 0.866025
vn -0.129410 -0.482963 0.866025
vn 0.000000 -0.500000 0.866025
vn 0.129410 -0.482963 0.866025
vn 0.250000 -0.433013 0.866025
vn 0.353553 -0.353553 0.866025
vn 0.433013 -0.250000 0.866025
vn 0.482963 -0.129410 0.866025
vn 0.500000 0.000000 0.866025
vn 0.482963 0.129410 0.866025
vn 0.433013 0.250000 0.866025
vn 0.353553 0.353553 0.866025
vn 0.250000 0.433013 0.866025
vn 0.129410 0.482963 0.866025
vn 0.000000 0.500000 0.866025
vn -0.129410 0.482963 0.866025
vn -0.250000 0.433013 0.866025
vn -0.353553 0.353553 0.866025
vn -0.433013 0.250000 0.866025
vn -0.482963 0.129410 0.866025
vn -0.707107 -0.000000 0.707107
vn -0.683013 -0.183013 0.707107
vn -0.612372 -0.353553 0.707107
vn -0.500000 -0.500000 0.707107
vn -0.353553 -0.612372 0.707107
vn -0.183013 -0.683013 0.707107
vn 0.000000 -0.707107 0.707107
vn 0.183013 -0.683013 0.707107
vn 0.353553 -0.612372 0.707107
vn 0.500000 -0.500000 0.707107
vn 0.612372 -0.353553 0.707107
vn 0.683013 -0.183013 0.707107
vn 0.707107 0.000000 0.707107
vn 0.683013 0.183013 0.707107
vn 0.612372 0.353553 0.707107
vn 0.500000 0.500000 0.707107
vn 0.353553 0.612372 0.707107
vn 0.183013 0.683013 0.707107
vn 0.000000 0.707107 0.707107
vn -0.183013 0.683013 0.707107
vn -0.353553 0.612372 0.707107
vn -0.500000 0.500000 0.707107
vn -0.612372 0.353553 0.707107
vn -0.683013 0.183013 0.707107
vn -0.866025 -0.000000 0.500000
vn -0.836516 -0.224144 0.500000
vn -0.750000 -0.433013 0.500000
vn -0.612372 -0.612372 0.500000
vn -0.433013 -0.750000 0.500000
vn -0.224144 -0.836516 0.500000
vn 0.000000 -0.866025 0.500000
vn 0.224144 -0.836516 0.500000
vn 0.433013 -0.750000 0.500000
vn 0.612372 -0.612372 0.500000
vn 0.750000 -0.433013 0.500000
vn 0.836516 -0.224144 0.500000
vn 0.866025 0.000000 0.500000
vn 0.836516 0.224144 0.500000
vn 0.750000 0.433013 0.500000
vn 0.612372 0.612372 0.500000
vn 0.433013 0.750000 0.500000
vn 0.224144 0.836516 0.500000
vn 0.000000 0.866025 0.500000
vn -0.224144 0.836516 0.500000
vn -0.433013 0.750000 0.500000
vn -0.612372 0.612372 0.500000
vn -0.750000 0.433013 0.500000
vn -0.836516 0.224144 0.500000
vn -0.965926 -0.258819 -0.000000
vn -1.000000 -0.000000 -0.000000
vn -0.965926 0.258819 0.000000
vn -0.866025 0.500000 0.000000
vn -0.707107 0.707107 0.000000
vn -0.500000 0.866025 0.000000
vn -0.258819 0.965926 0.000000
vn 0.000000 1.000000 0.000000
vn 0.258819 0.965926 0.000000
vn 0.500000 0.866025 0.000000
vn 0.707107 0.707107 0.000000
vn 0.866025 0.500000 0.000000
vn 0.965926 0.258819 0.000000
vn 1.000000 -0.000000 0.000000
vn 0.965926 -0.258819 0.000000
vn 0.866025 -0.500000 0.000000
vn 0.707107 -0.707107 0.000000
vn 0.500000 -0.866025 0.000000
vn 0.258819 -0.965926 0.000000
vn 0.000000 -1.000000 0.000000
vn -0.258819 -0.965926 -0.000000
vn -0.500000 -0.866025 -0.000000
vn -0.707107 -0.707107 -0.000000
vn -0.866025 -0.500000 -0.000000
vn 0.000000 0.000000 1.000000
vn 0.000000 0.000000 1.000000
vn 0.000000 0.000000 1.000000
vn 0.000000 0.000000 1.000000
vn 0.000000 0.000000 1.000000
vn 0.000000 0.000000 1.000000
vn 0.000000 0.000000 1.000000
vn 0.000000 0.000000 1.000000
vn 0.000000 0.000000 1.000000
vn 0.000000 0.000000 1.000000
vn 0.000000 0.000000 1.000000
vn 0.000000 0.000000 1.000000
vn 0.000000 0.000000 1.000000
vn 0.000000 0.000000 1.000000
vn 0.000000 0.000000 1.000000
vn 0.000000 0.000000 1.000000
vn 0.000000 0.000000 1.000000
vn 0.000000 0.000000 1.000000
vn 0.000000 0.000000 1.000000
vn 0.000000 0.000000 1.000000
vn 0.000000 0.000000 1.000000
vn 0.000000 0.000000 1.000000
vn 0.000000 0.000000 1.000000
vn 0.000000 0.000000 1.000000
vn 1.000000 0.000000 -0.000000
vn 1.000000 0.000000 -0.000000
vn 0.965926 -0.258819 0.000000
vn 0.965926 -0.258819 0.000000
vn 0.866025 -0.500000 0.000000
vn 0.866025 -0.500000 0.000000
vn 0.707107 -0.707107 0.000000
vn 0.707107 -0.707107 0.000000
vn 0.500000 -0.866025 0.000000
vn 0.500000 -0.866025 0.000000
vn 0.258819 -0.965926 0.000000
vn 0.258819 -0.965926 0.000000
vn -0.000000 -1.000000 0.000000
vn -0.000000 -1.000000 0.000000
vn 0.000000 0.000000 1.000000
vn 0.000000 0.000000 1.000000
vn 0.000000 0.000000 1.000000
vn 0.000000 0.000000 1.000000
vn 0.000000 0.000000 1.000000
vn 0.000000 0.000000 1.000000
vn 0.000000 0.000000 1.000000
vn 0.000000 0.000000 1.000000
vn 0.000000 0.000000 1.000000
vn 0.000000 0.000000 1.000000
vn 0.000000 0.000000 1.000000
vn 0.000000 0.000000 1.000000
vn 0.000000 0.000000 1.000000
vn 0.000000 0.000000 1.000000
vn 0.000000 0.000000 1.000000
vn 0.000000 0.000000 1.000000
vn 0.000000 0.000000 1.000000
vn 0.000000 0.000000 1.000000
vn 0.000000 0.000000 1.000000
vn 0.000000 0.000000 1.000000
vn 0.000000 0.000000 1.000000
vn 0.000000 0.000000 1.000000
vn 0.000000 0.000000 1.000000
vn 0.000000 0.000000 1.000000
vn 0.000000 0.000000 1.000000
vn 0.000000 0.000000 1.000000
vn 0.000000 0.000000 1.000000
vn 0.000000 0.000000 1.000000
vn 1.000000 0.000000 -0.000000
vn 1.000000 0.000000 -0.000000
vn 1.000000 0.000000 -0.000000
vn 1.000000 0.000000 -0.000000
vn 1.000000 0.000000 -0.000000
vn 1.000000 0.000000 -0.000000
vn 0.000000 -1.000000 0.000000
vn 0.000000 -1.000000 0.000000
vn -0.258819 -0.965926 0.000000
vn -0.258819 -0.965926 0.000000
vn -0.500000 -0.866025 0.000000
vn -0.500000 -0.866025 0.000000
vn -0.707107 -0.707107 0.000000
vn -0.707107 -0.707107 0.000000
vn -0.866025 -0.500000 0.000000
vn -0.866025 -0.500000 0.000000
vn -0.965926 -0.258819 0.000000
vn -0.965926 -0.258819 0.000000
vn -1.000000 -0.000000 0.000000
vn -1.000000 -0.000000 0.000000
vn -1.000000 0.000000 0.000000
vn -1.000000 0.000000 0.000000
vn -0.965926 0.258819 -0.000000
vn -0.965926 0.258819 -0.000000
vn -0.866025 0.500000 -0.000000
vn -0.866025 0.500000 -0.000000
vn -0.707107 0.707107 -0.000000
vn -0.707107 0.707107 -0.000000
vn -0.500000 0.866025 -0.000000
vn -0.500000 0.866025 -0.000000
vn -0.258819 0.965926 -0.000000
vn -0.258819 0.965926 -0.000000
vn 0.000000 1.000000 -0.000000
vn 0.000000 1.000000 -0.000000
vn 0.000000 1.000000 0.000000
vn 0.000000 1.000000 0.000000
vn 0.258819 0.965926 0.000000
vn 0.258819 0.965926 0.000000
vn 0.500000 0.866025 0.000000
vn 0.500000 0.866025 0.000000
vn 0.707107 0.707107 0.000000
vn 0.707107 0.707107 0.000000
vn 0.866025 0.500000 0.000000
vn 0.866025 0.500000 0.000000
vn 0.965926 0.258819 0.000000
vn 0.965926 0.258819 0.000000
vn 0.258819 0.965926 -0.000000
vn 0.258819 0.965926 -0.000000
vn 0.000000 1.000000 -0.000000
vn 0.258819 0.965926 -0.000000
vn 0.000000 1.000000 -0.000000
vn 0.258819 0.965926 -0.000000
vn 0.500000 0.866025 -0.000000
vn 0.500000 0.866025 -0.000000
vn 0.707107 0.707107 -0.000000
vn 0.707107 0.707107 -0.000000
vn 0.866025 0.500000 -0.000000
vn 0.866025 0.500000 -0.000000
vn 0.965926 0.258819 -0.000000
vn 0.965926 0.258819 -0.000000
vn 1.000000 0.000000 -0.000000
vn 0.965926 0.258819 -0.000000
vn 1.000000 0.000000 -0.000000
vn 0.965926 0.258819 -0.000000
vn 0.866025 0.500000 -0.000000
vn 0.866025 0.500000 -0.000000
vn 0.707107 0.707107 -0.000000
vn 0.707107 0.707107 -0.000000
vn 0.500000 0.866025 -0.000000
vn 0.500000 0.866025 -0.000000
vn 1.000000 0.000000 -0.000000
vn 1.000000 0.000000 -0.000000
vn 0.965926 0.256890 -0.031542
vn 0.965926 0.256890 -0.031542
vn 0.866025 0.496273 -0.060935
vn 0.866025 0.496273 -0.060935
vn 0.707107 0.701836 -0.086175
vn 0.707107 0.701836 -0.086175
vn 0.500000 0.859570 -0.105542
vn 0.500000 0.859570 -0.105542
vn 0.258819 0.958726 -0.117717
vn 0.258819 0.958726 -0.117717
vn 0.000000 0.992546 -0.121869
vn 0.000000 0.992546 -0.121869
vn -0.000000 0.510713 -0.859751
vn 0.258819 0.493311 -0.830456
vn -0.000000 0.691935 -0.721959
vn 0.258819 0.668358 -0.697359
vn -0.000000 0.837296 -0.546750
vn 0.258819 0.808766 -0.528120
vn -0.000000 0.939261 -0.343203
vn 0.258819 0.907257 -0.331509
vn 0.500000 0.813424 -0.297223
vn 0.707107 0.664158 -0.242681
vn 0.866025 0.469631 -0.171602
vn 0.965926 0.243099 -0.088828
vn 1.000000 0.000000 -0.000000
vn 0.500000 0.442291 -0.744566
vn 0.500000 0.599234 -0.625235
vn 0.500000 0.725120 -0.473499
vn 0.707107 0.361129 -0.607936
vn 0.707107 0.489272 -0.510502
vn 0.707107 0.592058 -0.386611
vn 0.866025 0.255357 -0.429876
vn 0.866025 0.345968 -0.360980
vn 0.866025 0.418648 -0.273375
vn 0.965926 0.132182 -0.222520
vn 0.965926 0.179086 -0.186857
vn 0.965926 0.216708 -0.141509
vn 1.000000 -0.000000 0.000000
vn 1.000000 0.000000 -0.000000
vn 0.258819 -0.000000 -0.965926
vn 0.258819 -0.000000 -0.965926
vn 0.258819 -0.000000 -0.965926
vn 0.258819 -0.000000 -0.965926
vn 0.258819 -0.000000 -0.965926
vn 0.500000 -0.000000 -0.866025
vn 0.500000 -0.000000 -0.866025
vn 0.707107 -0.000000 -0.707107
vn 0.707107 -0.000000 -0.707107
vn 0.866025 -0.000000 -0.500000
vn 0.866025 -0.000000 -0.500000
vn 0.965926 -0.000000 -0.258819
vn 0.965926 -0.000000 -0.258819
vn 1.000000 -0.000000 -0.000000
vn 0.965926 -0.000000 -0.258819
vn 0.965926 -0.000000 -0.258819
vn 0.866025 -0.000000 -0.500000
vn 0.866025 -0.000000 -0.500000
vn 0.707107 -0.000000 -0.707107
vn 0.707107 -0.000000 -0.707107
vn 0.500000 -0.000000 -0.866025
vn 0.500000 -0.000000 -0.866025
vn 0.500000 -0.000000 -0.866025
vn 0.500000 -0.000000 -0.866025
vn 0.707107 -0.000000 -0.707107
vn 0.707107 -0.000000 -0.707107
vn 0.866025 -0.000000 -0.500000
vn 0.866025 -0.000000 -0.500000
vn 0.965926 -0.000000 -0.258819
vn 0.965926 -0.000000 -0.258819
vn 0.965926 -0.000000 -0.258819
vn 0.965926 -0.000000 -0.258819
vn 0.965926 -0.000000 -0.258819
vn 0.866025 -0.000000 -0.500000
vn 0.866025 -0.000000 -0.500000
vn 0.707107 -0.000000 -0.707107
vn 0.500000 -0.000000 -0.866025
vn 0.258819 -0.000000 -0.965926
vn 0.707107 -0.000000 -0.707107
vn 0.500000 -0.000000 -0.866025
vn 0.258819 -0.000000 -0.965926
vn 0.500000 -0.000000 -0.866025
vn 0.258819 -0.000000 -0.965926
vn 0.000000 -0.000000 -1.000000
vn 0.258819 -0.000000 -0.965926
vn 0.707107 -0.000000 -0.707107
vn 0.866025 -0.000000 -0.500000
vn -0.000000 -0.992546 -0.121869
vn 0.258819 -0.958726 -0.117717
vn -0.000000 -0.939261 -0.343203
vn 0.258819 -0.907257 -0.331509
vn -0.000000 -0.837296 -0.546750
vn 0.258819 -0.808766 -0.528120
vn -0.000000 -0.691935 -0.721959
vn 0.258819 -0.668358 -0.697359
vn -0.000000 -0.510713 -0.859751
vn 0.258819 -0.493311 -0.830456
vn 0.500000 -0.599234 -0.625235
vn 0.500000 -0.442291 -0.744566
vn 0.707107 -0.489272 -0.510502
vn 0.707107 -0.361129 -0.607936
vn 0.866025 -0.345968 -0.360980
vn 0.866025 -0.255357 -0.429876
vn 0.965926 -0.179086 -0.186857
vn 0.965926 -0.132182 -0.222520
vn 1.000000 -0.000000 -0.000000
vn 1.000000 -0.000000 -0.000000
vn 0.500000 -0.859570 -0.105542
vn 0.500000 -0.813424 -0.297223
vn 0.500000 -0.725120 -0.473499
vn 0.707107 -0.701836 -0.086175
vn 0.707107 -0.664158 -0.242681
vn 0.707107 -0.592058 -0.386611
vn 0.866025 -0.496273 -0.060935
vn 0.866025 -0.469631 -0.171602
vn 0.866025 -0.418648 -0.273375
vn 0.965926 -0.256890 -0.031542
vn 0.965926 -0.243099 -0.088828
vn 0.965926 -0.216708 -0.141509
vn 1.000000 -0.000000 -0.000000
vn 1.000000 0.000000 0.000000
vn 1.000000 -0.000000 -0.000000
vn 0.000000 -0.992546 -0.121869
vn 0.258819 -0.958726 -0.117717
vn 0.500000 -0.859570 -0.105542
vn 0.707107 -0.701836 -0.086175
vn 0.866025 -0.496273 -0.060935
vn 0.965926 -0.256890 -0.031542
vn 0.965926 -0.258819 -0.000000
vn 0.965926 -0.258819 -0.000000
vn 1.000000 -0.000000 -0.000000
vn 0.965926 -0.258819 -0.000000
vn 0.965926 -0.258819 -0.000000
vn 0.866025 -0.500000 -0.000000
vn 0.866025 -0.500000 -0.000000
vn 0.707107 -0.707107 -0.000000
vn 0.707107 -0.707107 -0.000000
vn 0.500000 -0.866025 -0.000000
vn 0.500000 -0.866025 -0.000000
vn 0.258819 -0.965926 -0.000000
vn 0.258819 -0.965926 -0.000000
vn -0.000000 -1.000000 -0.000000
vn 0.258819 -0.965926 -0.000000
vn -0.000000 -1.000000 -0.000000
vn 0.258819 -0.965926 -0.000000
vn 0.500000 -0.866025 -0.000000
vn 0.500000 -0.866025 -0.000000
vn 0.707107 -0.707107 -0.000000
vn 0.707107 -0.707107 -0.000000
vn 0.866025 -0.500000 -0.000000
vn 0.866025 -0.500000 -0.000000
vn 0.933784 -0.250207 -0.255820
vn 0.837208 -0.483362 -0.255820
vn 0.752674 -0.434556 -0.494614
vn 0.614555 -0.614555 -0.494614
vn 0.504634 -0.504634 -0.700492
vn 0.356830 -0.618048 -0.700492
vn 0.184709 -0.689343 -0.700492
vn 0.000000 -0.713660 -0.700492
vn 0.224943 -0.839498 -0.494614
vn 0.000000 -0.869113 -0.494614
vn 0.250207 -0.933784 -0.255820
vn 0.000000 -0.966725 -0.255820
vn 0.683577 -0.683577 -0.255820
vn 0.483362 -0.837208 -0.255820
vn 0.434556 -0.752674 -0.494614
vn 0.971971 -0.128167 -0.197093
vn 0.931077 -0.350291 -0.101940
vn 0.846495 -0.422544 -0.323887
vn 0.750334 -0.623065 -0.220882
vn 0.711379 -0.463812 -0.528033
vn 0.616270 -0.664012 -0.423438
vn 0.534125 -0.471532 -0.701690
vn 0.440397 -0.671671 -0.595741
vn 0.325751 -0.445223 -0.834064
vn 0.233646 -0.645567 -0.727085
vn 0.099206 -0.386520 -0.916930
vn 0.008867 -0.587322 -0.809305
vn 0.000000 -0.464327 -0.885664
vn 0.000000 -0.662620 -0.748956
vn 0.127508 -0.807135 -0.576432
vn 0.320217 -0.831467 -0.454009
vn 0.180803 -0.941319 -0.285007
vn 0.322939 -0.935129 -0.145755
vn 0.484145 -0.824327 -0.293408
vn 0.609104 -0.786161 -0.104610
vn 0.000000 -0.934619 -0.355651
vn 0.013711 -0.920222 -0.391156
vn 0.000000 -0.822475 -0.568801
vn 0.000000 -0.239098 -0.970995
vn 0.183587 -0.162502 -0.969479
vn 0.398288 -0.218135 -0.890945
vn 0.595770 -0.243069 -0.765491
vn 0.763757 -0.235753 -0.600912
vn 0.891811 -0.196642 -0.407438
vn 0.971971 0.128167 -0.197093
vn 0.891811 0.196642 -0.407438
vn 0.763757 0.235753 -0.600912
vn 0.595770 0.243069 -0.765491
vn 0.398288 0.218135 -0.890945
vn 0.183587 0.162502 -0.969479
vn 0.000000 0.239098 -0.970995
vn 0.099206 0.386520 -0.916930
vn 0.000000 0.464327 -0.885664
vn 0.008867 0.587322 -0.809305
vn 0.000000 0.662620 -0.748956
vn 0.233646 0.645567 -0.727085
vn 0.127508 0.807135 -0.576432
vn 0.440397 0.671671 -0.595741
vn 0.320217 0.831467 -0.454009
vn 0.616270 0.664012 -0.423438
vn 0.484145 0.824327 -0.293408
vn 0.750334 0.623065 -0.220882
vn 0.609104 0.786161 -0.104610
vn 0.322939 0.935129 -0.145755
vn 0.180803 0.941319 -0.285007
vn 0.000000 0.934619 -0.355651
vn 0.013711 0.920222 -0.391156
vn 0.000000 0.822475 -0.568801
vn 0.846495 0.422544 -0.323887
vn 0.711379 0.463812 -0.528033
vn 0.534125 0.471532 -0.701690
vn 0.325751 0.445223 -0.834064
vn 0.931077 0.350291 -0.101940
vn 0.933784 0.250207 -0.255820
vn 0.837208 0.483362 -0.255820
vn 0.683577 0.683577 -0.255820
vn 0.483362 0.837208 -0.255820
vn 0.250207 0.933784 -0.255820
vn 0.000000 0.966725 -0.255820
vn 0.224943 0.839498 -0.494614
vn 0.000000 0.869113 -0.494614
vn 0.184709 0.689343 -0.700492
vn 0.000000 0.713660 -0.700492
vn 0.356830 0.618048 -0.700492
vn 0.504634 0.504634 -0.700492
vn 0.434556 0.752674 -0.494614
vn 0.614555 0.614555 -0.494614
vn 0.752674 0.434556 -0.494614
vn 0.000000 0.691935 -0.721959
vn 0.000000 0.691935 -0.721959
vn 0.000000 0.598118 -0.801408
vn 0.000000 0.656591 -0.754247
vn 0.000000 0.720614 -0.693336
vn 0.000000 0.784366 -0.620298
vn 0.000000 0.837296 -0.546750
vn 0.000000 0.843297 -0.537447
vn 0.000000 0.894606 -0.446856
vn 0.000000 0.939554 -0.342401
vn 0.000000 0.918766 -0.394804
vn 0.000000 0.939700 -0.342000
vn 0.000000 0.956838 -0.290621
vn 0.000000 0.970059 -0.242871
vn 0.000000 0.979650 -0.200715
vn 0.000000 0.986155 -0.165829
vn 0.000000 0.990257 -0.139253
vn 0.000000 0.992546 -0.121869
vn 0.000000 0.939408 -0.342802
vn 0.000000 0.837296 -0.546750
vn 0.000000 0.551253 -0.834338
vn 0.000000 0.521102 -0.853494
vn 0.000000 0.510713 -0.859751
vn -0.000000 0.992546 -0.121869
vn -0.000000 0.934619 -0.355651
vn -0.000000 0.934619 -0.355651
vn -0.000000 0.934619 -0.355651
vn -0.000000 0.822475 -0.568801
vn -0.000000 0.822475 -0.568801
vn -0.000000 0.662620 -0.748956
vn -0.000000 0.662620 -0.748956
vn -0.000000 0.464327 -0.885664
vn -0.000000 0.464327 -0.885664
vn -0.000000 0.239098 -0.970995
vn -0.000000 0.239098 -0.970995
vn -0.000000 0.239098 -0.970995
vn -0.000000 0.239098 -0.970995
vn -0.000000 0.464327 -0.885664
vn -0.000000 0.464327 -0.885664
vn -0.000000 0.662620 -0.748956
vn -0.000000 0.662620 -0.748956
vn -0.000000 0.822475 -0.568801
vn -0.000000 0.822475 -0.568801
vn -0.000000 0.934619 -0.355651
vn -0.000000 0.934619 -0.355651
vn -0.000000 0.934619 -0.355651
vn -0.000000 0.934619 -0.355651
vn -0.000000 0.822475 -0.568801
vn -0.000000 0.822475 -0.568801
vn -0.000000 0.662620 -0.748956
vn -0.000000 0.662620 -0.748956
vn -0.000000 0.464327 -0.885664
vn -0.000000 0.464327 -0.885664
vn -0.000000 0.239098 -0.970995
vn -0.000000 0.239098 -0.970995
vn -0.000000 0.239098 -0.970995
vn -0.000000 0.239098 -0.970995
vn -0.000000 0.464327 -0.885664
vn -0.000000 0.464327 -0.885664
vn -0.000000 0.662620 -0.748956
vn -0.000000 0.662620 -0.748956
vn -0.000000 0.822475 -0.568801
vn -0.000000 0.822475 -0.568801
vn -0.000000 0.934619 -0.355651
vn -0.000000 0.934619 -0.355651
vn -0.000000 0.934619 -0.355651
vn -0.000000 0.822475 -0.568801
vn -0.000000 0.662620 -0.748956
vn -0.000000 0.464327 -0.885664
vn -0.000000 0.239098 -0.970995
vn -0.000000 0.822475 -0.568801
vn -0.000000 0.662620 -0.748956
vn -0.000000 0.464327 -0.885664
vn -0.000000 0.239098 -0.970995
vn -0.000000 0.239098 -0.970995
vn -0.000000 0.464327 -0.885664
vn -0.000000 0.662620 -0.748956
vn -0.000000 0.822475 -0.568801
vn -0.000000 0.822475 -0.568801
vn -0.000000 0.662620 -0.748956
vn -0.000000 0.464327 -0.885664
vn -0.000000 0.239098 -0.970995
vn -0.000000 0.934619 -0.355651
vn -0.000000 0.934619 -0.355651
vn -0.000000 0.934619 -0.355651
vn -0.000000 0.822475 -0.568801
vn -0.000000 0.822475 -0.568801
vn -0.000000 0.662620 -0.748956
vn -0.000000 0.822475 -0.568801
vn -0.000000 0.934619 -0.355651
vn -0.000000 0.934619 -0.355651
vn -0.000000 0.934619 -0.355651
vn -0.000000 0.934619 -0.355651
vn -0.000000 0.822475 -0.568801
vn -0.000000 0.822475 -0.568801
vn -0.000000 0.662620 -0.748956
vn -0.000000 0.822475 -0.568801
vn -0.000000 0.934619 -0.355651
vn -0.000000 0.662620 -0.748956
vn -0.000000 0.464327 -0.885664
vn -0.000000 0.239098 -0.970995
vn -0.000000 0.662620 -0.748956
vn -0.000000 0.662620 -0.748956
vn -0.000000 0.464327 -0.885664
vn -0.000000 0.239098 -0.970995
vn -0.000000 0.662620 -0.748956
vn -0.000000 0.464327 -0.885664
vn -0.000000 0.239098 -0.970995
vn -0.000000 0.464327 -0.885664
vn -0.000000 0.464327 -0.885664
vn -0.000000 0.239098 -0.970995
vn -0.000000 0.464327 -0.885664
vn -0.000000 0.239098 -0.970995
vn -0.000000 0.239098 -0.970995
vn -0.000000 -0.040609 -0.999175
vn -0.000000 -0.239098 -0.970995
vn -0.000000 -0.239098 -0.970995
vn -0.000000 -0.464327 -0.885664
vn -0.000000 -0.464327 -0.885664
vn -0.000000 -0.662620 -0.748956
vn -0.000000 -0.662620 -0.748956
vn -0.000000 -0.822475 -0.568801
vn -0.000000 -0.822475 -0.568801
vn -0.000000 -0.934619 -0.355651
vn -0.000000 -0.934619 -0.355651
vn -0.000000 -0.934619 -0.355651
vn -0.000000 -0.934619 -0.355651
vn -0.000000 -0.822475 -0.568801
vn -0.000000 -0.822475 -0.568801
vn -0.000000 -0.662620 -0.748956
vn -0.000000 -0.662620 -0.748956
vn -0.000000 -0.464327 -0.885664
vn -0.000000 -0.464327 -0.885664
vn -0.000000 -0.239098 -0.970995
vn -0.000000 -0.239098 -0.970995
vn -0.000000 -0.304081 -0.952646
vn -0.000000 -0.511478 -0.859297
vn -0.000000 -0.692417 -0.721498
vn -0.000000 -0.837539 -0.546377
vn -0.000000 -0.939337 -0.342995
vn -0.000000 -0.000000 -1.000000
vn -0.000000 -0.239098 -0.970995
vn -0.000000 -0.239098 -0.970995
vn -0.000000 -0.239098 -0.970995
vn -0.000000 -0.464327 -0.885664
vn -0.000000 -0.464327 -0.885664
vn -0.000000 -0.662620 -0.748956
vn -0.000000 -0.662620 -0.748956
vn -0.000000 -0.822475 -0.568801
vn -0.000000 -0.822475 -0.568801
vn -0.000000 -0.934619 -0.355651
vn -0.000000 -0.934619 -0.355651
vn -0.000000 -0.934619 -0.355651
vn -0.000000 -0.934619 -0.355651
vn -0.000000 -0.822475 -0.568801
vn -0.000000 -0.822475 -0.568801
vn -0.000000 -0.662620 -0.748956
vn -0.000000 -0.662620 -0.748956
vn -0.000000 -0.464327 -0.885664
vn -0.000000 -0.464327 -0.885664
vn -0.000000 -0.239098 -0.970995
vn -0.000000 -0.239098 -0.970995
vn -0.000000 -0.464327 -0.885664
vn -0.000000 -0.662620 -0.748956
vn -0.000000 -0.822475 -0.568801
vn -0.000000 -0.934619 -0.355651
vn -0.000000 -0.934619 -0.355651
vn -0.000000 -0.822475 -0.568801
vn -0.000000 -0.662620 -0.748956
vn -0.000000 -0.464327 -0.885664
vn -0.000000 -0.464327 -0.885664
vn -0.000000 -0.662620 -0.748956
vn -0.000000 -0.822475 -0.568801
vn -0.000000 -0.934619 -0.355651
vn -0.000000 -0.239098 -0.970995
vn -0.000000 -0.239098 -0.970995
vn -0.000000 -0.239098 -0.970995
vn -0.000000 -0.464327 -0.885664
vn -0.000000 -0.464327 -0.885664
vn -0.000000 -0.662620 -0.748956
vn -0.000000 -0.464327 -0.885664
vn -0.000000 -0.239098 -0.970995
vn -0.000000 -0.239098 -0.970995
vn -0.000000 -0.239098 -0.970995
vn -0.000000 -0.239098 -0.970995
vn -0.000000 -0.464327 -0.885664
vn -0.000000 -0.464327 -0.885664
vn -0.000000 -0.662620 -0.748956
vn -0.000000 -0.464327 -0.885664
vn -0.000000 -0.239098 -0.970995
vn -0.000000 -0.662620 -0.748956
vn -0.000000 -0.822475 -0.568801
vn -0.000000 -0.934619 -0.355651
vn -0.000000 -0.662620 -0.748956
vn -0.000000 -0.662620 -0.748956
vn -0.000000 -0.822475 -0.568801
vn -0.000000 -0.934619 -0.355651
vn -0.000000 -0.662620 -0.748956
vn -0.000000 -0.822475 -0.568801
vn -0.000000 -0.934619 -0.355651
vn -0.000000 -0.822475 -0.568801
vn -0.000000 -0.822475 -0.568801
vn -0.000000 -0.934619 -0.355651
vn -0.000000 -0.822475 -0.568801
vn -0.000000 -0.934619 -0.355651
vn -0.000000 -0.934619 -0.355651
vn 0.000000 -0.939408 -0.342802
vn 0.000000 -0.939554 -0.342400
vn 0.000000 -0.990259 -0.139239
vn 0.000000 -0.986162 -0.165785
vn 0.000000 -0.979651 -0.200708
vn 0.000000 -0.970054 -0.242888
vn 0.000000 -0.956839 -0.290619
vn 0.000000 -0.939701 -0.341998
vn 0.000000 -0.918769 -0.394796
vn 0.000000 -0.894606 -0.446856
vn 0.000000 -0.837296 -0.546750
vn 0.000000 -0.843274 -0.537485
vn 0.000000 -0.784345 -0.620325
vn 0.000000 -0.691935 -0.721959
vn 0.000000 -0.720643 -0.693306
vn 0.000000 -0.656635 -0.754208
vn 0.000000 -0.598092 -0.801428
vn 0.000000 -0.510713 -0.859751
vn 0.000000 -0.551376 -0.834257
vn 0.000000 -0.521275 -0.853388
vn 0.000000 -0.837296 -0.546750
vn 0.000000 -0.691935 -0.721959
vn 0.000000 -0.992546 -0.121869
vn 0.000000 -0.713660 -0.700492
vn 0.000000 -0.713660 -0.700492
vn 0.000000 -0.713660 -0.700492
vn 0.000000 -0.869113 -0.494614
vn 0.000000 -0.869113 -0.494614
vn 0.000000 -0.966725 -0.255820
vn 0.000000 -0.966725 -0.255820
vn 0.000000 -0.966725 -0.255820
vn 0.000000 -0.966725 -0.255820
vn 0.000000 -0.869113 -0.494614
vn 0.000000 -0.869113 -0.494614
vn 0.000000 -0.713660 -0.700492
vn 0.000000 -0.713660 -0.700492
vn 0.000000 -0.713660 -0.700492
vn 0.000000 -0.713660 -0.700492
vn 0.000000 -0.869113 -0.494614
vn 0.000000 -0.869113 -0.494614
vn 0.000000 -0.966725 -0.255820
vn 0.000000 -0.966725 -0.255820
vn -0.000000 -1.000000 -0.000000
vn 0.000000 -0.966725 -0.255820
vn 0.000000 -0.966725 -0.255820
vn 0.000000 -0.869113 -0.494614
vn 0.000000 -0.869113 -0.494614
vn 0.000000 -0.713660 -0.700492
vn 0.000000 -0.713660 -0.700492
vn 0.000000 -0.713660 -0.700492
vn 0.000000 -0.713660 -0.700492
vn 0.000000 -0.869113 -0.494614
vn 0.000000 -0.869113 -0.494614
vn 0.000000 -0.966725 -0.255820
vn 0.000000 -0.966725 -0.255820
vn 0.000000 -0.966725 -0.255820
vn 0.000000 -0.966725 -0.255820
vn 0.000000 -0.869113 -0.494614
vn 0.000000 -0.869113 -0.494614
vn 0.000000 -0.966725 -0.255820
vn 0.000000 -0.966725 -0.255820
vn 0.000000 -0.966725 -0.255820
vn 0.000000 -0.869113 -0.494614
vn 0.000000 -0.713660 -0.700492
vn 0.000000 -0.713660 -0.700492
vn 0.000000 -0.713660 -0.700492
vn 0.000000 -0.713660 -0.700492
vn 0.000000 -0.869113 -0.494614
vn 0.000000 -0.869113 -0.494614
vn 0.000000 -0.966725 -0.255820
vn 0.000000 -0.713660 -0.700492
vn 0.000000 -0.713660 -0.700492
vn 0.000000 -0.869113 -0.494614
vn 0.000000 -0.869113 -0.494614
vn 0.000000 -0.966725 -0.255820
vn 0.000000 -1.000000 0.000000
vn 0.000000 -1.000000 0.000000
vn 0.000000 -1.000000 0.000000
vn 0.000000 -1.000000 0.000000
vn 0.000000 -1.000000 0.000000
vn 0.000000 -1.000000 0.000000
vn 0.000000 -1.000000 0.000000
vn 0.000000 -1.000000 0.000000
vn 0.000000 -1.000000 0.000000
vn 0.000000 -1.000000 0.000000
vn 0.000000 -1.000000 0.000000
vn 0.000000 -1.000000 0.000000
vn 0.000000 -1.000000 0.000000
vn 0.000000 -1.000000 0.000000
vn 0.000000 -1.000000 0.000000
vn 0.000000 -1.000000 0.000000
vn 0.000000 -1.000000 0.000000
vn 0.000000 -1.000000 0.000000
vn 0.000000 -1.000000 0.000000
vn 0.000000 -1.000000 0.000000
vn 0.000000 -1.000000 0.000000
vn 0.000000 -1.000000 0.000000
vn 0.000000 -1.000000 0.000000
vn 0.000000 -1.000000 0.000000
vn 0.000000 -1.000000 0.000000
vn 0.000000 -1.000000 0.000000
vn 0.000000 -1.000000 0.000000
vn 0.000000 -1.000000 0.000000
vn 0.000000 -1.000000 0.000000
vn 0.000000 -1.000000 0.000000
vn 0.000000 -1.000000 0.000000
vn 0.000000 -1.000000 0.000000
vn 0.000000 -1.000000 0.000000
vn -0.215970 -0.885728 -0.410905
vn 0.000288 -0.919133 -0.393947
vn -0.207205 -0.895192 -0.394584
vn 0.000548 -0.939307 -0.343078
vn -0.198148 -0.903605 -0.379784
vn -0.000091 -0.956907 -0.290396
vn -0.183730 -0.912917 -0.364453
vn 0.000128 -0.970059 -0.242869
vn -0.162599 -0.921351 -0.353093
vn 0.000074 -0.979638 -0.200773
vn -0.140039 -0.927804 -0.345787
vn -0.000002 -0.986160 -0.165795
vn -0.113500 -0.933236 -0.340865
vn 0.000030 -0.990257 -0.139253
vn -0.083158 -0.937287 -0.338494
vn -0.051490 -0.937606 -0.343865
vn -0.144843 -0.863770 -0.482621
vn -0.100213 -0.831105 -0.547012
vn -0.202818 -0.762922 -0.613853
vn -0.143358 -0.678983 -0.720021
vn -0.253824 -0.640769 -0.724560
vn -0.178674 -0.489564 -0.853465
vn -0.297682 -0.498003 -0.814480
vn -0.321303 -0.397245 -0.859629
vn -0.441437 -0.406153 -0.800109
vn -0.481580 -0.246935 -0.840894
vn -0.600316 -0.260461 -0.756162
vn -0.531243 -0.082073 -0.843235
vn -0.666743 -0.102265 -0.738238
vn -0.703500 -0.276566 -0.654675
vn -0.780838 -0.126076 -0.611880
vn -0.798759 -0.300658 -0.521141
vn -0.869254 -0.155623 -0.469232
vn -0.865725 -0.332684 -0.373953
vn -0.930040 -0.191891 -0.313375
vn -0.900829 -0.371323 -0.225003
vn -0.959730 -0.233022 -0.156903
vn -0.882756 -0.458953 -0.100521
vn -0.820103 -0.502173 -0.274325
vn -0.763157 -0.615688 -0.196266
vn -0.755770 -0.580681 -0.302690
vn -0.640077 -0.689065 -0.339840
vn -0.613441 -0.669294 -0.419209
vn -0.487116 -0.767451 -0.416818
vn -0.450566 -0.761714 -0.465599
vn -0.320649 -0.848878 -0.420227
vn -0.283886 -0.852690 -0.438553
vn -0.361887 -0.848379 -0.386383
vn -0.421623 -0.834284 -0.355253
vn -0.508653 -0.778443 -0.367829
vn -0.606955 -0.742825 -0.282520
vn -0.379902 -0.063085 -0.922873
vn -0.349422 -0.233722 -0.907347
vn -0.204143 -0.273144 -0.940063
vn -0.787173 -0.469773 -0.399589
vn -0.726828 -0.444352 -0.523711
vn -0.641334 -0.426383 -0.637878
vn -0.548653 -0.415147 -0.725695
vn -0.724947 -0.552917 -0.410773
vn -0.669673 -0.532118 -0.518062
vn -0.591478 -0.518268 -0.617699
vn -0.506692 -0.510216 -0.694941
vn -0.408318 -0.504141 -0.760998
vn -0.346362 -0.846925 -0.403426
vn -0.567037 -0.655961 -0.498181
vn -0.398766 -0.760056 -0.513129
vn -0.244240 -0.856737 -0.454256
vn -0.501420 -0.648399 -0.572849
vn -0.430300 -0.644993 -0.631527
vn -0.347453 -0.643043 -0.682475
vn -0.342703 -0.760698 -0.551264
vn -0.197764 -0.860742 -0.469054
vn -0.277177 -0.762125 -0.585098
vn -0.001181 -0.521528 -0.853233
vn -0.045383 -0.656113 -0.753297
vn 0.000000 -0.713433 -0.700724
vn -0.078714 -0.743753 -0.663804
vn -0.110906 -0.819369 -0.562436
vn -0.147916 -0.750776 -0.643782
vn -0.209629 -0.811512 -0.545439
vn -0.212478 -0.761785 -0.611995
vn -0.300894 -0.799841 -0.519343
vn -0.266044 -0.778860 -0.567977
vn -0.375304 -0.791200 -0.482855
vn -0.325266 -0.814403 -0.480572
vn -0.457663 -0.788205 -0.411434
vn -0.421622 -0.834285 -0.355251
vn -0.606961 -0.742801 -0.282568
vn -0.578194 -0.744433 -0.333932
vn -0.686488 -0.683482 -0.248167
vn -0.568913 -0.770356 -0.287906
vn -0.623614 -0.750611 -0.218379
vn -0.504772 -0.830573 -0.235274
vn -0.566458 -0.815435 -0.119132
vn -0.396516 -0.909640 -0.123815
vn -0.549581 -0.835440 -0.000414
vn -0.379517 -0.925184 0.000985
vn -0.208276 -0.969606 -0.128393
vn -0.198608 -0.980079 -0.000030
vn 0.000000 -0.966808 -0.255506
vn -0.185493 -0.949248 -0.254008
vn -0.168817 -0.927184 -0.334412
vn -0.320733 -0.890027 -0.324011
vn -0.267306 -0.857927 -0.438759
vn -0.383286 -0.823399 -0.418456
vn -0.140980 -0.880530 -0.452539
vn -0.687703 -0.725991 0.000906
vn -0.696837 -0.708814 -0.109550
vn -0.749017 -0.635066 -0.188850
vn -0.763157 -0.615686 -0.196269
vn -0.794039 -0.607864 0.002111
vn -0.829763 -0.549857 -0.095662
vn -0.873228 -0.487311 0.000525
vn -0.926521 -0.376243 -0.000155
vn -0.882761 -0.458935 -0.100558
vn -0.215977 -0.885704 -0.410953
vn -0.186720 -0.821931 -0.538113
vn 0.000126 -0.842998 -0.537916
vn 0.000412 -0.784909 -0.619611
vn -0.000503 -0.719272 -0.694729
vn -0.152508 -0.751800 -0.641513
vn 0.001262 -0.656418 -0.754397
vn -0.120929 -0.710576 -0.693150
vn 0.000956 -0.598588 -0.801056
vn -0.084079 -0.677724 -0.730494
vn 0.001378 -0.552272 -0.833663
vn -0.352755 -0.902833 -0.245879
vn -0.459358 -0.832563 -0.309563
vn -0.476374 -0.788294 -0.389436
vn -0.000000 0.966725 -0.255820
vn -0.000000 0.966725 -0.255820
vn -0.000000 0.966725 -0.255820
vn -0.000000 0.869113 -0.494614
vn -0.000000 0.869113 -0.494614
vn -0.000000 0.713660 -0.700492
vn -0.000000 0.713660 -0.700492
vn -0.000000 0.713660 -0.700492
vn -0.000000 0.713660 -0.700492
vn -0.000000 0.869113 -0.494614
vn -0.000000 0.869113 -0.494614
vn -0.000000 0.966725 -0.255820
vn -0.000000 0.966725 -0.255820
vn -0.000000 0.966725 -0.255820
vn -0.000000 0.966725 -0.255820
vn -0.000000 0.869113 -0.494614
vn -0.000000 0.869113 -0.494614
vn -0.000000 0.713660 -0.700492
vn -0.000000 0.713660 -0.700492
vn -0.000000 0.713660 -0.700492
vn -0.000000 0.713660 -0.700492
vn -0.000000 0.869113 -0.494614
vn -0.000000 0.869113 -0.494614
vn -0.000000 0.966725 -0.255820
vn -0.000000 0.966725 -0.255820
vn -0.000000 1.000000 -0.000000
vn -0.000000 0.966725 -0.255820
vn -0.000000 0.966725 -0.255820
vn -0.000000 0.869113 -0.494614
vn -0.000000 0.869113 -0.494614
vn -0.000000 0.713660 -0.700492
vn -0.000000 0.713660 -0.700492
vn -0.000000 0.713660 -0.700492
vn -0.000000 0.713660 -0.700492
vn -0.000000 0.869113 -0.494614
vn -0.000000 0.869113 -0.494614
vn -0.000000 0.713660 -0.700492
vn -0.000000 0.713660 -0.700492
vn -0.000000 0.713660 -0.700492
vn -0.000000 0.869113 -0.494614
vn -0.000000 0.966725 -0.255820
vn -0.000000 0.966725 -0.255820
vn -0.000000 0.966725 -0.255820
vn -0.000000 0.966725 -0.255820
vn -0.000000 0.869113 -0.494614
vn -0.000000 0.869113 -0.494614
vn -0.000000 0.713660 -0.700492
vn -0.000000 0.966725 -0.255820
vn -0.000000 0.966725 -0.255820
vn -0.000000 0.869113 -0.494614
vn -0.000000 0.869113 -0.494614
vn -0.000000 0.713660 -0.700492
vn -0.215977 0.885704 -0.410953
vn 0.000091 0.843283 -0.537470
vn -0.181641 0.808699 -0.559475
vn 0.000004 0.784373 -0.620290
vn 0.000253 0.720493 -0.693463
vn -0.161105 0.767592 -0.620361
vn 0.000073 0.656659 -0.754188
vn -0.136920 0.728874 -0.670817
vn 0.000113 0.598069 -0.801445
vn -0.108204 0.695289 -0.710538
vn 0.000168 0.551330 -0.834287
vn -0.074960 0.669860 -0.738694
vn -0.000167 0.521074 -0.853512
vn -0.038799 0.653907 -0.755579
vn -0.000000 0.713433 -0.700724
vn -0.067640 0.742949 -0.665922
vn -0.095510 0.820006 -0.564330
vn -0.185257 0.813139 -0.551801
vn -0.235915 0.864372 -0.444078
vn -0.339892 0.837434 -0.427993
vn -0.407205 0.856768 -0.316436
vn -0.513000 0.804041 -0.300582
vn -0.563087 0.794201 -0.228427
vn -0.656991 0.723063 -0.213408
vn -0.733098 0.671491 -0.108015
vn -0.810480 0.577289 -0.099292
vn -0.873455 0.486906 0.000007
vn -0.926465 0.376382 0.000019
vn -0.882761 0.458935 -0.100558
vn -0.959941 0.280201 0.000000
vn -0.316167 0.806976 -0.498827
vn -0.421622 0.834285 -0.355251
vn -0.606961 0.742801 -0.282568
vn -0.763157 0.615686 -0.196269
vn -0.562523 0.750937 -0.345921
vn -0.444911 0.787465 -0.426559
vn -0.281028 0.786246 -0.550310
vn -0.730278 0.654541 -0.195626
vn -0.668640 0.697753 -0.257025
vn -0.502676 0.777074 -0.378779
vn -0.396312 0.789471 -0.468692
vn -0.337399 0.795296 -0.503652
vn -0.238982 0.768945 -0.592968
vn -0.189019 0.755907 -0.626798
vn -0.795168 0.606390 0.000259
vn -0.630706 0.767359 -0.115630
vn -0.447479 0.861390 -0.240353
vn -0.282830 0.901267 -0.328215
vn -0.121558 0.882594 -0.454149
vn -0.687214 0.726455 -0.000021
vn -0.502288 0.856119 -0.121517
vn -0.310962 0.917152 -0.249271
vn -0.145682 0.930643 -0.335679
vn -0.548674 0.836036 0.000112
vn -0.349374 0.928473 -0.125997
vn -0.160148 0.953594 -0.254972
vn 0.000000 0.966808 -0.255506
vn -0.382050 0.924142 0.000103
vn -0.179907 0.975196 -0.128942
vn -0.196720 0.980460 -0.000036
vn -0.599773 0.749309 -0.280727
vn -0.428842 0.806944 -0.406124
vn -0.267076 0.803834 -0.531528
vn -0.131049 0.747587 -0.651107
vn -0.051490 0.937606 -0.343865
vn -0.000287 0.990271 -0.139152
vn -0.103139 0.934820 -0.339813
vn 0.000021 0.986142 -0.165906
vn -0.127491 0.930444 -0.343539
vn 0.000167 0.979616 -0.200880
vn -0.149551 0.925232 -0.348685
vn 0.000180 0.970026 -0.243002
vn -0.168343 0.919309 -0.355713
vn -0.183750 0.912919 -0.364439
vn -0.293727 0.851548 -0.434269
vn -0.320506 0.848828 -0.420437
vn -0.412546 0.760079 -0.502082
vn -0.450266 0.761626 -0.466033
vn -0.518827 0.649747 -0.555560
vn -0.566596 0.655849 -0.498829
vn -0.612196 0.521086 -0.594715
vn -0.669112 0.531993 -0.518915
vn -0.664055 0.430044 -0.611632
vn -0.726286 0.444083 -0.524690
vn -0.728794 0.281714 -0.624096
vn -0.798120 0.300383 -0.522278
vn -0.781021 0.126207 -0.611620
vn -0.869259 0.155599 -0.469230
vn -0.179395 0.861923 -0.474242
vn -0.100213 0.831105 -0.547012
vn -0.251177 0.762487 -0.596258
vn -0.143358 0.678983 -0.720021
vn -0.314561 0.642301 -0.698928
vn -0.178674 0.489564 -0.853465
vn -0.369308 0.502025 -0.782038
vn -0.399027 0.402900 -0.823680
vn -0.459942 0.507049 -0.728941
vn -0.497722 0.410429 -0.764081
vn -0.541710 0.513009 -0.665862
vn -0.586958 0.419054 -0.692729
vn -0.204143 0.273144 -0.940063
vn -0.434757 0.242159 -0.867378
vn -0.543836 0.253587 -0.799960
vn -0.642881 0.266312 -0.718179
vn -0.218420 0.041779 -0.974960
vn -0.380929 0.063170 -0.922444
vn -0.531146 0.082141 -0.843290
vn -0.665897 0.102123 -0.739021
vn -0.851355 0.323645 -0.412854
vn -0.929708 0.191806 -0.314410
vn -0.886815 0.350975 -0.300625
vn -0.959660 0.233814 -0.156156
vn -0.904710 0.382592 -0.187410
vn -0.882756 0.458953 -0.100521
vn -0.824148 0.511619 -0.242953
vn -0.763157 0.615688 -0.196266
vn -0.759681 0.588891 -0.275849
vn -0.643737 0.694926 -0.320439
vn -0.743118 0.565789 -0.357293
vn -0.629123 0.678234 -0.379741
vn -0.713016 0.546891 -0.438768
vn -0.603490 0.665260 -0.439577
vn -0.606955 0.742825 -0.282520
vn -0.511869 0.781715 -0.356247
vn -0.499870 0.772189 -0.392243
vn -0.479397 0.765522 -0.429132
vn -0.421623 0.834284 -0.355253
vn -0.364446 0.848825 -0.382981
vn -0.355738 0.847209 -0.394572
vn -0.341120 0.847210 -0.407275
vn -0.215970 0.885728 -0.410905
vn -0.208984 0.892692 -0.399283
vn -0.203911 0.899395 -0.386664
vn -0.195488 0.906103 -0.375183
vn 0.000000 0.918765 -0.394805
vn 0.000076 0.939652 -0.342132
vn -0.000092 0.956919 -0.290355
vn -0.390965 0.643827 -0.657749
vn -0.459730 0.645973 -0.609399
vn -0.311623 0.761206 -0.568732
vn -0.365967 0.760144 -0.536888
vn -0.222222 0.858571 -0.462032
vn -0.260771 0.854951 -0.448394
vn -0.774222 0.462414 -0.432150
vn -0.806757 0.484853 -0.337728
vn -0.026530 0.938768 -0.343528
vn 0.000036 0.934624 -0.355638
vn -0.046297 0.862436 -0.504044
vn -0.000002 0.822444 -0.568847
vn -0.064841 0.756915 -0.650289
vn 0.000036 0.662620 -0.748956
vn -0.080928 0.628927 -0.773241
vn 0.000003 0.464376 -0.885638
vn -0.094651 0.479261 -0.872554
vn -0.101875 0.374553 -0.921592
vn -0.178674 0.489564 -0.853465
vn -0.204150 0.273144 -0.940061
vn -0.110204 0.203954 -0.972758
vn 0.000028 0.239085 -0.970999
vn -0.143367 0.678984 -0.720019
vn -0.100213 0.831105 -0.547012
vn -0.051500 0.937607 -0.343863
vn 0.000000 1.000000 -0.000000
vn 0.000000 1.000000 -0.000000
vn 0.000000 1.000000 -0.000000
vn 0.000000 1.000000 -0.000000
vn 0.000000 1.000000 -0.000000
vn 0.000000 1.000000 -0.000000
vn 0.000000 1.000000 -0.000000
vn 0.000000 1.000000 -0.000000
vn 0.000000 1.000000 -0.000000
vn 0.000000 1.000000 -0.000000
vn 0.000000 1.000000 -0.000000
vn 0.000000 1.000000 -0.000000
vn 0.000000 1.000000 -0.000000
vn 0.000000 1.000000 -0.000000
vn 0.000000 1.000000 -0.000000
vn 0.000000 1.000000 -0.000000
vn 0.000000 1.000000 -0.000000
vn 0.000000 1.000000 -0.000000
vn 0.000000 1.000000 -0.000000
vn 0.000000 1.000000 -0.000000
vn 0.000000 1.000000 -0.000000
vn 0.000000 1.000000 -0.000000
vn 0.000000 1.000000 -0.000000
vn 0.000000 1.000000 -0.000000
vn 0.000000 1.000000 -0.000000
vn 0.000000 1.000000 -0.000000
vn 0.000000 1.000000 -0.000000
vn 0.000000 1.000000 -0.000000
vn 0.000000 1.000000 -0.000000
vn 0.000000 1.000000 -0.000000
vn 0.000000 1.000000 -0.000000
vn 0.000000 1.000000 -0.000000
vn 0.000000 1.000000 -0.000000
vn -0.379960 0.063090 -0.922849
vn -0.531273 0.082078 -0.843215
vn -0.666524 0.102230 -0.738441
vn -0.780721 0.126234 -0.611997
vn -0.869496 0.155812 -0.468721
vn -0.929647 0.191819 -0.314583
vn -0.959660 0.233813 -0.156157
vn -0.995522 0.094527 0.000000
vn -0.982129 0.188207 0.000000
vn -0.196395 0.980525 -0.000000
vn -0.258819 0.965926 -0.000000
vn -0.382407 0.923994 -0.000000
vn -0.500000 0.866025 -0.000000
vn -0.548414 0.836207 -0.000000
vn -0.707107 0.707107 -0.000000
vn -0.687188 0.726480 -0.000000
vn -0.795046 0.606549 -0.000000
vn -0.866025 0.500000 -0.000000
vn -0.873458 0.486900 -0.000000
vn -0.926439 0.376444 -0.000000
vn -0.965926 0.258819 -0.000000
vn -1.000000 -0.000000 0.000000
vn -1.000000 -0.000000 0.000000
vn -1.000000 -0.000000 0.000000
vn -1.000000 -0.000000 0.000000
vn -1.000000 -0.000000 0.000000
vn -1.000000 -0.000000 0.000000
vn -0.965926 -0.258819 0.000000
vn -0.926397 -0.376548 0.000000
vn -0.866025 -0.500000 0.000000
vn -0.873419 -0.486969 0.000000
vn -0.795010 -0.606597 0.000000
vn -0.707107 -0.707107 0.000000
vn -0.686737 -0.726906 0.000000
vn -0.548396 -0.836219 0.000000
vn -0.500000 -0.866025 0.000000
vn -0.382412 -0.923992 0.000000
vn -0.258819 -0.965926 0.000000
vn -0.196344 -0.980535 0.000000
vn -0.000000 -0.000000 -1.000000
vn -0.000000 -0.000000 -1.000000
vn -0.000000 -0.000000 -1.000000
vn -0.000000 -0.000000 -1.000000
vn -0.970143 -0.000000 -0.242536
vn -0.970143 -0.000000 -0.242536
vn -0.970143 -0.000000 -0.242536
vn -0.970143 -0.000000 -0.242536
vn -0.000000 -0.000000 1.000000
vn -0.000000 -0.000000 1.000000
vn -0.000000 -0.000000 1.000000
vn -0.000000 -0.000000 1.000000
vn 0.970143 -0.000000 0.242536
vn 0.970143 -0.000000 0.242536
vn 0.970143 -0.000000 0.242536
vn 0.970143 -0.000000 0.242536
vn -0.000000 -1.000000 -0.000000
vn -0.000000 -1.000000 -0.000000
vn -0.000000 -1.000000 -0.000000
vn -0.000000 -1.000000 -0.000000
vn -0.000000 -0.000000 -1.000000
vn -0.000000 -0.000000 -1.000000
vn -0.000000 -0.000000 -1.000000
vn -0.000000 -0.000000 -1.000000
vn -0.970143 -0.000000 -0.242536
vn -0.970143 -0.000000 -0.242536
vn -0.970143 -0.000000 -0.242536
vn -0.970143 -0.000000 -0.242536
vn -0.000000 -0.000000 1.000000
vn -0.000000 -0.000000 1.000000
vn -0.000000 -0.000000 1.000000
vn -0.000000 -0.000000 1.000000
vn 0.970143 -0.000000 0.242536
vn 0.970143 -0.000000 0.242536
vn 0.970143 -0.000000 0.242536
vn 0.970143 -0.000000 0.242536
vn -0.000000 -1.000000 -0.000000
vn -0.000000 -1.000000 -0.000000
vn -0.000000 -1.000000 -0.000000
vn -0.000000 -1.000000 -0.000000
vn -0.000000 -0.000000 -1.000000
vn -0.000000 -0.000000 -1.000000
vn -0.000000 -0.000000 -1.000000
vn -0.000000 -0.000000 -1.000000
vn -0.970143 -0.000000 -0.242536
vn -0.970143 -0.000000 -0.242536
vn -0.970143 -0.000000 -0.242536
vn -0.970143 -0.000000 -0.242536
vn -0.000000 -0.000000 1.000000
vn -0.000000 -0.000000 1.000000
vn -0.000000 -0.000000 1.000000
vn -0.000000 -0.000000 1.000000
vn 0.970143 -0.000000 0.242536
vn 0.970143 -0.000000 0.242536
vn 0.970143 -0.000000 0.242536
vn 0.970143 -0.000000 0.242536
vn -0.000000 -1.000000 -0.000000
vn -0.000000 -1.000000 -0.000000
vn -0.000000 -1.000000 -0.000000
vn -0.000000 -1.000000 -0.000000
vn -0.000000 -0.000000 -1.000000
vn -0.000000 -0.000000 -1.000000
vn -0.000000 -0.000000 -1.000000
vn -0.000000 -0.000000 -1.000000
vn -0.970143 -0.000000 -0.242536
vn -0.970143 -0.000000 -0.242536
vn -0.970143 -0.000000 -0.242536
vn -0.970143 -0.000000 -0.242536
vn -0.000000 -0.000000 1.000000
vn -0.000000 -0.000000 1.000000
vn -0.000000 -0.000000 1.000000
vn -0.000000 -0.000000 1.000000
vn 0.970143 -0.000000 0.242536
vn 0.970143 -0.000000 0.242536
vn 0.970143 -0.000000 0.242536
vn 0.970143 -0.000000 0.242536
vn -0.000000 -1.000000 -0.000000
vn -0.000000 -1.000000 -0.000000
vn -0.000000 -1.000000 -0.000000
vn -0.000000 -1.000000 -0.000000
vn 0.970143 -0.000000 0.242536
vn 0.970143 -0.000000 0.242536
vn 0.970143 -0.000000 0.242536
vn 0.970143 -0.000000 0.242536
vn -0.000000 -0.000000 -1.000000
vn -0.000000 -0.000000 -1.000000
vn -0.000000 -0.000000 -1.000000
vn -0.000000 -0.000000 -1.000000
vn -0.970143 -0.000000 -0.242536
vn -0.970143 -0.000000 -0.242536
vn -0.970143 -0.000000 -0.242536
vn -0.970143 -0.000000 -0.242536
vn -0.000000 -0.000000 1.000000
vn -0.000000 -0.000000 1.000000
vn -0.000000 -0.000000 1.000000
vn -0.000000 -0.000000 1.000000
vn -0.000000 -1.000000 -0.000000
vn -0.000000 -1.000000 -0.000000
vn -0.000000 -1.000000 -0.000000
vn -0.000000 -1.000000 -0.000000
vn -0.000000 -0.000000 -1.000000
vn -0.000000 -0.000000 -1.000000
vn -0.000000 -0.000000 -1.000000
vn -0.000000 -0.000000 -1.000000
vn -0.970143 -0.000000 -0.242536
vn -0.970143 -0.000000 -0.242536
vn -0.970143 -0.000000 -0.242536
vn -0.970143 -0.000000 -0.242536
vn -0.000000 -0.000000 1.000000
vn -0.000000 -0.000000 1.000000
vn -0.000000 -0.000000 1.000000
vn -0.000000 -0.000000 1.000000
vn 0.970143 -0.000000 0.242536
vn 0.970143 -0.000000 0.242536
vn 0.970143 -0.000000 0.242536
vn 0.970143 -0.000000 0.242536
vn -0.000000 -1.000000 -0.000000
vn -0.000000 -1.000000 -0.000000
vn -0.000000 -1.000000 -0.000000
vn -0.000000 -1.000000 -0.000000
vn -0.000000 -0.000000 -1.000000
vn -0.000000 -0.000000 -1.000000
vn -0.000000 -0.000000 -1.000000
vn -0.000000 -0.000000 -1.000000
vn -0.970143 -0.000000 -0.242536
vn -0.970143 -0.000000 -0.242536
vn -0.970143 -0.000000 -0.242536
vn -0.970143 -0.000000 -0.242536
vn -0.000000 -0.000000 1.000000
vn -0.000000 -0.000000 1.000000
vn -0.000000 -0.000000 1.000000
vn -0.000000 -0.000000 1.000000
vn 0.970143 -0.000000 0.242536
vn 0.970143 -0.000000 0.242536
vn 0.970143 -0.000000 0.242536
vn 0.970143 -0.000000 0.242536
vn -0.000000 -1.000000 -0.000000
vn -0.000000 -1.000000 -0.000000
vn -0.000000 -1.000000 -0.000000
vn -0.000000 -1.000000 -0.000000
vn -0.000000 -0.000000 -1.000000
vn -0.000000 -0.000000 -1.000000
vn -0.000000 -0.000000 -1.000000
vn -0.000000 -0.000000 -1.000000
vn -0.970143 -0.000000 -0.242536
vn -0.970143 -0.000000 -0.242536
vn -0.970143 -0.000000 -0.242536
vn -0.970143 -0.000000 -0.242536
vn -0.000000 -0.000000 1.000000
vn -0.000000 -0.000000 1.000000
vn -0.000000 -0.000000 1.000000
vn -0.000000 -0.000000 1.000000
vn 0.970143 -0.000000 0.242536
vn 0.970143 -0.000000 0.242536
vn 0.970143 -0.000000 0.242536
vn 0.970143 -0.000000 0.242536
vn -0.000000 -1.000000 -0.000000
vn -0.000000 -1.000000 -0.000000
vn -0.000000 -1.000000 -0.000000
vn -0.000000 -1.000000 -0.000000
vn -0.000000 -0.000000 -1.000000
vn -0.000000 -0.000000 -1.000000
vn -0.000000 -0.000000 -1.000000
vn -0.000000 -0.000000 -1.000000
vn -0.970143 -0.000000 -0.242536
vn -0.970143 -0.000000 -0.242536
vn -0.970143 -0.000000 -0.242536
vn -0.970143 -0.000000 -0.242536
vn -0.000000 -0.000000 1.000000
vn -0.000000 -0.000000 1.000000
vn -0.000000 -0.000000 1.000000
vn -0.000000 -0.000000 1.000000
vn 0.970143 0.000000 0.242536
vn 0.970143 0.000000 0.242536
vn 0.970143 0.000000 0.242536
vn 0.970143 0.000000 0.242536
vn -0.000000 1.000000 -0.000000
vn -0.000000 1.000000 -0.000000
vn -0.000000 1.000000 -0.000000
vn -0.000000 1.000000 -0.000000
vn -0.000000 -0.000000 -1.000000
vn -0.000000 -0.000000 -1.000000
vn -0.000000 -0.000000 -1.000000
vn -0.000000 -0.000000 -1.000000
vn -0.970143 -0.000000 -0.242536
vn -0.970143 -0.000000 -0.242536
vn -0.970143 -0.000000 -0.242536
vn -0.970143 -0.000000 -0.242536
vn -0.000000 -0.000000 1.000000
vn -0.000000 -0.000000 1.000000
vn -0.000000 -0.000000 1.000000
vn -0.000000 -0.000000 1.000000
vn 0.970143 0.000000 0.242536
vn 0.970143 0.000000 0.242536
vn 0.970143 0.000000 0.242536
vn 0.970143 0.000000 0.242536
vn -0.000000 1.000000 -0.000000
vn -0.000000 1.000000 -0.000000
vn -0.000000 1.000000 -0.000000
vn -0.000000 1.000000 -0.000000
vn -0.000000 -0.000000 -1.000000
vn -0.000000 -0.000000 -1.000000
vn -0.000000 -0.000000 -1.000000
vn -0.000000 -0.000000 -1.000000
vn -0.970143 -0.000000 -0.242536
vn -0.970143 -0.000000 -0.242536
vn -0.970143 -0.000000 -0.242536
vn -0.970143 -0.000000 -0.242536
vn -0.000000 -0.000000 1.000000
vn -0.000000 -0.000000 1.000000
vn -0.000000 -0.000000 1.000000
vn -0.000000 -0.000000 1.000000
vn 0.970143 0.000000 0.242536
vn 0.970143 0.000000 0.242536
vn 0.970143 0.000000 0.242536
vn 0.970143 0.000000 0.242536
vn -0.000000 1.000000 -0.000000
vn -0.000000 1.000000 -0.000000
vn -0.000000 1.000000 -0.000000
vn -0.000000 1.000000 -0.000000
vn -0.000000 -0.000000 -1.000000
vn -0.000000 -0.000000 -1.000000
vn -0.000000 -0.000000 -1.000000
vn -0.000000 -0.000000 -1.000000
vn -0.970143 -0.000000 -0.242536
vn -0.970143 -0.000000 -0.242536
vn -0.970143 -0.000000 -0.242536
vn -0.970143 -0.000000 -0.242536
vn -0.000000 -0.000000 1.000000
vn -0.000000 -0.000000 1.000000
vn -0.000000 -0.000000 1.000000
vn -0.000000 -0.000000 1.000000
vn 0.970143 0.000000 0.242536
vn 0.970143 0.000000 0.242536
vn 0.970143 0.000000 0.242536
vn 0.970143 0.000000 0.242536
vn -0.000000 1.000000 -0.000000
vn -0.000000 1.000000 -0.000000
vn -0.000000 1.000000 -0.000000
vn -0.000000 1.000000 -0.000000
vn -0.000000 -0.000000 -1.000000
vn -0.000000 -0.000000 -1.000000
vn -0.000000 -0.000000 -1.000000
vn -0.000000 -0.000000 -1.000000
vn -0.970143 -0.000000 -0.242536
vn -0.970143 -0.000000 -0.242536
vn -0.970143 -0.000000 -0.242536
vn -0.970143 -0.000000 -0.242536
vn -0.000000 -0.000000 1.000000
vn -0.000000 -0.000000 1.000000
vn -0.000000 -0.000000 1.000000
vn -0.000000 -0.000000 1.000000
vn 0.970143 0.000000 0.242536
vn 0.970143 0.000000 0.242536
vn 0.970143 0.000000 0.242536
vn 0.970143 0.000000 0.242536
vn -0.000000 1.000000 -0.000000
vn -0.000000 1.000000 -0.000000
vn -0.000000 1.000000 -0.000000
vn -0.000000 1.000000 -0.000000
vn 0.970143 0.000000 0.242536
vn 0.970143 0.000000 0.242536
vn 0.970143 0.000000 0.242536
vn 0.970143 0.000000 0.242536
vn -0.000000 -0.000000 -1.000000
vn -0.000000 -0.000000 -1.000000
vn -0.000000 -0.000000 -1.000000
vn -0.000000 -0.000000 -1.000000
vn -0.970143 -0.000000 -0.242536
vn -0.970143 -0.000000 -0.242536
vn -0.970143 -0.000000 -0.242536
vn -0.970143 -0.000000 -0.242536
vn -0.000000 -0.000000 1.000000
vn -0.000000 -0.000000 1.000000
vn -0.000000 -0.000000 1.000000
vn -0.000000 -0.000000 1.000000
vn -0.000000 1.000000 -0.000000
vn -0.000000 1.000000 -0.000000
vn -0.000000 1.000000 -0.000000
vn -0.000000 1.000000 -0.000000
vn -0.000000 -0.000000 -1.000000
vn -0.000000 -0.000000 -1.000000
vn -0.000000 -0.000000 -1.000000
vn -0.000000 -0.000000 -1.000000
vn -0.970143 -0.000000 -0.242536
vn -0.970143 -0.000000 -0.242536
vn -0.970143 -0.000000 -0.242536
vn -0.970143 -0.000000 -0.242536
vn -0.000000 -0.000000 1.000000
vn -0.000000 -0.000000 1.000000
vn -0.000000 -0.000000 1.000000
vn -0.000000 -0.000000 1.000000
vn 0.970143 0.000000 0.242536
vn 0.970143 0.000000 0.242536
vn 0.970143 0.000000 0.242536
vn 0.970143 0.000000 0.242536
vn -0.000000 1.000000 -0.000000
vn -0.000000 1.000000 -0.000000
vn -0.000000 1.000000 -0.000000
vn -0.000000 1.000000 -0.000000
vn -0.000000 -0.000000 -1.000000
vn -0.000000 -0.000000 -1.000000
vn -0.000000 -0.000000 -1.000000
vn -0.000000 -0.000000 -1.000000
vn -0.970143 -0.000000 -0.242536
vn -0.970143 -0.000000 -0.242536
vn -0.970143 -0.000000 -0.242536
vn -0.970143 -0.000000 -0.242536
vn -0.000000 -0.000000 1.000000
vn -0.000000 -0.000000 1.000000
vn -0.000000 -0.000000 1.000000
vn -0.000000 -0.000000 1.000000
vn 0.970143 0.000000 0.242536
vn 0.970143 0.000000 0.242536
vn 0.970143 0.000000 0.242536
vn 0.970143 0.000000 0.242536
vn -0.000000 1.000000 -0.000000
vn -0.000000 1.000000 -0.000000
vn -0.000000 1.000000 -0.000000
vn -0.000000 1.000000 -0.000000
usemtl Paint_-_Metal_Flake_(Black)
f 2/1/1 18/2/2 1/3/3
f 1/3/3 18/2/2 19/4/4
f 1/3/3 19/4/4 20/5/5
f 20/5/5 19/4/4 52/6/6
f 20/5/5 52/6/6 53/7/7
f 53/7/7 52/6/6 85/8/8
f 53/7/7 85/8/8 86/9/9
f 86/9/9 85/8/8 118/10/10
f 86/9/9 118/10/10 119/11/11
f 119/11/11 118/10/10 10/12/12
f 119/11/11 10/12/12 120/13/13
f 120/13/13 10/12/12 121/14/14
f 120/13/13 121/14/14 88/15/15
f 88/15/15 121/14/14 89/16/16
f 88/15/15 89/16/16 56/17/17
f 56/17/17 89/16/16 57/18/18
f 56/17/17 57/18/18 24/19/19
f 24/19/19 57/18/18 25/20/20
f 24/19/19 25/20/20 1/3/3
f 1/3/3 25/20/20 26/21/21
f 1/3/3 26/21/21 27/22/22
f 27/22/22 26/21/21 59/23/23
f 27/22/22 59/23/23 60/24/24
f 60/24/24 59/23/23 92/25/25
f 60/24/24 92/25/25 93/26/26
f 93/26/26 92/25/25 125/27/27
f 93/26/26 125/27/27 126/28/28
f 126/28/28 125/27/27 10/12/12
f 126/28/28 10/12/12 127/29/29
f 127/29/29 10/12/12 128/30/30
f 127/29/29 128/30/30 95/31/31
f 95/31/31 128/30/30 96/32/32
f 95/31/31 96/32/32 63/33/33
f 63/33/33 96/32/32 64/34/34
f 63/33/33 64/34/34 31/35/35
f 31/35/35 64/34/34 32/36/36
f 31/35/35 32/36/36 1/3/3
f 1/3/3 32/36/36 33/37/37
f 1/3/3 33/37/37 34/38/38
f 34/38/38 33/37/37 66/39/39
f 34/38/38 66/39/39 67/40/40
f 67/40/40 66/39/39 99/41/41
f 67/40/40 99/41/41 100/42/42
f 100/42/42 99/41/41 132/43/43
f 100/42/42 132/43/43 133/44/44
f 133/44/44 132/43/43 11/45/45
f 133/44/44 11/45/45 134/46/46
f 134/46/46 11/45/45 135/47/47
f 134/46/46 135/47/47 102/48/48
f 102/48/48 135/47/47 103/49/49
f 102/48/48 103/49/49 70/50/50
f 70/50/50 103/49/49 71/51/51
f 70/50/50 71/51/51 38/52/52
f 38/52/52 71/51/51 39/53/53
f 38/52/52 39/53/53 1/3/3
f 1/3/3 39/53/53 40/54/54
f 1/3/3 40/54/54 16/55/55
f 16/55/55 40/54/54 41/56/56
f 16/55/55 41/56/56 42/57/57
f 42/57/57 41/56/56 74/58/58
f 42/57/57 74/58/58 75/59/59
f 75/59/59 74/58/58 107/60/60
f 75/59/59 107/60/60 108/61/61
f 108/61/61 107/60/60 140/62/62
f 108/61/61 140/62/62 141/63/63
f 141/63/63 140/62/62 11/45/45
f 141/63/63 11/45/45 142/64/64
f 142/64/64 11/45/45 143/65/65
f 142/64/64 143/65/65 110/66/66
f 110/66/66 143/65/65 111/67/67
f 110/66/66 111/67/67 78/68/68
f 78/68/68 111/67/67 79/69/69
f 78/68/68 79/69/69 46/70/70
f 46/70/70 79/69/69 47/71/71
f 46/70/70 47/71/71 16/55/55
f 16/55/55 47/71/71 48/72/72
f 16/55/55 48/72/72 49/73/73
f 49/73/73 48/72/72 81/74/74
f 49/73/73 81/74/74 15/75/75
f 15/75/75 81/74/74 14/76/76
f 14/76/76 81/74/74 113/77/77
f 14/76/76 113/77/77 13/78/78
f 13/78/78 113/77/77 145/79/79
f 13/78/78 145/79/79 12/80/80
f 12/80/80 145/79/79 11/45/45
f 11/45/45 145/79/79 144/81/81
f 11/45/45 144/81/81 143/65/65
f 143/65/65 144/81/81 111/67/67
f 2/1/1 3/82/82 18/2/2
f 18/2/2 3/82/82 50/83/83
f 18/2/2 50/83/83 51/84/84
f 51/84/84 50/83/83 83/85/85
f 51/84/84 83/85/85 84/86/86
f 84/86/86 83/85/85 116/87/87
f 84/86/86 116/87/87 117/88/88
f 117/88/88 116/87/87 10/12/12
f 117/88/88 10/12/12 118/10/10
f 3/82/82 4/89/89 50/83/83
f 50/83/83 4/89/89 5/90/90
f 50/83/83 5/90/90 82/91/91
f 82/91/91 5/90/90 6/92/92
f 82/91/91 6/92/92 7/93/93
f 82/91/91 7/93/93 114/94/94
f 114/94/94 7/93/93 8/95/95
f 114/94/94 8/95/95 9/96/96
f 9/96/96 10/12/12 114/94/94
f 114/94/94 10/12/12 115/97/97
f 114/94/94 115/97/97 82/91/91
f 82/91/91 115/97/97 83/85/85
f 82/91/91 83/85/85 50/83/83
f 11/45/45 130/98/98 10/12/12
f 10/12/12 130/98/98 129/99/99
f 10/12/12 129/99/99 128/30/30
f 128/30/30 129/99/99 96/32/32
f 15/75/75 16/55/55 49/73/73
f 16/55/55 17/100/100 1/3/3
f 52/6/6 19/4/4 51/84/84
f 51/84/84 19/4/4 18/2/2
f 20/5/5 21/101/101 1/3/3
f 1/3/3 21/101/101 22/102/102
f 1/3/3 22/102/102 23/103/103
f 23/103/103 22/102/102 55/104/104
f 23/103/103 55/104/104 56/17/17
f 56/17/17 55/104/104 88/15/15
f 20/5/5 53/7/7 21/101/101
f 21/101/101 53/7/7 54/105/105
f 21/101/101 54/105/105 22/102/102
f 22/102/102 54/105/105 55/104/104
f 24/19/19 1/3/3 23/103/103
f 56/17/17 24/19/19 23/103/103
f 26/21/21 25/20/20 58/106/106
f 58/106/106 25/20/20 57/18/18
f 58/106/106 57/18/18 90/107/107
f 90/107/107 57/18/18 89/16/16
f 90/107/107 89/16/16 122/108/108
f 122/108/108 89/16/16 121/14/14
f 122/108/108 121/14/14 10/12/12
f 27/22/22 28/109/109 1/3/3
f 1/3/3 28/109/109 29/110/110
f 1/3/3 29/110/110 30/111/111
f 30/111/111 29/110/110 62/112/112
f 30/111/111 62/112/112 63/33/33
f 63/33/33 62/112/112 95/31/31
f 27/22/22 60/24/24 28/109/109
f 28/109/109 60/24/24 61/113/113
f 28/109/109 61/113/113 29/110/110
f 29/110/110 61/113/113 62/112/112
f 31/35/35 1/3/3 30/111/111
f 63/33/33 31/35/35 30/111/111
f 33/37/37 32/36/36 65/114/114
f 65/114/114 32/36/36 64/34/34
f 65/114/114 64/34/34 97/115/115
f 97/115/115 64/34/34 96/32/32
f 97/115/115 96/32/32 129/99/99
f 34/38/38 35/116/116 1/3/3
f 1/3/3 35/116/116 36/117/117
f 1/3/3 36/117/117 37/118/118
f 37/118/118 36/117/117 69/119/119
f 37/118/118 69/119/119 70/50/50
f 70/50/50 69/119/119 102/48/48
f 34/38/38 67/40/40 35/116/116
f 35/116/116 67/40/40 68/120/120
f 35/116/116 68/120/120 36/117/117
f 36/117/117 68/120/120 69/119/119
f 38/52/52 1/3/3 37/118/118
f 70/50/50 38/52/52 37/118/118
f 40/54/54 39/53/53 72/121/121
f 72/121/121 39/53/53 71/51/51
f 72/121/121 71/51/51 104/122/122
f 104/122/122 71/51/51 103/49/49
f 104/122/122 103/49/49 136/123/123
f 136/123/123 103/49/49 135/47/47
f 136/123/123 135/47/47 11/45/45
f 41/56/56 40/54/54 73/124/124
f 73/124/124 40/54/54 72/121/121
f 73/124/124 72/121/121 105/125/125
f 105/125/125 72/121/121 104/122/122
f 105/125/125 104/122/122 137/126/126
f 137/126/126 104/122/122 136/123/123
f 137/126/126 136/123/123 11/45/45
f 42/57/57 43/127/127 16/55/55
f 16/55/55 43/127/127 44/128/128
f 16/55/55 44/128/128 45/129/129
f 45/129/129 44/128/128 77/130/130
f 45/129/129 77/130/130 78/68/68
f 78/68/68 77/130/130 110/66/66
f 42/57/57 75/59/59 43/127/127
f 43/127/127 75/59/59 76/131/131
f 43/127/127 76/131/131 44/128/128
f 44/128/128 76/131/131 77/130/130
f 46/70/70 16/55/55 45/129/129
f 78/68/68 46/70/70 45/129/129
f 48/72/72 47/71/71 80/132/132
f 80/132/132 47/71/71 79/69/69
f 80/132/132 79/69/69 112/133/133
f 112/133/133 79/69/69 111/67/67
f 112/133/133 111/67/67 144/81/81
f 85/8/8 52/6/6 84/86/86
f 84/86/86 52/6/6 51/84/84
f 53/7/7 86/9/9 54/105/105
f 54/105/105 86/9/9 87/134/134
f 54/105/105 87/134/134 55/104/104
f 55/104/104 87/134/134 88/15/15
f 26/21/21 58/106/106 59/23/23
f 59/23/23 58/106/106 91/135/135
f 59/23/23 91/135/135 92/25/25
f 92/25/25 91/135/135 124/136/136
f 92/25/25 124/136/136 125/27/27
f 125/27/27 124/136/136 10/12/12
f 91/135/135 58/106/106 90/107/107
f 60/24/24 93/26/26 61/113/113
f 61/113/113 93/26/26 94/137/137
f 61/113/113 94/137/137 62/112/112
f 62/112/112 94/137/137 95/31/31
f 33/37/37 65/114/114 66/39/39
f 66/39/39 65/114/114 98/138/138
f 66/39/39 98/138/138 99/41/41
f 99/41/41 98/138/138 131/139/139
f 99/41/41 131/139/139 132/43/43
f 132/43/43 131/139/139 11/45/45
f 98/138/138 65/114/114 97/115/115
f 67/40/40 100/42/42 68/120/120
f 68/120/120 100/42/42 101/140/140
f 68/120/120 101/140/140 69/119/119
f 69/119/119 101/140/140 102/48/48
f 41/56/56 73/124/124 74/58/58
f 74/58/58 73/124/124 106/141/141
f 74/58/58 106/141/141 107/60/60
f 107/60/60 106/141/141 139/142/142
f 107/60/60 139/142/142 140/62/62
f 140/62/62 139/142/142 11/45/45
f 106/141/141 73/124/124 105/125/125
f 75/59/59 108/61/61 76/131/131
f 76/131/131 108/61/61 109/143/143
f 76/131/131 109/143/143 77/130/130
f 77/130/130 109/143/143 110/66/66
f 113/77/77 81/74/74 80/132/132
f 80/132/132 81/74/74 48/72/72
f 113/77/77 80/132/132 112/133/133
f 116/87/87 83/85/85 115/97/97
f 118/10/10 85/8/8 117/88/88
f 117/88/88 85/8/8 84/86/86
f 120/13/13 88/15/15 87/134/134
f 120/13/13 87/134/134 119/11/11
f 119/11/11 87/134/134 86/9/9
f 91/135/135 90/107/107 123/144/144
f 123/144/144 90/107/107 122/108/108
f 123/144/144 122/108/108 10/12/12
f 127/29/29 95/31/31 94/137/137
f 127/29/29 94/137/137 126/28/28
f 126/28/28 94/137/137 93/26/26
f 129/99/99 130/98/98 97/115/115
f 97/115/115 130/98/98 98/138/138
f 134/46/46 102/48/48 101/140/140
f 134/46/46 101/140/140 133/44/44
f 133/44/44 101/140/140 100/42/42
f 106/141/141 105/125/125 138/145/145
f 138/145/145 105/125/125 137/126/126
f 138/145/145 137/126/126 11/45/45
f 142/64/64 110/66/66 109/143/143
f 142/64/64 109/143/143 141/63/63
f 141/63/63 109/143/143 108/61/61
f 145/79/79 113/77/77 112/133/133
f 145/79/79 112/133/133 144/81/81
f 10/12/12 116/87/87 115/97/97
f 10/12/12 124/136/136 123/144/144
f 123/144/144 124/136/136 91/135/135
f 11/45/45 131/139/139 130/98/98
f 130/98/98 131/139/139 98/138/138
f 11/45/45 139/142/142 138/145/145
f 138/145/145 139/142/142 106/141/141
f 10/146/146 148/147/147 11/148/45
f 11/148/45 148/147/147 149/149/148
f 11/148/45 149/149/148 150/150/149
f 10/146/146 146/151/150 148/147/147
f 148/147/147 146/151/150 147/152/151
f 151/153/152 152/154/153 150/150/149
f 150/150/149 152/154/153 11/148/45
f 147/155/151 146/156/150 164/157/154
f 164/157/154 146/156/150 153/158/155
f 164/157/154 153/158/155 154/159/156
f 164/157/154 154/159/156 163/160/157
f 163/160/157 154/159/156 155/161/158
f 163/160/157 155/161/158 162/162/159
f 162/162/159 155/161/158 156/163/160
f 162/162/159 156/163/160 161/164/161
f 161/164/161 156/163/160 157/165/162
f 161/164/161 157/165/162 160/166/163
f 160/166/163 157/165/162 158/167/164
f 160/166/163 158/167/164 159/168/165
f 10/169/146 9/170/166 146/171/150
f 146/171/150 9/170/166 171/172/167
f 146/171/150 171/172/167 153/173/168
f 153/173/168 171/172/167 170/174/169
f 153/173/168 170/174/169 154/175/156
f 154/175/156 170/174/169 169/176/170
f 154/175/156 169/176/170 168/177/171
f 168/177/171 169/176/170 6/178/172
f 168/177/171 6/178/172 5/179/173
f 9/170/166 8/180/174 171/172/167
f 171/172/167 8/180/174 7/181/175
f 171/172/167 7/181/175 170/174/169
f 170/174/169 7/181/175 6/178/172
f 170/174/169 6/178/172 169/176/170
f 5/179/173 4/182/176 168/177/171
f 168/177/171 4/182/176 167/183/177
f 168/177/171 167/183/177 155/184/178
f 155/184/178 167/183/177 156/185/179
f 156/185/179 167/183/177 166/186/180
f 156/185/179 166/186/180 174/187/181
f 174/187/181 166/186/180 158/188/182
f 174/187/181 158/188/182 157/189/183
f 167/183/177 4/182/176 172/190/184
f 172/190/184 4/182/176 3/191/185
f 172/190/184 3/191/185 166/186/180
f 166/186/180 3/191/185 173/192/186
f 166/186/180 173/192/186 158/188/182
f 158/188/182 173/192/186 165/193/187
f 165/193/187 173/192/186 175/194/188
f 165/193/187 175/194/188 1/195/189
f 1/195/189 175/194/188 2/196/190
f 2/196/190 175/194/188 173/192/186
f 2/196/190 173/192/186 3/191/185
f 157/189/183 156/185/179 174/187/181
f 155/184/178 154/175/156 168/177/171
f 172/190/184 166/186/180 167/183/177
f 184/197/191 176/198/192 191/199/193
f 191/199/193 176/198/192 177/200/194
f 191/199/193 177/200/194 190/201/195
f 190/201/195 177/200/194 178/202/196
f 190/201/195 178/202/196 189/203/197
f 189/203/197 178/202/196 188/204/198
f 189/203/197 188/204/198 196/205/199
f 196/205/199 188/204/198 195/206/200
f 196/205/199 195/206/200 161/207/201
f 161/207/201 195/206/200 162/208/202
f 162/208/202 195/206/200 194/209/203
f 162/208/202 194/209/203 193/210/204
f 193/210/204 194/209/203 186/211/205
f 193/210/204 186/211/205 185/212/206
f 185/212/206 186/211/205 180/213/207
f 185/212/206 180/213/207 181/214/208
f 178/202/196 179/215/209 188/204/198
f 188/204/198 179/215/209 187/216/210
f 188/204/198 187/216/210 195/206/200
f 195/206/200 187/216/210 194/209/203
f 187/216/210 179/215/209 186/211/205
f 186/211/205 179/215/209 180/213/207
f 181/214/208 182/217/211 185/212/206
f 185/212/206 182/217/211 192/218/212
f 185/212/206 192/218/212 193/210/204
f 193/210/204 192/218/212 163/219/213
f 193/210/204 163/219/213 162/208/202
f 182/217/211 183/220/214 192/218/212
f 192/218/212 183/220/214 164/221/215
f 192/218/212 164/221/215 163/219/213
f 183/220/214 147/222/151 164/221/215
f 196/205/199 161/207/201 197/223/216
f 197/223/216 161/207/201 160/224/217
f 197/223/216 160/224/217 198/225/218
f 198/225/218 160/224/217 159/226/219
f 198/225/218 159/226/219 184/197/191
f 198/225/218 184/197/191 191/199/193
f 194/209/203 187/216/210 186/211/205
f 198/225/218 191/199/193 190/201/195
f 196/205/199 197/223/216 189/203/197
f 189/203/197 197/223/216 190/201/195
f 197/223/216 198/225/218 190/201/195
f 181/227/208 180/228/220 202/229/221
f 202/229/221 180/228/220 209/230/222
f 202/229/221 209/230/222 214/231/223
f 214/231/223 209/230/222 208/232/224
f 214/231/223 208/232/224 215/233/225
f 215/233/225 208/232/224 207/234/226
f 215/233/225 207/234/226 216/235/227
f 216/235/227 207/234/226 206/236/228
f 216/235/227 206/236/228 217/237/229
f 217/237/229 206/236/228 204/238/230
f 217/237/229 204/238/230 218/239/231
f 218/239/231 204/238/230 199/240/232
f 218/239/231 199/240/232 210/241/233
f 210/241/233 199/240/232 205/242/234
f 210/241/233 205/242/234 222/243/235
f 222/243/235 205/242/234 200/244/236
f 180/228/220 179/245/237 209/230/222
f 209/230/222 179/245/237 208/232/224
f 179/245/237 178/246/238 208/232/224
f 208/232/224 178/246/238 207/234/226
f 178/246/238 177/247/239 207/234/226
f 207/234/226 177/247/239 206/236/228
f 206/236/228 177/247/239 204/238/230
f 204/238/230 177/247/239 176/248/192
f 204/238/230 176/248/192 199/240/232
f 199/240/232 200/249/240 205/242/234
f 202/229/221 203/250/241 201/251/242
f 201/251/242 203/250/241 219/252/243
f 201/251/242 219/252/243 200/253/244
f 222/243/235 200/254/245 221/255/246
f 221/255/246 200/256/247 220/257/248
f 220/257/248 200/258/249 219/252/243
f 202/229/221 214/231/223 203/250/241
f 203/250/241 214/231/223 215/233/225
f 203/250/241 215/233/225 213/259/250
f 213/259/250 215/233/225 216/235/227
f 213/259/250 216/235/227 212/260/251
f 212/260/251 216/235/227 217/237/229
f 212/260/251 217/237/229 211/261/252
f 211/261/252 217/237/229 218/239/231
f 211/261/252 218/239/231 210/241/233
f 210/241/233 222/243/235 211/261/252
f 211/261/252 222/243/235 221/255/246
f 211/261/252 221/255/246 212/260/251
f 212/260/251 221/255/246 220/257/248
f 212/260/251 220/257/248 213/259/250
f 213/259/250 220/257/248 219/252/243
f 213/259/250 219/252/243 203/250/241
f 238/262/253 200/263/254 224/264/255
f 224/264/255 200/263/254 199/265/256
f 224/264/255 199/265/256 223/266/257
f 223/266/257 199/265/256 176/267/192
f 224/264/255 225/268/258 238/262/253
f 238/262/253 225/268/258 226/269/259
f 238/262/253 226/269/259 237/270/260
f 237/270/260 226/269/259 227/271/261
f 237/270/260 227/271/261 236/272/262
f 236/272/262 227/271/261 228/273/263
f 236/272/262 228/273/263 229/274/264
f 236/272/262 229/274/264 235/275/265
f 235/275/265 229/274/264 230/276/266
f 235/275/265 230/276/266 233/277/267
f 233/277/267 230/276/266 232/278/268
f 232/278/268 230/276/266 231/279/269
f 233/277/267 234/280/270 235/275/265
f 223/281/257 176/282/271 252/283/272
f 252/283/272 176/282/271 184/284/273
f 252/283/272 184/284/273 159/285/274
f 159/285/274 158/286/275 252/283/272
f 252/283/272 158/286/275 239/287/276
f 252/283/272 239/287/276 253/288/277
f 253/288/277 239/287/276 240/289/278
f 253/288/277 240/289/278 254/290/279
f 254/290/279 240/289/278 255/291/280
f 254/290/279 255/291/280 249/292/281
f 249/292/281 255/291/280 248/293/282
f 248/293/282 255/291/280 256/294/283
f 248/293/282 256/294/283 247/295/284
f 247/295/284 256/294/283 257/296/285
f 247/295/284 257/296/285 246/297/286
f 246/297/286 257/296/285 251/298/287
f 246/297/286 251/298/287 245/299/288
f 245/299/288 251/298/287 244/300/289
f 244/300/289 251/298/287 243/301/290
f 243/301/290 251/298/287 257/296/285
f 243/301/290 257/296/285 242/302/291
f 242/302/291 257/296/285 256/294/283
f 242/302/291 256/294/283 241/303/292
f 241/303/292 256/294/283 255/291/280
f 241/303/292 255/291/280 240/289/278
f 254/290/279 249/292/281 253/288/277
f 253/288/277 249/292/281 250/304/293
f 253/288/277 250/304/293 252/283/272
f 252/283/272 250/304/293 223/281/257
f 182/305/294 181/306/295 264/307/296
f 264/307/296 181/306/295 202/308/297
f 264/307/296 202/308/297 266/309/298
f 266/309/298 202/308/297 201/310/299
f 266/309/298 201/310/299 258/311/300
f 258/311/300 201/310/299 200/312/254
f 258/311/300 259/313/301 266/309/298
f 266/309/298 259/313/301 264/307/296
f 259/313/301 260/314/302 264/307/296
f 264/307/296 260/314/302 265/315/303
f 264/307/296 265/315/303 183/316/304
f 183/316/304 265/315/303 147/317/305
f 147/317/305 265/315/303 148/318/306
f 148/318/306 265/315/303 267/319/307
f 148/318/306 267/319/307 149/320/308
f 149/320/308 267/319/307 150/321/309
f 150/321/309 267/319/307 263/322/310
f 263/322/310 267/319/307 262/323/311
f 262/323/311 267/319/307 261/324/312
f 261/324/312 267/319/307 265/315/303
f 261/324/312 265/315/303 260/314/302
f 183/316/304 182/305/294 264/307/296
f 262/325/313 285/326/314 263/327/310
f 263/327/310 285/326/314 273/328/315
f 263/327/310 273/328/315 272/329/316
f 272/329/316 273/328/315 291/330/317
f 272/329/316 291/330/317 303/331/318
f 303/331/318 291/330/317 290/332/319
f 303/331/318 290/332/319 304/333/320
f 304/333/320 290/332/319 289/334/321
f 304/333/320 289/334/321 305/335/322
f 305/335/322 289/334/321 288/336/323
f 305/335/322 288/336/323 306/337/324
f 306/337/324 288/336/323 287/338/325
f 306/337/324 287/338/325 307/339/326
f 307/339/326 287/338/325 286/340/327
f 307/339/326 286/340/327 308/341/328
f 308/341/328 286/340/327 276/342/329
f 308/341/328 276/342/329 309/343/330
f 309/343/330 276/342/329 269/344/331
f 309/343/330 269/344/331 297/345/332
f 297/345/332 269/344/331 322/346/333
f 297/345/332 322/346/333 321/347/334
f 321/347/334 322/346/333 324/348/335
f 321/347/334 324/348/335 325/349/336
f 325/349/336 324/348/335 332/350/337
f 325/349/336 332/350/337 333/351/338
f 333/351/338 332/350/337 313/352/339
f 333/351/338 313/352/339 312/353/340
f 312/353/340 313/352/339 270/354/341
f 262/325/313 261/355/342 285/326/314
f 285/326/314 261/355/342 284/356/343
f 285/326/314 284/356/343 273/328/315
f 273/328/315 284/356/343 292/357/344
f 273/328/315 292/357/344 291/330/317
f 291/330/317 292/357/344 290/332/319
f 284/356/343 261/355/342 283/358/345
f 283/358/345 261/355/342 260/359/346
f 283/358/345 260/359/346 282/360/347
f 282/360/347 260/359/346 281/361/348
f 282/360/347 281/361/348 294/362/349
f 294/362/349 281/361/348 295/363/350
f 294/362/349 295/363/350 288/336/323
f 288/336/323 295/363/350 287/338/325
f 260/359/346 259/364/351 281/361/348
f 281/361/348 259/364/351 280/365/352
f 281/361/348 280/365/352 295/363/350
f 295/363/350 280/365/352 296/366/353
f 295/363/350 296/366/353 287/338/325
f 287/338/325 296/366/353 286/340/327
f 280/365/352 259/364/351 279/367/354
f 279/367/354 259/364/351 258/368/300
f 279/367/354 258/368/300 274/369/355
f 274/369/355 258/368/300 268/370/356
f 274/369/355 268/370/356 276/342/329
f 276/342/329 268/370/356 269/344/331
f 270/371/357 278/372/358 269/344/331
f 269/344/331 278/372/358 330/373/359
f 269/344/331 330/373/359 323/374/360
f 323/374/360 330/373/359 331/375/361
f 323/374/360 331/375/361 324/348/335
f 324/348/335 331/375/361 332/350/337
f 272/329/316 275/376/362 271/377/363
f 271/377/363 275/376/362 316/378/364
f 271/377/363 316/378/364 329/379/365
f 329/379/365 316/378/364 317/380/366
f 329/379/365 317/380/366 328/381/367
f 328/381/367 317/380/366 318/382/368
f 328/381/367 318/382/368 327/383/369
f 327/383/369 318/382/368 319/384/370
f 327/383/369 319/384/370 326/385/371
f 326/385/371 319/384/370 320/386/372
f 326/385/371 320/386/372 325/349/336
f 325/349/336 320/386/372 321/347/334
f 278/372/358 270/387/373 315/388/374
f 315/388/374 270/389/375 314/390/376
f 314/390/376 270/391/377 313/352/339
f 312/353/340 270/392/378 311/393/379
f 311/393/379 270/394/380 310/395/381
f 272/329/316 303/331/318 275/376/362
f 275/376/362 303/331/318 304/333/320
f 275/376/362 304/333/320 302/396/382
f 302/396/382 304/333/320 305/335/322
f 302/396/382 305/335/322 301/397/383
f 301/397/383 305/335/322 306/337/324
f 301/397/383 306/337/324 300/398/384
f 300/398/384 306/337/324 307/339/326
f 300/398/384 307/339/326 299/399/385
f 299/399/385 307/339/326 308/341/328
f 299/399/385 308/341/328 298/400/386
f 298/400/386 308/341/328 309/343/330
f 298/400/386 309/343/330 297/345/332
f 271/377/363 329/379/365 277/401/387
f 277/401/387 329/379/365 328/381/367
f 277/401/387 328/381/367 335/402/388
f 335/402/388 328/381/367 327/383/369
f 335/402/388 327/383/369 334/403/389
f 334/403/389 327/383/369 326/385/371
f 334/403/389 326/385/371 333/351/338
f 333/351/338 326/385/371 325/349/336
f 324/348/335 322/346/333 323/374/360
f 323/374/360 322/346/333 269/344/331
f 296/366/353 280/365/352 279/367/354
f 292/357/344 284/356/343 283/358/345
f 283/358/345 282/360/347 293/404/390
f 293/404/390 282/360/347 294/362/349
f 293/404/390 294/362/349 289/334/321
f 289/334/321 294/362/349 288/336/323
f 276/342/329 286/340/327 274/369/355
f 274/369/355 286/340/327 296/366/353
f 274/369/355 296/366/353 279/367/354
f 289/334/321 290/332/319 293/404/390
f 293/404/390 290/332/319 292/357/344
f 293/404/390 292/357/344 283/358/345
f 297/345/332 321/347/334 298/400/386
f 298/400/386 321/347/334 320/386/372
f 298/400/386 320/386/372 299/399/385
f 299/399/385 320/386/372 319/384/370
f 299/399/385 319/384/370 300/398/384
f 300/398/384 319/384/370 318/382/368
f 300/398/384 318/382/368 301/397/383
f 301/397/383 318/382/368 317/380/366
f 301/397/383 317/380/366 302/396/382
f 302/396/382 317/380/366 316/378/364
f 302/396/382 316/378/364 275/376/362
f 277/401/387 335/402/388 310/395/381
f 310/395/381 335/402/388 311/393/379
f 335/402/388 334/403/389 311/393/379
f 311/393/379 334/403/389 312/353/340
f 334/403/389 333/351/338 312/353/340
f 313/352/339 332/350/337 314/390/376
f 314/390/376 332/350/337 331/375/361
f 314/390/376 331/375/361 315/388/374
f 315/388/374 331/375/361 330/373/359
f 315/388/374 330/373/359 278/372/358
f 270/405/391 271/377/363 310/395/381
f 310/395/381 271/377/363 277/401/387
f 270/406/392 269/407/393 342/408/394
f 342/408/394 269/407/393 343/409/395
f 342/408/394 343/409/395 341/410/396
f 341/410/396 343/409/395 340/411/397
f 340/411/397 343/409/395 344/412/398
f 340/411/397 344/412/398 339/413/399
f 339/413/399 344/412/398 345/414/400
f 339/413/399 345/414/400 338/415/401
f 338/415/401 345/414/400 346/416/402
f 338/415/401 346/416/402 337/417/403
f 337/417/403 346/416/402 347/418/404
f 337/417/403 347/418/404 336/419/405
f 336/419/405 347/418/404 235/420/265
f 336/419/405 235/420/265 234/421/270
f 269/407/393 268/422/406 343/409/395
f 343/409/395 268/422/406 258/423/300
f 343/409/395 258/423/300 344/412/398
f 344/412/398 258/423/300 200/424/254
f 344/412/398 200/424/254 238/425/253
f 344/412/398 238/425/253 345/414/400
f 345/414/400 238/425/253 237/426/260
f 345/414/400 237/426/260 346/416/402
f 346/416/402 237/426/260 236/427/262
f 346/416/402 236/427/262 347/418/404
f 347/418/404 236/427/262 235/420/265
f 272/428/407 357/429/408 263/430/409
f 263/430/409 357/429/408 360/431/410
f 263/430/409 360/431/410 356/432/411
f 356/432/411 360/431/410 364/433/412
f 356/432/411 364/433/412 355/434/413
f 355/434/413 364/433/412 354/435/414
f 354/435/414 364/433/412 363/436/415
f 354/435/414 363/436/415 353/437/416
f 353/437/416 363/436/415 352/438/417
f 352/438/417 363/436/415 351/439/418
f 351/439/418 363/436/415 359/440/419
f 351/439/418 359/440/419 350/441/420
f 350/441/420 359/440/419 358/442/421
f 350/441/420 358/442/421 349/443/422
f 349/443/422 358/442/421 362/444/423
f 349/443/422 362/444/423 348/445/424
f 348/445/424 362/444/423 361/446/425
f 348/445/424 361/446/425 271/447/426
f 271/447/426 361/446/425 272/428/407
f 272/428/407 361/446/425 357/429/408
f 271/447/426 270/448/392 348/445/424
f 357/429/408 358/442/421 360/431/410
f 360/431/410 358/442/421 359/440/419
f 360/431/410 359/440/419 364/433/412
f 364/433/412 359/440/419 363/436/415
f 361/446/425 362/444/423 357/429/408
f 357/429/408 362/444/423 358/442/421
f 263/449/310 356/450/427 150/451/309
f 150/451/309 356/450/427 355/452/428
f 150/451/309 355/452/428 151/453/429
f 151/453/429 355/452/428 354/454/430
f 348/455/431 17/456/432 349/457/433
f 349/457/433 17/456/432 16/458/434
f 349/457/433 16/458/434 15/459/435
f 349/457/433 15/459/435 350/460/436
f 350/460/436 15/459/435 14/461/437
f 350/460/436 14/461/437 13/462/438
f 13/462/438 12/463/439 350/460/436
f 350/460/436 12/463/439 11/464/440
f 350/460/436 11/464/440 351/465/441
f 351/465/441 11/464/440 352/466/442
f 352/466/442 11/464/440 152/467/443
f 352/466/442 152/467/443 353/468/444
f 354/469/445 353/470/446 151/471/447
f 151/471/447 353/470/446 152/472/448
f 270/473/392 342/474/394 348/475/424
f 348/475/424 342/474/394 368/476/449
f 368/476/449 342/474/394 367/477/450
f 367/477/450 342/474/394 365/478/451
f 367/477/450 365/478/451 366/479/452
f 369/480/453 370/481/454 372/482/455
f 372/482/455 370/481/454 371/483/456
f 373/484/457 369/485/458 374/486/459
f 374/486/459 369/485/458 372/487/460
f 375/488/461 373/489/462 376/490/463
f 376/490/463 373/489/462 374/491/464
f 370/492/465 375/493/466 371/494/467
f 371/494/467 375/493/466 376/495/468
f 378/496/469 430/497/470 377/498/471
f 377/498/471 430/497/470 425/499/472
f 377/500/471 425/501/472 400/502/473
f 400/502/473 425/501/472 540/503/474
f 400/502/473 540/503/474 399/504/475
f 399/504/475 540/503/474 535/505/476
f 399/504/475 535/505/476 398/506/477
f 398/506/477 535/505/476 530/507/478
f 398/506/477 530/507/478 397/508/479
f 397/508/479 530/507/478 525/509/480
f 397/508/479 525/509/480 396/510/481
f 396/510/481 525/509/480 520/511/482
f 396/510/481 520/511/482 395/512/483
f 395/512/483 520/511/482 515/513/484
f 395/512/483 515/513/484 394/514/485
f 394/514/485 515/513/484 510/515/486
f 394/514/485 510/515/486 393/516/487
f 393/516/487 510/515/486 505/517/488
f 393/516/487 505/517/488 392/518/489
f 392/518/489 505/517/488 500/519/490
f 392/518/489 500/519/490 391/520/491
f 391/520/491 500/519/490 495/521/492
f 391/520/491 495/521/492 390/522/493
f 390/522/493 495/521/492 490/523/494
f 390/522/493 490/523/494 389/524/495
f 389/524/495 490/523/494 485/525/496
f 389/524/495 485/525/496 388/526/497
f 388/526/497 485/525/496 480/527/498
f 388/526/497 480/527/498 387/528/499
f 387/528/499 480/527/498 475/529/500
f 387/528/499 475/529/500 386/530/501
f 386/530/501 475/529/500 470/531/502
f 386/530/501 470/531/502 385/532/503
f 385/532/503 470/531/502 465/533/504
f 385/532/503 465/533/504 384/534/505
f 384/534/505 465/533/504 460/535/506
f 384/534/505 460/535/506 383/536/507
f 383/536/507 460/535/506 455/537/508
f 383/536/507 455/537/508 382/538/509
f 382/538/509 455/537/508 450/539/510
f 382/538/509 450/539/510 381/540/511
f 381/540/511 450/539/510 445/541/512
f 381/540/511 445/541/512 380/542/513
f 380/542/513 445/541/512 440/543/514
f 380/542/513 440/543/514 379/544/515
f 379/544/515 440/543/514 435/545/516
f 379/544/515 435/545/516 378/496/469
f 378/496/469 435/545/516 430/497/470
f 402/546/517 544/547/518 401/548/519
f 401/548/519 544/547/518 429/549/520
f 401/550/519 429/551/520 424/552/521
f 424/552/521 429/551/520 434/553/522
f 424/552/521 434/553/522 423/554/523
f 423/554/523 434/553/522 439/555/524
f 423/554/523 439/555/524 422/556/525
f 422/556/525 439/555/524 444/557/526
f 422/556/525 444/557/526 421/558/527
f 421/558/527 444/557/526 449/559/528
f 421/558/527 449/559/528 420/560/529
f 420/560/529 449/559/528 454/561/530
f 420/560/529 454/561/530 419/562/531
f 419/562/531 454/561/530 459/563/532
f 419/562/531 459/563/532 418/564/533
f 418/564/533 459/563/532 464/565/534
f 418/564/533 464/565/534 417/566/535
f 417/566/535 464/565/534 469/567/536
f 417/566/535 469/567/536 416/568/537
f 416/568/537 469/567/536 474/569/538
f 416/568/537 474/569/538 415/570/539
f 415/570/539 474/569/538 479/571/540
f 415/570/539 479/571/540 414/572/541
f 414/572/541 479/571/540 484/573/542
f 414/572/541 484/573/542 413/574/543
f 413/574/543 484/573/542 489/575/544
f 413/574/543 489/575/544 412/576/545
f 412/576/545 489/575/544 494/577/546
f 412/576/545 494/577/546 411/578/547
f 411/578/547 494/577/546 499/579/548
f 411/578/547 499/579/548 410/580/549
f 410/580/549 499/579/548 504/581/550
f 410/580/549 504/581/550 409/582/551
f 409/582/551 504/581/550 509/583/552
f 409/582/551 509/583/552 408/584/553
f 408/584/553 509/583/552 514/585/554
f 408/584/553 514/585/554 407/586/555
f 407/586/555 514/585/554 519/587/556
f 407/586/555 519/587/556 406/588/557
f 406/588/557 519/587/556 524/589/558
f 406/588/557 524/589/558 405/590/559
f 405/590/559 524/589/558 529/591/560
f 405/590/559 529/591/560 404/592/561
f 404/592/561 529/591/560 534/593/562
f 404/592/561 534/593/562 403/594/563
f 403/594/563 534/593/562 539/595/564
f 403/594/563 539/595/564 402/546/517
f 402/546/517 539/595/564 544/547/518
f 425/501/472 426/596/565 540/503/474
f 540/503/474 426/596/565 541/597/566
f 540/503/474 541/597/566 535/505/476
f 535/505/476 541/597/566 536/598/567
f 535/505/476 536/598/567 530/507/478
f 530/507/478 536/598/567 531/599/568
f 530/507/478 531/599/568 525/509/480
f 525/509/480 531/599/568 526/600/569
f 525/509/480 526/600/569 520/511/482
f 520/511/482 526/600/569 521/601/570
f 520/511/482 521/601/570 515/513/484
f 515/513/484 521/601/570 516/602/571
f 515/513/484 516/602/571 510/515/486
f 510/515/486 516/602/571 511/603/572
f 510/515/486 511/603/572 505/517/488
f 505/517/488 511/603/572 506/604/573
f 505/517/488 506/604/573 500/519/490
f 500/519/490 506/604/573 501/605/574
f 500/519/490 501/605/574 495/521/492
f 495/521/492 501/605/574 496/606/575
f 495/521/492 496/606/575 490/523/494
f 490/523/494 496/606/575 491/607/576
f 490/523/494 491/607/576 485/525/496
f 485/525/496 491/607/576 486/608/577
f 485/525/496 486/608/577 480/527/498
f 480/527/498 486/608/577 481/609/578
f 480/527/498 481/609/578 475/529/500
f 475/529/500 481/609/578 476/610/579
f 475/529/500 476/610/579 470/531/502
f 470/531/502 476/610/579 471/611/580
f 470/531/502 471/611/580 465/533/504
f 465/533/504 471/611/580 466/612/581
f 465/533/504 466/612/581 460/535/506
f 460/535/506 466/612/581 461/613/582
f 460/535/506 461/613/582 455/537/508
f 455/537/508 461/613/582 456/614/583
f 455/537/508 456/614/583 450/539/510
f 450/539/510 456/614/583 451/615/584
f 450/539/510 451/615/584 445/541/512
f 445/541/512 451/615/584 446/616/585
f 445/541/512 446/616/585 440/543/514
f 440/543/514 446/616/585 441/617/586
f 440/543/514 441/617/586 435/545/516
f 435/545/516 441/617/586 436/618/587
f 435/545/516 436/618/587 430/497/470
f 430/497/470 436/618/587 431/619/588
f 430/497/470 431/619/588 425/499/472
f 425/499/472 431/619/588 426/620/565
f 426/596/565 427/621/589 541/597/566
f 541/597/566 427/621/589 542/622/590
f 541/597/566 542/622/590 536/598/567
f 536/598/567 542/622/590 537/623/591
f 536/598/567 537/623/591 531/599/568
f 531/599/568 537/623/591 532/624/592
f 531/599/568 532/624/592 526/600/569
f 526/600/569 532/624/592 527/625/593
f 526/600/569 527/625/593 521/601/570
f 521/601/570 527/625/593 522/626/594
f 521/601/570 522/626/594 516/602/571
f 516/602/571 522/626/594 517/627/595
f 516/602/571 517/627/595 511/603/572
f 511/603/572 517/627/595 512/628/596
f 511/603/572 512/628/596 506/604/573
f 506/604/573 512/628/596 507/629/597
f 506/604/573 507/629/597 501/605/574
f 501/605/574 507/629/597 502/630/598
f 501/605/574 502/630/598 496/606/575
f 496/606/575 502/630/598 497/631/599
f 496/606/575 497/631/599 491/607/576
f 491/607/576 497/631/599 492/632/600
f 491/607/576 492/632/600 486/608/577
f 486/608/577 492/632/600 487/633/601
f 486/608/577 487/633/601 481/609/578
f 481/609/578 487/633/601 482/634/602
f 481/609/578 482/634/602 476/610/579
f 476/610/579 482/634/602 477/635/603
f 476/610/579 477/635/603 471/611/580
f 471/611/580 477/635/603 472/636/604
f 471/611/580 472/636/604 466/612/581
f 466/612/581 472/636/604 467/637/605
f 466/612/581 467/637/605 461/613/582
f 461/613/582 467/637/605 462/638/606
f 461/613/582 462/638/606 456/614/583
f 456/614/583 462/638/606 457/639/607
f 456/614/583 457/639/607 451/615/584
f 451/615/584 457/639/607 452/640/608
f 451/615/584 452/640/608 446/616/585
f 446/616/585 452/640/608 447/641/609
f 446/616/585 447/641/609 441/617/586
f 441/617/586 447/641/609 442/642/610
f 441/617/586 442/642/610 436/618/587
f 436/618/587 442/642/610 437/643/611
f 436/618/587 437/643/611 431/619/588
f 431/619/588 437/643/611 432/644/612
f 431/619/588 432/644/612 426/620/565
f 426/620/565 432/644/612 427/645/589
f 427/621/589 428/646/613 542/622/590
f 542/622/590 428/646/613 543/647/614
f 542/622/590 543/647/614 537/623/591
f 537/623/591 543/647/614 538/648/615
f 537/623/591 538/648/615 532/624/592
f 532/624/592 538/648/615 533/649/616
f 532/624/592 533/649/616 527/625/593
f 527/625/593 533/649/616 528/650/617
f 527/625/593 528/650/617 522/626/594
f 522/626/594 528/650/617 523/651/618
f 522/626/594 523/651/618 517/627/595
f 517/627/595 523/651/618 518/652/619
f 517/627/595 518/652/619 512/628/596
f 512/628/596 518/652/619 513/653/620
f 512/628/596 513/653/620 507/629/597
f 507/629/597 513/653/620 508/654/621
f 507/629/597 508/654/621 502/630/598
f 502/630/598 508/654/621 503/655/622
f 502/630/598 503/655/622 497/631/599
f 497/631/599 503/655/622 498/656/623
f 497/631/599 498/656/623 492/632/600
f 492/632/600 498/656/623 493/657/624
f 492/632/600 493/657/624 487/633/601
f 487/633/601 493/657/624 488/658/625
f 487/633/601 488/658/625 482/634/602
f 482/634/602 488/658/625 483/659/626
f 482/634/602 483/659/626 477/635/603
f 477/635/603 483/659/626 478/660/627
f 477/635/603 478/660/627 472/636/604
f 472/636/604 478/660/627 473/661/628
f 472/636/604 473/661/628 467/637/605
f 467/637/605 473/661/628 468/662/629
f 467/637/605 468/662/629 462/638/606
f 462/638/606 468/662/629 463/663/630
f 462/638/606 463/663/630 457/639/607
f 457/639/607 463/663/630 458/664/631
f 457/639/607 458/664/631 452/640/608
f 452/640/608 458/664/631 453/665/632
f 452/640/608 453/665/632 447/641/609
f 447/641/609 453/665/632 448/666/633
f 447/641/609 448/666/633 442/642/610
f 442/642/610 448/666/633 443/667/634
f 442/642/610 443/667/634 437/643/611
f 437/643/611 443/667/634 438/668/635
f 437/643/611 438/668/635 432/644/612
f 432/644/612 438/668/635 433/669/636
f 432/644/612 433/669/636 427/645/589
f 427/645/589 433/669/636 428/670/613
f 428/646/613 429/549/520 543/647/614
f 543/647/614 429/549/520 544/547/518
f 543/647/614 544/547/518 538/648/615
f 538/648/615 544/547/518 539/595/564
f 538/648/615 539/595/564 533/649/616
f 533/649/616 539/595/564 534/593/562
f 533/649/616 534/593/562 528/650/617
f 528/650/617 534/593/562 529/591/560
f 528/650/617 529/591/560 523/651/618
f 523/651/618 529/591/560 524/589/558
f 523/651/618 524/589/558 518/652/619
f 518/652/619 524/589/558 519/587/556
f 518/652/619 519/587/556 513/653/620
f 513/653/620 519/587/556 514/585/554
f 513/653/620 514/585/554 508/654/621
f 508/654/621 514/585/554 509/583/552
f 508/654/621 509/583/552 503/655/622
f 503/655/622 509/583/552 504/581/550
f 503/655/622 504/581/550 498/656/623
f 498/656/623 504/581/550 499/579/548
f 498/656/623 499/579/548 493/657/624
f 493/657/624 499/579/548 494/577/546
f 493/657/624 494/577/546 488/658/625
f 488/658/625 494/577/546 489/575/544
f 488/658/625 489/575/544 483/659/626
f 483/659/626 489/575/544 484/573/542
f 483/659/626 484/573/542 478/660/627
f 478/660/627 484/573/542 479/571/540
f 478/660/627 479/571/540 473/661/628
f 473/661/628 479/571/540 474/569/538
f 473/661/628 474/569/538 468/662/629
f 468/662/629 474/569/538 469/567/536
f 468/662/629 469/567/536 463/663/630
f 463/663/630 469/567/536 464/565/534
f 463/663/630 464/565/534 458/664/631
f 458/664/631 464/565/534 459/563/532
f 458/664/631 459/563/532 453/665/632
f 453/665/632 459/563/532 454/561/530
f 453/665/632 454/561/530 448/666/633
f 448/666/633 454/561/530 449/559/528
f 448/666/633 449/559/528 443/667/634
f 443/667/634 449/559/528 444/557/526
f 443/667/634 444/557/526 438/668/635
f 438/668/635 444/557/526 439/555/524
f 438/668/635 439/555/524 433/669/636
f 433/669/636 439/555/524 434/553/522
f 433/669/636 434/553/522 428/670/613
f 428/670/613 434/553/522 429/551/520
f 546/671/637 378/672/469 545/673/638
f 545/673/638 378/672/469 377/674/471
f 545/675/638 377/676/471 568/677/639
f 568/677/639 377/676/471 400/678/473
f 568/677/639 400/678/473 567/679/640
f 567/679/640 400/678/473 399/680/475
f 567/679/640 399/680/475 566/681/641
f 566/681/641 399/680/475 398/682/477
f 566/681/641 398/682/477 565/683/642
f 565/683/642 398/682/477 397/684/479
f 565/683/642 397/684/479 564/685/643
f 564/685/643 397/684/479 396/686/481
f 564/685/643 396/686/481 563/687/644
f 563/687/644 396/686/481 395/688/483
f 563/687/644 395/688/483 562/689/645
f 562/689/645 395/688/483 394/690/485
f 562/689/645 394/690/485 561/691/646
f 561/691/646 394/690/485 393/692/487
f 561/691/646 393/692/487 560/693/647
f 560/693/647 393/692/487 392/694/489
f 560/693/647 392/694/489 559/695/648
f 559/695/648 392/694/489 391/696/491
f 559/695/648 391/696/491 558/697/649
f 558/697/649 391/696/491 390/698/493
f 558/697/649 390/698/493 557/699/650
f 557/699/650 390/698/493 389/700/495
f 557/699/650 389/700/495 556/701/651
f 556/701/651 389/700/495 388/702/497
f 556/701/651 388/702/497 555/703/652
f 555/703/652 388/702/497 387/704/499
f 555/703/652 387/704/499 554/705/653
f 554/705/653 387/704/499 386/706/501
f 554/705/653 386/706/501 553/707/654
f 553/707/654 386/706/501 385/708/503
f 553/707/654 385/708/503 552/709/655
f 552/709/655 385/708/503 384/710/505
f 552/709/655 384/710/505 551/711/656
f 551/711/656 384/710/505 383/712/507
f 551/711/656 383/712/507 550/713/657
f 550/713/657 383/712/507 382/714/509
f 550/713/657 382/714/509 549/715/658
f 549/715/658 382/714/509 381/716/511
f 549/715/658 381/716/511 548/717/659
f 548/717/659 381/716/511 380/718/513
f 548/717/659 380/718/513 547/719/660
f 547/719/660 380/718/513 379/720/515
f 547/719/660 379/720/515 546/671/637
f 546/671/637 379/720/515 378/672/469
f 596/721/661 569/722/662 611/723/663
f 611/723/663 569/722/662 570/724/664
f 611/723/663 570/724/664 610/725/665
f 610/725/665 570/724/664 571/726/666
f 610/725/665 571/726/666 572/727/667
f 572/727/667 573/728/668 610/725/665
f 610/725/665 573/728/668 609/729/669
f 609/729/669 573/728/668 574/730/670
f 609/729/669 574/730/670 608/731/671
f 608/731/671 574/730/670 575/732/672
f 608/731/671 575/732/672 607/733/673
f 607/733/673 575/732/672 606/734/674
f 606/734/674 575/732/672 605/735/675
f 605/735/675 575/732/672 604/736/676
f 604/736/676 575/732/672 576/737/677
f 604/736/676 576/737/677 577/738/678
f 578/739/679 638/740/680 577/738/678
f 577/738/678 638/740/680 639/741/681
f 577/738/678 639/741/681 640/742/682
f 579/743/683 636/744/684 578/739/679
f 578/739/679 636/744/684 637/745/685
f 578/739/679 637/745/685 638/740/680
f 580/746/686 633/747/687 579/743/683
f 579/743/683 633/747/687 634/748/688
f 579/743/683 634/748/688 635/749/689
f 581/750/690 631/751/691 580/746/686
f 580/746/686 631/751/691 632/752/692
f 580/746/686 632/752/692 633/747/687
f 631/751/691 581/750/690 630/753/693
f 630/753/693 581/750/690 582/754/694
f 630/753/693 582/754/694 629/755/695
f 629/755/695 582/754/694 583/756/696
f 629/755/695 583/756/696 628/757/697
f 628/757/697 583/756/696 627/758/698
f 627/758/698 583/756/696 597/759/699
f 627/758/698 597/759/699 626/760/700
f 626/760/700 597/759/699 625/761/701
f 625/761/701 597/759/699 648/762/702
f 648/762/702 597/759/699 647/763/703
f 647/763/703 597/759/699 646/764/704
f 646/764/704 597/759/699 645/765/705
f 645/765/705 597/759/699 644/766/706
f 644/766/706 597/759/699 643/767/707
f 643/767/707 597/759/699 603/768/708
f 643/767/707 603/768/708 642/769/709
f 642/769/709 603/768/708 641/770/710
f 641/770/710 603/768/708 577/738/678
f 641/770/710 577/738/678 640/742/682
f 583/756/696 584/771/711 597/759/699
f 597/759/699 584/771/711 403/772/563
f 597/759/699 403/772/563 624/773/712
f 624/773/712 403/772/563 402/774/517
f 624/773/712 402/774/517 401/775/519
f 585/776/713 405/777/559 584/771/711
f 584/771/711 405/777/559 404/778/561
f 584/771/711 404/778/561 403/772/563
f 405/777/559 585/776/713 406/779/557
f 406/779/557 585/776/713 586/780/714
f 406/779/557 586/780/714 407/781/555
f 407/781/555 586/780/714 587/782/715
f 407/781/555 587/782/715 408/783/553
f 408/783/553 587/782/715 409/784/551
f 409/784/551 587/782/715 588/785/716
f 409/784/551 588/785/716 410/786/549
f 410/786/549 588/785/716 411/787/547
f 411/787/547 588/785/716 589/788/717
f 411/787/547 589/788/717 412/789/545
f 412/789/545 589/788/717 413/790/543
f 413/790/543 589/788/717 590/791/718
f 413/790/543 590/791/718 414/792/541
f 414/792/541 590/791/718 415/793/539
f 415/793/539 590/791/718 416/794/537
f 416/794/537 590/791/718 417/795/535
f 417/795/535 590/791/718 617/796/719
f 417/795/535 617/796/719 618/797/720
f 590/791/718 591/798/721 617/796/719
f 617/796/719 591/798/721 592/799/722
f 617/796/719 592/799/722 616/800/723
f 616/800/723 592/799/722 615/801/724
f 615/801/724 592/799/722 614/802/725
f 614/802/725 592/799/722 613/803/726
f 613/803/726 592/799/722 593/804/727
f 613/803/726 593/804/727 612/805/728
f 612/805/728 593/804/727 594/806/729
f 612/805/728 594/806/729 611/723/663
f 611/723/663 594/806/729 595/807/730
f 611/723/663 595/807/730 596/721/661
f 597/759/699 598/808/731 603/768/708
f 603/768/708 598/808/731 599/809/732
f 603/768/708 599/809/732 600/810/733
f 600/810/733 601/811/734 603/768/708
f 603/768/708 601/811/734 602/812/735
f 603/768/708 604/736/676 577/738/678
f 619/813/736 620/814/737 618/797/720
f 618/797/720 620/814/737 621/815/738
f 618/797/720 621/815/738 622/816/739
f 618/797/720 622/816/739 420/817/529
f 420/817/529 622/816/739 623/818/740
f 420/817/529 623/818/740 421/819/527
f 421/819/527 623/818/740 624/773/712
f 421/819/527 624/773/712 422/820/525
f 422/820/525 624/773/712 423/821/523
f 423/821/523 624/773/712 424/822/521
f 424/822/521 624/773/712 401/775/519
f 635/749/689 636/744/684 579/743/683
f 420/817/529 419/823/531 618/797/720
f 618/797/720 419/823/531 418/824/533
f 618/797/720 418/824/533 417/795/535
f 650/825/741 702/826/742 649/827/743
f 649/827/743 702/826/742 697/828/744
f 649/829/743 697/830/744 672/831/745
f 672/831/745 697/830/744 812/832/746
f 672/831/745 812/832/746 671/833/747
f 671/833/747 812/832/746 807/834/748
f 671/833/747 807/834/748 670/835/749
f 670/835/749 807/834/748 802/836/750
f 670/835/749 802/836/750 669/837/751
f 669/837/751 802/836/750 797/838/752
f 669/837/751 797/838/752 668/839/753
f 668/839/753 797/838/752 792/840/754
f 668/839/753 792/840/754 667/841/755
f 667/841/755 792/840/754 787/842/756
f 667/841/755 787/842/756 666/843/757
f 666/843/757 787/842/756 782/844/758
f 666/843/757 782/844/758 665/845/759
f 665/845/759 782/844/758 777/846/760
f 665/845/759 777/846/760 664/847/761
f 664/847/761 777/846/760 772/848/762
f 664/847/761 772/848/762 663/849/763
f 663/849/763 772/848/762 767/850/764
f 663/849/763 767/850/764 662/851/765
f 662/851/765 767/850/764 762/852/766
f 662/851/765 762/852/766 661/853/767
f 661/853/767 762/852/766 757/854/768
f 661/853/767 757/854/768 660/855/769
f 660/855/769 757/854/768 752/856/770
f 660/855/769 752/856/770 659/857/771
f 659/857/771 752/856/770 747/858/772
f 659/857/771 747/858/772 658/859/773
f 658/859/773 747/858/772 742/860/774
f 658/859/773 742/860/774 657/861/775
f 657/861/775 742/860/774 737/862/776
f 657/861/775 737/862/776 656/863/777
f 656/863/777 737/862/776 732/864/778
f 656/863/777 732/864/778 655/865/779
f 655/865/779 732/864/778 727/866/780
f 655/865/779 727/866/780 654/867/781
f 654/867/781 727/866/780 722/868/782
f 654/867/781 722/868/782 653/869/783
f 653/869/783 722/868/782 717/870/784
f 653/869/783 717/870/784 652/871/785
f 652/871/785 717/870/784 712/872/786
f 652/871/785 712/872/786 651/873/787
f 651/873/787 712/872/786 707/874/788
f 651/873/787 707/874/788 650/825/741
f 650/825/741 707/874/788 702/826/742
f 674/875/789 816/876/790 673/877/791
f 673/877/791 816/876/790 701/878/792
f 673/879/791 701/880/792 696/881/793
f 696/881/793 701/880/792 706/882/794
f 696/881/793 706/882/794 695/883/795
f 695/883/795 706/882/794 711/884/796
f 695/883/795 711/884/796 694/885/797
f 694/885/797 711/884/796 716/886/798
f 694/885/797 716/886/798 693/887/799
f 693/887/799 716/886/798 721/888/800
f 693/887/799 721/888/800 692/889/801
f 692/889/801 721/888/800 726/890/802
f 692/889/801 726/890/802 691/891/803
f 691/891/803 726/890/802 731/892/804
f 691/891/803 731/892/804 690/893/805
f 690/893/805 731/892/804 736/894/806
f 690/893/805 736/894/806 689/895/807
f 689/895/807 736/894/806 741/896/808
f 689/895/807 741/896/808 688/897/809
f 688/897/809 741/896/808 746/898/810
f 688/897/809 746/898/810 687/899/811
f 687/899/811 746/898/810 751/900/812
f 687/899/811 751/900/812 686/901/813
f 686/901/813 751/900/812 756/902/814
f 686/901/813 756/902/814 685/903/815
f 685/903/815 756/902/814 761/904/816
f 685/903/815 761/904/816 684/905/817
f 684/905/817 761/904/816 766/906/818
f 684/905/817 766/906/818 683/907/819
f 683/907/819 766/906/818 771/908/820
f 683/907/819 771/908/820 682/909/821
f 682/909/821 771/908/820 776/910/822
f 682/909/821 776/910/822 681/911/823
f 681/911/823 776/910/822 781/912/824
f 681/911/823 781/912/824 680/913/825
f 680/913/825 781/912/824 786/914/826
f 680/913/825 786/914/826 679/915/827
f 679/915/827 786/914/826 791/916/828
f 679/915/827 791/916/828 678/917/829
f 678/917/829 791/916/828 796/918/830
f 678/917/829 796/918/830 677/919/831
f 677/919/831 796/918/830 801/920/832
f 677/919/831 801/920/832 676/921/833
f 676/921/833 801/920/832 806/922/834
f 676/921/833 806/922/834 675/923/835
f 675/923/835 806/922/834 811/924/836
f 675/923/835 811/924/836 674/875/789
f 674/875/789 811/924/836 816/876/790
f 697/830/744 698/925/837 812/832/746
f 812/832/746 698/925/837 813/926/838
f 812/832/746 813/926/838 807/834/748
f 807/834/748 813/926/838 808/927/839
f 807/834/748 808/927/839 802/836/750
f 802/836/750 808/927/839 803/928/840
f 802/836/750 803/928/840 797/838/752
f 797/838/752 803/928/840 798/929/841
f 797/838/752 798/929/841 792/840/754
f 792/840/754 798/929/841 793/930/842
f 792/840/754 793/930/842 787/842/756
f 787/842/756 793/930/842 788/931/843
f 787/842/756 788/931/843 782/844/758
f 782/844/758 788/931/843 783/932/844
f 782/844/758 783/932/844 777/846/760
f 777/846/760 783/932/844 778/933/845
f 777/846/760 778/933/845 772/848/762
f 772/848/762 778/933/845 773/934/846
f 772/848/762 773/934/846 767/850/764
f 767/850/764 773/934/846 768/935/847
f 767/850/764 768/935/847 762/852/766
f 762/852/766 768/935/847 763/936/848
f 762/852/766 763/936/848 757/854/768
f 757/854/768 763/936/848 758/937/849
f 757/854/768 758/937/849 752/856/770
f 752/856/770 758/937/849 753/938/850
f 752/856/770 753/938/850 747/858/772
f 747/858/772 753/938/850 748/939/851
f 747/858/772 748/939/851 742/860/774
f 742/860/774 748/939/851 743/940/852
f 742/860/774 743/940/852 737/862/776
f 737/862/776 743/940/852 738/941/853
f 737/862/776 738/941/853 732/864/778
f 732/864/778 738/941/853 733/942/854
f 732/864/778 733/942/854 727/866/780
f 727/866/780 733/942/854 728/943/855
f 727/866/780 728/943/855 722/868/782
f 722/868/782 728/943/855 723/944/856
f 722/868/782 723/944/856 717/870/784
f 717/870/784 723/944/856 718/945/857
f 717/870/784 718/945/857 712/872/786
f 712/872/786 718/945/857 713/946/858
f 712/872/786 713/946/858 707/874/788
f 707/874/788 713/946/858 708/947/859
f 707/874/788 708/947/859 702/826/742
f 702/826/742 708/947/859 703/948/860
f 702/826/742 703/948/860 697/828/744
f 697/828/744 703/948/860 698/949/837
f 698/925/837 699/950/861 813/926/838
f 813/926/838 699/950/861 814/951/862
f 813/926/838 814/951/862 808/927/839
f 808/927/839 814/951/862 809/952/863
f 808/927/839 809/952/863 803/928/840
f 803/928/840 809/952/863 804/953/864
f 803/928/840 804/953/864 798/929/841
f 798/929/841 804/953/864 799/954/865
f 798/929/841 799/954/865 793/930/842
f 793/930/842 799/954/865 794/955/866
f 793/930/842 794/955/866 788/931/843
f 788/931/843 794/955/866 789/956/867
f 788/931/843 789/956/867 783/932/844
f 783/932/844 789/956/867 784/957/868
f 783/932/844 784/957/868 778/933/845
f 778/933/845 784/957/868 779/958/869
f 778/933/845 779/958/869 773/934/846
f 773/934/846 779/958/869 774/959/870
f 773/934/846 774/959/870 768/935/847
f 768/935/847 774/959/870 769/960/871
f 768/935/847 769/960/871 763/936/848
f 763/936/848 769/960/871 764/961/872
f 763/936/848 764/961/872 758/937/849
f 758/937/849 764/961/872 759/962/873
f 758/937/849 759/962/873 753/938/850
f 753/938/850 759/962/873 754/963/874
f 753/938/850 754/963/874 748/939/851
f 748/939/851 754/963/874 749/964/875
f 748/939/851 749/964/875 743/940/852
f 743/940/852 749/964/875 744/965/876
f 743/940/852 744/965/876 738/941/853
f 738/941/853 744/965/876 739/966/877
f 738/941/853 739/966/877 733/942/854
f 733/942/854 739/966/877 734/967/878
f 733/942/854 734/967/878 728/943/855
f 728/943/855 734/967/878 729/968/879
f 728/943/855 729/968/879 723/944/856
f 723/944/856 729/968/879 724/969/880
f 723/944/856 724/969/880 718/945/857
f 718/945/857 724/969/880 719/970/881
f 718/945/857 719/970/881 713/946/858
f 713/946/858 719/970/881 714/971/882
f 713/946/858 714/971/882 708/947/859
f 708/947/859 714/971/882 709/972/883
f 708/947/859 709/972/883 703/948/860
f 703/948/860 709/972/883 704/973/884
f 703/948/860 704/973/884 698/949/837
f 698/949/837 704/973/884 699/974/861
f 699/950/861 700/975/885 814/951/862
f 814/951/862 700/975/885 815/976/886
f 814/951/862 815/976/886 809/952/863
f 809/952/863 815/976/886 810/977/887
f 809/952/863 810/977/887 804/953/864
f 804/953/864 810/977/887 805/978/888
f 804/953/864 805/978/888 799/954/865
f 799/954/865 805/978/888 800/979/889
f 799/954/865 800/979/889 794/955/866
f 794/955/866 800/979/889 795/980/890
f 794/955/866 795/980/890 789/956/867
f 789/956/867 795/980/890 790/981/891
f 789/956/867 790/981/891 784/957/868
f 784/957/868 790/981/891 785/982/892
f 784/957/868 785/982/892 779/958/869
f 779/958/869 785/982/892 780/983/893
f 779/958/869 780/983/893 774/959/870
f 774/959/870 780/983/893 775/984/894
f 774/959/870 775/984/894 769/960/871
f 769/960/871 775/984/894 770/985/895
f 769/960/871 770/985/895 764/961/872
f 764/961/872 770/985/895 765/986/896
f 764/961/872 765/986/896 759/962/873
f 759/962/873 765/986/896 760/987/897
f 759/962/873 760/987/897 754/963/874
f 754/963/874 760/987/897 755/988/898
f 754/963/874 755/988/898 749/964/875
f 749/964/875 755/988/898 750/989/899
f 749/964/875 750/989/899 744/965/876
f 744/965/876 750/989/899 745/990/900
f 744/965/876 745/990/900 739/966/877
f 739/966/877 745/990/900 740/991/901
f 739/966/877 740/991/901 734/967/878
f 734/967/878 740/991/901 735/992/902
f 734/967/878 735/992/902 729/968/879
f 729/968/879 735/992/902 730/993/903
f 729/968/879 730/993/903 724/969/880
f 724/969/880 730/993/903 725/994/904
f 724/969/880 725/994/904 719/970/881
f 719/970/881 725/994/904 720/995/905
f 719/970/881 720/995/905 714/971/882
f 714/971/882 720/995/905 715/996/906
f 714/971/882 715/996/906 709/972/883
f 709/972/883 715/996/906 710/997/907
f 709/972/883 710/997/907 704/973/884
f 704/973/884 710/997/907 705/998/908
f 704/973/884 705/998/908 699/974/861
f 699/974/861 705/998/908 700/999/885
f 700/975/885 701/878/792 815/976/886
f 815/976/886 701/878/792 816/876/790
f 815/976/886 816/876/790 810/977/887
f 810/977/887 816/876/790 811/924/836
f 810/977/887 811/924/836 805/978/888
f 805/978/888 811/924/836 806/922/834
f 805/978/888 806/922/834 800/979/889
f 800/979/889 806/922/834 801/920/832
f 800/979/889 801/920/832 795/980/890
f 795/980/890 801/920/832 796/918/830
f 795/980/890 796/918/830 790/981/891
f 790/981/891 796/918/830 791/916/828
f 790/981/891 791/916/828 785/982/892
f 785/982/892 791/916/828 786/914/826
f 785/982/892 786/914/826 780/983/893
f 780/983/893 786/914/826 781/912/824
f 780/983/893 781/912/824 775/984/894
f 775/984/894 781/912/824 776/910/822
f 775/984/894 776/910/822 770/985/895
f 770/985/895 776/910/822 771/908/820
f 770/985/895 771/908/820 765/986/896
f 765/986/896 771/908/820 766/906/818
f 765/986/896 766/906/818 760/987/897
f 760/987/897 766/906/818 761/904/816
f 760/987/897 761/904/816 755/988/898
f 755/988/898 761/904/816 756/902/814
f 755/988/898 756/902/814 750/989/899
f 750/989/899 756/902/814 751/900/812
f 750/989/899 751/900/812 745/990/900
f 745/990/900 751/900/812 746/898/810
f 745/990/900 746/898/810 740/991/901
f 740/991/901 746/898/810 741/896/808
f 740/991/901 741/896/808 735/992/902
f 735/992/902 741/896/808 736/894/806
f 735/992/902 736/894/806 730/993/903
f 730/993/903 736/894/806 731/892/804
f 730/993/903 731/892/804 725/994/904
f 725/994/904 731/892/804 726/890/802
f 725/994/904 726/890/802 720/995/905
f 720/995/905 726/890/802 721/888/800
f 720/995/905 721/888/800 715/996/906
f 715/996/906 721/888/800 716/886/798
f 715/996/906 716/886/798 710/997/907
f 710/997/907 716/886/798 711/884/796
f 710/997/907 711/884/796 705/998/908
f 705/998/908 711/884/796 706/882/794
f 705/998/908 706/882/794 700/999/885
f 700/999/885 706/882/794 701/880/792
f 648/1000/909 674/1001/789 625/1002/910
f 625/1002/910 674/1001/789 673/1003/791
f 625/1004/910 673/1005/791 626/1006/911
f 626/1006/911 673/1005/791 696/1007/793
f 626/1006/911 696/1007/793 627/1008/912
f 627/1008/912 696/1007/793 695/1009/795
f 627/1008/912 695/1009/795 628/1010/913
f 628/1010/913 695/1009/795 694/1011/797
f 628/1010/913 694/1011/797 629/1012/914
f 629/1012/914 694/1011/797 693/1013/799
f 629/1012/914 693/1013/799 630/1014/915
f 630/1014/915 693/1013/799 692/1015/801
f 630/1014/915 692/1015/801 631/1016/916
f 631/1016/916 692/1015/801 691/1017/803
f 631/1016/916 691/1017/803 632/1018/917
f 632/1018/917 691/1017/803 690/1019/805
f 632/1018/917 690/1019/805 633/1020/918
f 633/1020/918 690/1019/805 689/1021/807
f 633/1020/918 689/1021/807 634/1022/919
f 634/1022/919 689/1021/807 688/1023/809
f 634/1022/919 688/1023/809 635/1024/920
f 635/1024/920 688/1023/809 687/1025/811
f 635/1024/920 687/1025/811 636/1026/921
f 636/1026/921 687/1025/811 686/1027/813
f 636/1026/921 686/1027/813 637/1028/922
f 637/1028/922 686/1027/813 685/1029/815
f 637/1028/922 685/1029/815 638/1030/923
f 638/1030/923 685/1029/815 684/1031/817
f 638/1030/923 684/1031/817 639/1032/924
f 639/1032/924 684/1031/817 683/1033/819
f 639/1032/924 683/1033/819 640/1034/925
f 640/1034/925 683/1033/819 682/1035/821
f 640/1034/925 682/1035/821 641/1036/926
f 641/1036/926 682/1035/821 681/1037/823
f 641/1036/926 681/1037/823 642/1038/927
f 642/1038/927 681/1037/823 680/1039/825
f 642/1038/927 680/1039/825 643/1040/928
f 643/1040/928 680/1039/825 679/1041/827
f 643/1040/928 679/1041/827 644/1042/929
f 644/1042/929 679/1041/827 678/1043/829
f 644/1042/929 678/1043/829 645/1044/930
f 645/1044/930 678/1043/829 677/1045/831
f 645/1044/930 677/1045/831 646/1046/931
f 646/1046/931 677/1045/831 676/1047/833
f 646/1046/931 676/1047/833 647/1048/932
f 647/1048/932 676/1047/833 675/1049/835
f 647/1048/932 675/1049/835 648/1000/909
f 648/1000/909 675/1049/835 674/1001/789
f 672/1050/745 662/1051/765 649/1052/743
f 649/1052/743 662/1051/765 661/1053/767
f 649/1052/743 661/1053/767 650/1054/741
f 650/1054/741 661/1053/767 660/1055/769
f 650/1054/741 660/1055/769 651/1056/787
f 651/1056/787 660/1055/769 659/1057/771
f 651/1056/787 659/1057/771 652/1058/785
f 652/1058/785 659/1057/771 658/1059/773
f 652/1058/785 658/1059/773 653/1060/783
f 653/1060/783 658/1059/773 657/1061/775
f 653/1060/783 657/1061/775 654/1062/781
f 654/1062/781 657/1061/775 656/1063/777
f 654/1062/781 656/1063/777 655/1064/779
f 662/1051/765 672/1050/745 663/1065/763
f 663/1065/763 672/1050/745 671/1066/747
f 663/1065/763 671/1066/747 664/1067/761
f 664/1067/761 671/1066/747 670/1068/749
f 664/1067/761 670/1068/749 665/1069/759
f 665/1069/759 670/1068/749 669/1070/751
f 665/1069/759 669/1070/751 666/1071/757
f 666/1071/757 669/1070/751 668/1072/753
f 666/1071/757 668/1072/753 667/1073/755
f 568/1074/933 558/1075/934 545/1076/935
f 545/1076/935 558/1075/934 557/1077/936
f 545/1076/935 557/1077/936 546/1078/937
f 546/1078/937 557/1077/936 556/1079/938
f 546/1078/937 556/1079/938 547/1080/939
f 547/1080/939 556/1079/938 555/1081/940
f 547/1080/939 555/1081/940 548/1082/941
f 548/1082/941 555/1081/940 554/1083/942
f 548/1082/941 554/1083/942 549/1084/943
f 549/1084/943 554/1083/942 553/1085/944
f 549/1084/943 553/1085/944 550/1086/945
f 550/1086/945 553/1085/944 552/1087/946
f 550/1086/945 552/1087/946 551/1088/947
f 558/1075/934 568/1074/933 559/1089/948
f 559/1089/948 568/1074/933 567/1090/949
f 559/1089/948 567/1090/949 560/1091/950
f 560/1091/950 567/1090/949 566/1092/951
f 560/1091/950 566/1092/951 561/1093/952
f 561/1093/952 566/1092/951 565/1094/953
f 561/1093/952 565/1094/953 562/1095/954
f 562/1095/954 565/1094/953 564/1096/955
f 562/1095/954 564/1096/955 563/1097/956
usemtl Paint_-_Metallic_(Silver)
f 570/1098/957 817/1099/958 571/1100/959
f 571/1100/959 817/1099/958 818/1101/960
f 571/1100/959 818/1101/960 572/1102/961
f 572/1102/961 818/1101/960 819/1103/962
f 572/1102/961 819/1103/962 573/1104/963
f 573/1104/963 819/1103/962 820/1105/964
f 573/1104/963 820/1105/964 574/1106/965
f 574/1106/965 820/1105/964 821/1107/966
f 574/1106/965 821/1107/966 575/1108/967
f 575/1108/967 821/1107/966 822/1109/968
f 575/1108/967 822/1109/968 576/1110/969
f 576/1110/969 822/1109/968 823/1111/970
f 822/1112/971 821/1113/972 823/1114/973
f 823/1114/973 821/1113/972 820/1115/974
f 823/1114/973 820/1115/974 819/1116/975
f 819/1116/975 818/1117/976 823/1114/973
f 823/1114/973 818/1117/976 817/1118/977
f 823/1114/973 817/1118/977 838/1119/978
f 838/1119/978 817/1118/977 837/1120/979
f 837/1120/979 817/1118/977 824/1121/980
f 837/1120/979 824/1121/980 831/1122/981
f 831/1122/981 824/1121/980 830/1123/982
f 830/1123/982 824/1121/980 825/1124/983
f 830/1123/982 825/1124/983 826/1125/984
f 826/1125/984 827/1126/985 830/1123/982
f 830/1123/982 827/1126/985 828/1127/986
f 830/1123/982 828/1127/986 829/1128/987
f 832/1129/988 833/1130/989 831/1122/981
f 831/1122/981 833/1130/989 834/1131/990
f 831/1122/981 834/1131/990 835/1132/991
f 835/1132/991 836/1133/992 831/1122/981
f 831/1122/981 836/1133/992 837/1120/979
f 823/1114/973 838/1119/978 844/1134/993
f 844/1134/993 838/1119/978 839/1135/994
f 844/1134/993 839/1135/994 840/1136/995
f 840/1136/995 841/1137/996 844/1134/993
f 844/1134/993 841/1137/996 842/1138/997
f 844/1134/993 842/1138/997 843/1139/998
f 374/1140/999 570/1141/957 376/1142/1000
f 376/1142/1000 570/1141/957 569/1143/1001
f 376/1142/1000 569/1143/1001 371/1144/1002
f 371/1144/1002 569/1143/1001 824/1145/1003
f 371/1144/1002 824/1145/1003 817/1146/958
f 374/1140/999 372/1147/1004 570/1141/957
f 570/1141/957 372/1147/1004 817/1146/958
f 817/1146/958 372/1147/1004 371/1144/1002
f 577/1148/1005 844/1149/1006 578/1150/1007
f 578/1150/1007 844/1149/1006 843/1151/1008
f 578/1150/1007 843/1151/1008 579/1152/1009
f 579/1152/1009 843/1151/1008 842/1153/1010
f 579/1152/1009 842/1153/1010 580/1154/1011
f 580/1154/1011 842/1153/1010 841/1155/1012
f 580/1154/1011 841/1155/1012 581/1156/1013
f 581/1156/1013 841/1155/1012 840/1157/1014
f 581/1156/1013 840/1157/1014 582/1158/1015
f 582/1158/1015 840/1157/1014 839/1159/1016
f 582/1158/1015 839/1159/1016 583/1160/1017
f 583/1160/1017 839/1159/1016 838/1161/1018
f 838/1162/1018 837/1163/1019 583/1164/1017
f 583/1164/1017 837/1163/1019 584/1165/1020
f 584/1166/1020 837/1167/1019 585/1168/1021
f 585/1168/1021 837/1167/1019 836/1169/1022
f 585/1168/1021 836/1169/1022 586/1170/1023
f 586/1170/1023 836/1169/1022 835/1171/1024
f 586/1170/1023 835/1171/1024 587/1172/1025
f 587/1172/1025 835/1171/1024 834/1173/1026
f 587/1172/1025 834/1173/1026 588/1174/1027
f 588/1174/1027 834/1173/1026 833/1175/1028
f 588/1174/1027 833/1175/1028 589/1176/1029
f 589/1176/1029 833/1175/1028 832/1177/1030
f 589/1176/1029 832/1177/1030 590/1178/1031
f 590/1178/1031 832/1177/1030 831/1179/1032
f 831/1180/1032 830/1181/1033 590/1182/1031
f 590/1182/1031 830/1181/1033 591/1183/1034
f 591/1184/1034 830/1185/1033 592/1186/1035
f 592/1186/1035 830/1185/1033 829/1187/1036
f 592/1186/1035 829/1187/1036 593/1188/1037
f 593/1188/1037 829/1187/1036 828/1189/1038
f 593/1188/1037 828/1189/1038 594/1190/1039
f 594/1190/1039 828/1189/1038 827/1191/1040
f 594/1190/1039 827/1191/1040 595/1192/1041
f 595/1192/1041 827/1191/1040 826/1193/1042
f 595/1192/1041 826/1193/1042 596/1194/1043
f 596/1194/1043 826/1193/1042 825/1195/1044
f 596/1194/1043 825/1195/1044 569/1196/1001
f 569/1196/1001 825/1195/1044 824/1197/1003
usemtl Paint_-_Metal_Flake_(Black)
f 602/1198/1045 852/1199/1046 603/1200/1047
f 603/1200/1047 852/1199/1046 853/1201/1048
f 603/1200/1047 853/1201/1048 851/1202/1049
f 851/1202/1049 853/1201/1048 850/1203/1050
f 850/1203/1050 853/1201/1048 849/1204/1051
f 849/1204/1051 853/1201/1048 855/1205/1052
f 849/1204/1051 855/1205/1052 848/1206/1053
f 848/1206/1053 855/1205/1052 857/1207/1054
f 848/1206/1053 857/1207/1054 847/1208/1055
f 847/1208/1055 857/1207/1054 859/1209/1056
f 847/1208/1055 859/1209/1056 846/1210/1057
f 846/1210/1057 859/1209/1056 861/1211/1058
f 846/1210/1057 861/1211/1058 845/1212/1059
f 845/1212/1059 861/1211/1058 860/1213/1060
f 845/1212/1059 860/1213/1060 597/1214/1061
f 597/1214/1061 860/1213/1060 598/1215/1062
f 598/1215/1062 860/1213/1060 599/1216/1063
f 599/1216/1063 860/1213/1060 858/1217/1064
f 599/1216/1063 858/1217/1064 600/1218/1065
f 600/1218/1065 858/1217/1064 856/1219/1066
f 600/1218/1065 856/1219/1066 601/1220/1067
f 601/1220/1067 856/1219/1066 854/1221/1068
f 601/1220/1067 854/1221/1068 602/1198/1045
f 602/1198/1045 854/1221/1068 852/1199/1046
f 855/1205/1052 853/1201/1048 852/1199/1046
f 855/1205/1052 852/1199/1046 854/1221/1068
f 857/1207/1054 855/1205/1052 854/1221/1068
f 857/1207/1054 854/1221/1068 856/1219/1066
f 859/1209/1056 857/1207/1054 856/1219/1066
f 859/1209/1056 856/1219/1066 858/1217/1064
f 861/1211/1058 859/1209/1056 858/1217/1064
f 861/1211/1058 858/1217/1064 860/1213/1060
f 875/1222/1069 862/1223/1070 874/1224/1071
f 874/1224/1071 862/1223/1070 863/1225/1072
f 874/1224/1071 863/1225/1072 873/1226/1073
f 873/1226/1073 863/1225/1072 864/1227/1074
f 873/1226/1073 864/1227/1074 872/1228/1075
f 872/1228/1075 864/1227/1074 865/1229/1076
f 872/1228/1075 865/1229/1076 871/1230/1077
f 871/1230/1077 865/1229/1076 866/1231/1078
f 871/1230/1077 866/1231/1078 870/1232/1079
f 870/1232/1079 866/1231/1078 867/1233/1080
f 870/1232/1079 867/1233/1080 869/1234/1081
f 869/1234/1081 867/1233/1080 868/1235/1082
f 876/1236/1083 877/1237/1084 887/1238/1085
f 887/1238/1085 877/1237/1084 892/1239/1086
f 887/1238/1085 892/1239/1086 886/1240/1087
f 886/1240/1087 892/1239/1086 897/1241/1088
f 886/1240/1087 897/1241/1088 885/1242/1089
f 885/1242/1089 897/1241/1088 902/1243/1090
f 885/1242/1089 902/1243/1090 869/1244/1081
f 869/1244/1081 902/1243/1090 870/1245/1079
f 870/1245/1079 902/1243/1090 901/1246/1091
f 870/1245/1079 901/1246/1091 871/1247/1077
f 871/1247/1077 901/1246/1091 900/1248/1092
f 871/1247/1077 900/1248/1092 872/1249/1075
f 872/1249/1075 900/1248/1092 899/1250/1093
f 872/1249/1075 899/1250/1093 873/1251/1073
f 873/1251/1073 899/1250/1093 898/1252/1094
f 873/1251/1073 898/1252/1094 874/1253/1071
f 874/1253/1071 898/1252/1094 884/1254/1095
f 874/1253/1071 884/1254/1095 875/1255/1069
f 877/1237/1084 878/1256/1096 892/1239/1086
f 892/1239/1086 878/1256/1096 891/1257/1097
f 892/1239/1086 891/1257/1097 897/1241/1088
f 897/1241/1088 891/1257/1097 896/1258/1098
f 897/1241/1088 896/1258/1098 902/1243/1090
f 902/1243/1090 896/1258/1098 901/1246/1091
f 878/1256/1096 879/1259/1099 891/1257/1097
f 891/1257/1097 879/1259/1099 890/1260/1100
f 891/1257/1097 890/1260/1100 896/1258/1098
f 896/1258/1098 890/1260/1100 895/1261/1101
f 896/1258/1098 895/1261/1101 901/1246/1091
f 901/1246/1091 895/1261/1101 900/1248/1092
f 879/1259/1099 880/1262/1102 890/1260/1100
f 890/1260/1100 880/1262/1102 889/1263/1103
f 890/1260/1100 889/1263/1103 895/1261/1101
f 895/1261/1101 889/1263/1103 894/1264/1104
f 895/1261/1101 894/1264/1104 900/1248/1092
f 900/1248/1092 894/1264/1104 899/1250/1093
f 880/1262/1102 881/1265/1105 889/1263/1103
f 889/1263/1103 881/1265/1105 888/1266/1106
f 889/1263/1103 888/1266/1106 894/1264/1104
f 894/1264/1104 888/1266/1106 893/1267/1107
f 894/1264/1104 893/1267/1107 899/1250/1093
f 899/1250/1093 893/1267/1107 898/1252/1094
f 881/1265/1105 845/1268/1059 888/1266/1106
f 888/1266/1106 845/1268/1059 882/1269/1108
f 888/1266/1106 882/1269/1108 893/1267/1107
f 893/1267/1107 882/1269/1108 883/1270/1109
f 893/1267/1107 883/1270/1109 898/1252/1094
f 898/1252/1094 883/1270/1109 884/1254/1095
f 903/1271/1110 914/1272/1111 368/1273/449
f 368/1273/449 914/1272/1111 915/1274/1112
f 368/1273/449 915/1274/1112 348/1275/424
f 348/1275/424 915/1274/1112 916/1276/1113
f 348/1275/424 916/1276/1113 917/1277/1114
f 917/1277/1114 916/1276/1113 924/1278/1115
f 917/1277/1114 924/1278/1115 925/1279/1116
f 925/1279/1116 924/1278/1115 932/1280/1117
f 925/1279/1116 932/1280/1117 933/1281/1118
f 933/1281/1118 932/1280/1117 940/1282/1119
f 933/1281/1118 940/1282/1119 941/1283/1120
f 941/1283/1120 940/1282/1119 948/1284/1121
f 941/1283/1120 948/1284/1121 909/1285/1122
f 909/1285/1122 948/1284/1121 908/1286/1123
f 908/1286/1123 948/1284/1121 947/1287/1124
f 908/1286/1123 947/1287/1124 946/1288/1125
f 946/1288/1125 947/1287/1124 939/1289/1126
f 946/1288/1125 939/1289/1126 938/1290/1127
f 938/1290/1127 939/1289/1126 931/1291/1128
f 938/1290/1127 931/1291/1128 930/1292/1129
f 930/1292/1129 931/1291/1128 923/1293/1130
f 930/1292/1129 923/1293/1130 922/1294/1131
f 922/1294/1131 923/1293/1130 915/1274/1112
f 922/1294/1131 915/1274/1112 914/1272/1111
f 914/1272/1111 903/1271/1110 921/1295/1132
f 921/1295/1132 903/1271/1110 904/1296/1133
f 921/1295/1132 904/1296/1133 928/1297/1134
f 928/1297/1134 904/1296/1133 905/1298/1135
f 928/1297/1134 905/1298/1135 935/1299/1136
f 935/1299/1136 905/1298/1135 906/1300/1137
f 935/1299/1136 906/1300/1137 942/1301/1138
f 942/1301/1138 906/1300/1137 907/1302/1139
f 942/1301/1138 907/1302/1139 862/1303/1070
f 908/1286/1123 945/1304/1140 862/1303/1070
f 862/1303/1070 945/1304/1140 944/1305/1141
f 862/1303/1070 944/1305/1141 943/1306/1142
f 943/1306/1142 944/1305/1141 936/1307/1143
f 943/1306/1142 936/1307/1143 935/1299/1136
f 935/1299/1136 936/1307/1143 928/1297/1134
f 909/1285/1122 910/1308/1144 941/1283/1120
f 941/1283/1120 910/1308/1144 934/1309/1145
f 941/1283/1120 934/1309/1145 933/1281/1118
f 933/1281/1118 934/1309/1145 926/1310/1146
f 933/1281/1118 926/1310/1146 925/1279/1116
f 925/1279/1116 926/1310/1146 918/1311/1147
f 925/1279/1116 918/1311/1147 917/1277/1114
f 917/1277/1114 918/1311/1147 348/1275/424
f 910/1308/1144 911/1312/1148 934/1309/1145
f 934/1309/1145 911/1312/1148 927/1313/1149
f 934/1309/1145 927/1313/1149 926/1310/1146
f 926/1310/1146 927/1313/1149 919/1314/1150
f 926/1310/1146 919/1314/1150 918/1311/1147
f 918/1311/1147 919/1314/1150 348/1275/424
f 911/1312/1148 912/1315/1151 927/1313/1149
f 927/1313/1149 912/1315/1151 920/1316/1152
f 927/1313/1149 920/1316/1152 919/1314/1150
f 919/1314/1150 920/1316/1152 17/1317/1153
f 919/1314/1150 17/1317/1153 348/1275/424
f 912/1315/1151 913/1318/1154 920/1316/1152
f 920/1316/1152 913/1318/1154 17/1317/1153
f 922/1294/1131 914/1272/1111 921/1295/1132
f 924/1278/1115 916/1276/1113 923/1293/1130
f 923/1293/1130 916/1276/1113 915/1274/1112
f 922/1294/1131 921/1295/1132 929/1319/1155
f 929/1319/1155 921/1295/1132 928/1297/1134
f 929/1319/1155 928/1297/1134 936/1307/1143
f 932/1280/1117 924/1278/1115 931/1291/1128
f 931/1291/1128 924/1278/1115 923/1293/1130
f 922/1294/1131 929/1319/1155 930/1292/1129
f 930/1292/1129 929/1319/1155 937/1320/1156
f 930/1292/1129 937/1320/1156 938/1290/1127
f 938/1290/1127 937/1320/1156 945/1304/1140
f 938/1290/1127 945/1304/1140 946/1288/1125
f 946/1288/1125 945/1304/1140 908/1286/1123
f 937/1320/1156 929/1319/1155 936/1307/1143
f 940/1282/1119 932/1280/1117 939/1289/1126
f 939/1289/1126 932/1280/1117 931/1291/1128
f 943/1306/1142 935/1299/1136 942/1301/1138
f 945/1304/1140 937/1320/1156 944/1305/1141
f 944/1305/1141 937/1320/1156 936/1307/1143
f 948/1284/1121 940/1282/1119 947/1287/1124
f 947/1287/1124 940/1282/1119 939/1289/1126
f 862/1303/1070 943/1306/1142 942/1301/1138
f 949/1321/1157 950/1322/1158 968/1323/1159
f 968/1323/1159 950/1322/1158 973/1324/1160
f 968/1323/1159 973/1324/1160 967/1325/1161
f 967/1325/1161 973/1324/1160 978/1326/1162
f 967/1325/1161 978/1326/1162 966/1327/1163
f 966/1327/1163 978/1326/1162 983/1328/1164
f 966/1327/1163 983/1328/1164 965/1329/1165
f 965/1329/1165 983/1328/1164 964/1330/1166
f 964/1330/1166 983/1328/1164 982/1331/1167
f 964/1330/1166 982/1331/1167 963/1332/1168
f 963/1332/1168 982/1331/1167 981/1333/1169
f 963/1332/1168 981/1333/1169 962/1334/1170
f 962/1334/1170 981/1333/1169 980/1335/1171
f 962/1334/1170 980/1335/1171 961/1336/1172
f 961/1336/1172 980/1335/1171 979/1337/1173
f 961/1336/1172 979/1337/1173 960/1338/1174
f 960/1338/1174 979/1337/1173 958/1339/1175
f 960/1338/1174 958/1339/1175 959/1340/1176
f 950/1322/1158 951/1341/1177 973/1324/1160
f 973/1324/1160 951/1341/1177 972/1342/1178
f 973/1324/1160 972/1342/1178 978/1326/1162
f 978/1326/1162 972/1342/1178 977/1343/1179
f 978/1326/1162 977/1343/1179 983/1328/1164
f 983/1328/1164 977/1343/1179 982/1331/1167
f 951/1341/1177 952/1344/1180 972/1342/1178
f 972/1342/1178 952/1344/1180 971/1345/1181
f 972/1342/1178 971/1345/1181 977/1343/1179
f 977/1343/1179 971/1345/1181 976/1346/1182
f 977/1343/1179 976/1346/1182 982/1331/1167
f 982/1331/1167 976/1346/1182 981/1333/1169
f 952/1344/1180 953/1347/1183 971/1345/1181
f 971/1345/1181 953/1347/1183 970/1348/1184
f 971/1345/1181 970/1348/1184 976/1346/1182
f 976/1346/1182 970/1348/1184 975/1349/1185
f 976/1346/1182 975/1349/1185 981/1333/1169
f 981/1333/1169 975/1349/1185 980/1335/1171
f 953/1347/1183 954/1350/1186 970/1348/1184
f 970/1348/1184 954/1350/1186 969/1351/1187
f 970/1348/1184 969/1351/1187 975/1349/1185
f 975/1349/1185 969/1351/1187 974/1352/1188
f 975/1349/1185 974/1352/1188 980/1335/1171
f 980/1335/1171 974/1352/1188 979/1337/1173
f 954/1350/1186 955/1353/1189 969/1351/1187
f 969/1351/1187 955/1353/1189 956/1354/1190
f 969/1351/1187 956/1354/1190 974/1352/1188
f 974/1352/1188 956/1354/1190 957/1355/1191
f 974/1352/1188 957/1355/1191 979/1337/1173
f 979/1337/1173 957/1355/1191 958/1339/1175
f 949/1356/1157 984/1357/1192 950/1358/1158
f 950/1358/1158 984/1357/1192 985/1359/1193
f 950/1358/1158 985/1359/1193 951/1360/1177
f 951/1360/1177 985/1359/1193 986/1361/1194
f 951/1360/1177 986/1361/1194 952/1362/1180
f 952/1362/1180 986/1361/1194 987/1363/1195
f 952/1362/1180 987/1363/1195 953/1364/1183
f 953/1364/1183 987/1363/1195 988/1365/1196
f 953/1364/1183 988/1365/1196 954/1366/1186
f 954/1366/1186 988/1365/1196 989/1367/1197
f 954/1366/1186 989/1367/1197 955/1368/1189
f 955/1368/1189 989/1367/1197 908/1369/1123
f 623/1370/1198 996/1371/1199 624/1372/1200
f 624/1372/1200 996/1371/1199 997/1373/1201
f 624/1372/1200 997/1373/1201 959/1374/1176
f 959/1374/1176 997/1373/1201 995/1375/1202
f 995/1375/1202 997/1373/1201 994/1376/1203
f 994/1376/1203 997/1373/1201 999/1377/1204
f 994/1376/1203 999/1377/1204 993/1378/1205
f 993/1378/1205 999/1377/1204 1001/1379/1206
f 993/1378/1205 1001/1379/1206 992/1380/1207
f 992/1380/1207 1001/1379/1206 1003/1381/1208
f 992/1380/1207 1003/1381/1208 991/1382/1209
f 991/1382/1209 1003/1381/1208 1005/1383/1210
f 991/1382/1209 1005/1383/1210 990/1384/1211
f 990/1384/1211 1005/1383/1210 1004/1385/1212
f 990/1384/1211 1004/1385/1212 618/1386/1213
f 618/1386/1213 1004/1385/1212 619/1387/1214
f 619/1387/1214 1004/1385/1212 620/1388/1215
f 620/1388/1215 1004/1385/1212 1002/1389/1216
f 620/1388/1215 1002/1389/1216 621/1390/1217
f 621/1390/1217 1002/1389/1216 1000/1391/1218
f 621/1390/1217 1000/1391/1218 622/1392/1219
f 622/1392/1219 1000/1391/1218 998/1393/1220
f 622/1392/1219 998/1393/1220 623/1370/1198
f 623/1370/1198 998/1393/1220 996/1371/1199
f 999/1377/1204 997/1373/1201 996/1371/1199
f 999/1377/1204 996/1371/1199 998/1393/1220
f 1001/1379/1206 999/1377/1204 998/1393/1220
f 1001/1379/1206 998/1393/1220 1000/1391/1218
f 1003/1381/1208 1001/1379/1206 1000/1391/1218
f 1003/1381/1208 1000/1391/1218 1002/1389/1216
f 1005/1383/1210 1003/1381/1208 1002/1389/1216
f 1005/1383/1210 1002/1389/1216 1004/1385/1212
f 959/1394/1176 995/1395/1202 960/1396/1174
f 960/1396/1174 995/1395/1202 1010/1397/1221
f 960/1396/1174 1010/1397/1221 961/1398/1172
f 961/1398/1172 1010/1397/1221 1011/1399/1222
f 961/1398/1172 1011/1399/1222 1012/1400/1223
f 1012/1400/1223 1011/1399/1222 1014/1401/1224
f 1012/1400/1223 1014/1401/1224 962/1402/1170
f 962/1402/1170 1014/1401/1224 1015/1403/1225
f 962/1402/1170 1015/1403/1225 963/1404/1168
f 963/1404/1168 1015/1403/1225 1009/1405/1226
f 963/1404/1168 1009/1405/1226 964/1406/1166
f 964/1406/1166 1009/1405/1226 1020/1407/1227
f 964/1406/1166 1020/1407/1227 965/1408/1165
f 965/1408/1165 1020/1407/1227 1008/1409/1228
f 1008/1409/1228 1020/1407/1227 1019/1410/1229
f 1008/1409/1228 1019/1410/1229 1007/1411/1230
f 1007/1411/1230 1019/1410/1229 1018/1412/1231
f 1007/1411/1230 1018/1412/1231 1006/1413/1232
f 1006/1413/1232 1018/1412/1231 991/1414/1209
f 1006/1413/1232 991/1414/1209 990/1415/1211
f 1010/1397/1221 995/1395/1202 1011/1399/1222
f 1011/1399/1222 995/1395/1202 994/1416/1203
f 1011/1399/1222 994/1416/1203 1013/1417/1233
f 1013/1417/1233 994/1416/1203 993/1418/1205
f 1013/1417/1233 993/1418/1205 1016/1419/1234
f 1016/1419/1234 993/1418/1205 992/1420/1207
f 1016/1419/1234 992/1420/1207 1018/1412/1231
f 1018/1412/1231 992/1420/1207 991/1414/1209
f 962/1402/1170 961/1398/1172 1012/1400/1223
f 1014/1401/1224 1011/1399/1222 1013/1417/1233
f 1009/1405/1226 1015/1403/1225 1014/1401/1224
f 1014/1401/1224 1013/1417/1233 1017/1421/1235
f 1017/1421/1235 1013/1417/1233 1016/1419/1234
f 1017/1421/1235 1016/1419/1234 1019/1410/1229
f 1019/1410/1229 1016/1419/1234 1018/1412/1231
f 1020/1407/1227 1009/1405/1226 1017/1421/1235
f 1017/1421/1235 1009/1405/1226 1014/1401/1224
f 1020/1407/1227 1017/1421/1235 1019/1410/1229
f 909/1422/1122 908/1423/1123 1027/1424/1236
f 1027/1424/1236 908/1423/1123 989/1425/1197
f 1027/1424/1236 989/1425/1197 1026/1426/1237
f 1026/1426/1237 989/1425/1197 988/1427/1196
f 1026/1426/1237 988/1427/1196 1030/1428/1238
f 1030/1428/1238 988/1427/1196 1029/1429/1239
f 1030/1428/1238 1029/1429/1239 1035/1430/1240
f 1035/1430/1240 1029/1429/1239 1034/1431/1241
f 1035/1430/1240 1034/1431/1241 1040/1432/1242
f 1040/1432/1242 1034/1431/1241 1039/1433/1243
f 1040/1432/1242 1039/1433/1243 1045/1434/1244
f 1045/1434/1244 1039/1433/1243 1044/1435/1245
f 1045/1434/1244 1044/1435/1245 1048/1436/1246
f 1048/1436/1246 1044/1435/1245 1047/1437/1247
f 1048/1436/1246 1047/1437/1247 1024/1438/1248
f 1024/1438/1248 1047/1437/1247 1023/1439/1249
f 1023/1439/1249 1047/1437/1247 1044/1435/1245
f 1023/1439/1249 1044/1435/1245 1043/1440/1250
f 1043/1440/1250 1044/1435/1245 1038/1441/1251
f 1043/1440/1250 1038/1441/1251 1037/1442/1252
f 1037/1442/1252 1038/1441/1251 1032/1443/1253
f 1037/1442/1252 1032/1443/1253 985/1444/1193
f 985/1444/1193 1032/1443/1253 986/1445/1194
f 986/1445/1194 1032/1443/1253 1033/1446/1254
f 986/1445/1194 1033/1446/1254 1028/1447/1255
f 1028/1447/1255 1033/1446/1254 1034/1431/1241
f 1028/1447/1255 1034/1431/1241 1029/1429/1239
f 988/1427/1196 987/1448/1195 1029/1429/1239
f 1029/1429/1239 987/1448/1195 1028/1447/1255
f 987/1448/1195 986/1445/1194 1028/1447/1255
f 985/1444/1193 984/1449/1192 1037/1442/1252
f 1037/1442/1252 984/1449/1192 1021/1450/1256
f 1037/1442/1252 1021/1450/1256 1042/1451/1257
f 1042/1451/1257 1021/1450/1256 1022/1452/1258
f 1042/1451/1257 1022/1452/1258 1043/1440/1250
f 1043/1440/1250 1022/1452/1258 1023/1439/1249
f 1024/1438/1248 1025/1453/1259 1048/1436/1246
f 1048/1436/1246 1025/1453/1259 1049/1454/1260
f 1048/1436/1246 1049/1454/1260 1045/1434/1244
f 1045/1434/1244 1049/1454/1260 1046/1455/1261
f 1045/1434/1244 1046/1455/1261 1040/1432/1242
f 1040/1432/1242 1046/1455/1261 1041/1456/1262
f 1040/1432/1242 1041/1456/1262 1035/1430/1240
f 1035/1430/1240 1041/1456/1262 1036/1457/1263
f 1035/1430/1240 1036/1457/1263 1030/1428/1238
f 1030/1428/1238 1036/1457/1263 1031/1458/1264
f 1030/1428/1238 1031/1458/1264 1026/1426/1237
f 1026/1426/1237 1031/1458/1264 1027/1424/1236
f 1025/1453/1259 17/1459/1153 1049/1454/1260
f 1049/1454/1260 17/1459/1153 913/1460/1154
f 1049/1454/1260 913/1460/1154 1046/1455/1261
f 1046/1455/1261 913/1460/1154 912/1461/1151
f 1046/1455/1261 912/1461/1151 1041/1456/1262
f 1041/1456/1262 912/1461/1151 911/1462/1148
f 1041/1456/1262 911/1462/1148 1036/1457/1263
f 1036/1457/1263 911/1462/1148 910/1463/1144
f 1036/1457/1263 910/1463/1144 1031/1458/1264
f 1031/1458/1264 910/1463/1144 909/1422/1122
f 1031/1458/1264 909/1422/1122 1027/1424/1236
f 1039/1433/1243 1034/1431/1241 1033/1446/1254
f 1039/1433/1243 1033/1446/1254 1038/1441/1251
f 1038/1441/1251 1033/1446/1254 1032/1443/1253
f 1044/1435/1245 1039/1433/1243 1038/1441/1251
f 1042/1451/1257 1043/1440/1250 1037/1442/1252
f 863/1464/1072 862/1465/1070 1055/1466/1265
f 1055/1466/1265 862/1465/1070 907/1467/1139
f 1055/1466/1265 907/1467/1139 1057/1468/1266
f 1057/1468/1266 907/1467/1139 906/1469/1137
f 1057/1468/1266 906/1469/1137 1061/1470/1267
f 1061/1470/1267 906/1469/1137 905/1471/1135
f 1061/1470/1267 905/1471/1135 1066/1472/1268
f 1066/1472/1268 905/1471/1135 904/1473/1133
f 1066/1472/1268 904/1473/1133 1071/1474/1269
f 1071/1474/1269 904/1473/1133 903/1475/1110
f 1071/1474/1269 903/1475/1110 1076/1476/1270
f 1076/1476/1270 903/1475/1110 368/1477/449
f 1076/1476/1270 368/1477/449 1050/1478/1271
f 1076/1476/1270 1050/1478/1271 1077/1479/1272
f 1077/1479/1272 1050/1478/1271 1051/1480/1273
f 1077/1479/1272 1051/1480/1273 1078/1481/1274
f 1078/1481/1274 1051/1480/1273 1052/1482/1275
f 1078/1481/1274 1052/1482/1275 1073/1483/1276
f 1073/1483/1276 1052/1482/1275 1074/1484/1277
f 1073/1483/1276 1074/1484/1277 1068/1485/1278
f 1068/1485/1278 1074/1484/1277 1069/1486/1279
f 1068/1485/1278 1069/1486/1279 1063/1487/1280
f 1063/1487/1280 1069/1486/1279 1064/1488/1281
f 1063/1487/1280 1064/1488/1281 1059/1489/1282
f 1059/1489/1282 1064/1488/1281 1060/1490/1283
f 1059/1489/1282 1060/1490/1283 865/1491/1076
f 865/1491/1076 1060/1490/1283 866/1492/1078
f 866/1492/1078 1060/1490/1283 1064/1488/1281
f 866/1492/1078 1064/1488/1281 1065/1493/1284
f 1065/1493/1284 1064/1488/1281 1070/1494/1285
f 1065/1493/1284 1070/1494/1285 867/1495/1080
f 867/1495/1080 1070/1494/1285 868/1496/1082
f 868/1496/1082 1070/1494/1285 1054/1497/1286
f 1054/1497/1286 1070/1494/1285 1075/1498/1287
f 1054/1497/1286 1075/1498/1287 1053/1499/1288
f 1053/1499/1288 1075/1498/1287 1074/1484/1277
f 1053/1499/1288 1074/1484/1277 1052/1482/1275
f 867/1495/1080 866/1492/1078 1065/1493/1284
f 865/1491/1076 864/1500/1074 1059/1489/1282
f 1059/1489/1282 864/1500/1074 1058/1501/1289
f 1059/1489/1282 1058/1501/1289 1063/1487/1280
f 1063/1487/1280 1058/1501/1289 1062/1502/1290
f 1063/1487/1280 1062/1502/1290 1068/1485/1278
f 1068/1485/1278 1062/1502/1290 1067/1503/1291
f 1068/1485/1278 1067/1503/1291 1073/1483/1276
f 1073/1483/1276 1067/1503/1291 1072/1504/1292
f 1073/1483/1276 1072/1504/1292 1078/1481/1274
f 1078/1481/1274 1072/1504/1292 1077/1479/1272
f 1058/1501/1289 864/1500/1074 1056/1505/1293
f 1056/1505/1293 864/1500/1074 863/1464/1072
f 1056/1505/1293 863/1464/1072 1055/1466/1265
f 1058/1501/1289 1056/1505/1293 1055/1466/1265
f 1062/1502/1290 1058/1501/1289 1057/1468/1266
f 1057/1468/1266 1058/1501/1289 1055/1466/1265
f 1067/1503/1291 1062/1502/1290 1061/1470/1267
f 1061/1470/1267 1062/1502/1290 1057/1468/1266
f 1070/1494/1285 1064/1488/1281 1069/1486/1279
f 1072/1504/1292 1067/1503/1291 1066/1472/1268
f 1066/1472/1268 1067/1503/1291 1061/1470/1267
f 1075/1498/1287 1070/1494/1285 1069/1486/1279
f 1075/1498/1287 1069/1486/1279 1074/1484/1277
f 1077/1479/1272 1072/1504/1292 1071/1474/1269
f 1071/1474/1269 1072/1504/1292 1066/1472/1268
f 1076/1476/1270 1077/1479/1272 1071/1474/1269
f 845/1506/1059 881/1507/1105 846/1508/1057
f 846/1508/1057 881/1507/1105 1083/1509/1294
f 846/1508/1057 1083/1509/1294 847/1510/1055
f 847/1510/1055 1083/1509/1294 1085/1511/1295
f 847/1510/1055 1085/1511/1295 848/1512/1053
f 848/1512/1053 1085/1511/1295 1087/1513/1296
f 848/1512/1053 1087/1513/1296 849/1514/1051
f 849/1514/1051 1087/1513/1296 1091/1515/1297
f 849/1514/1051 1091/1515/1297 850/1516/1050
f 850/1516/1050 1091/1515/1297 1090/1517/1298
f 850/1516/1050 1090/1517/1298 851/1518/1049
f 851/1518/1049 1090/1517/1298 1081/1519/1299
f 1081/1519/1299 1090/1517/1298 1089/1520/1300
f 1081/1519/1299 1089/1520/1300 1080/1521/1301
f 1080/1521/1301 1089/1520/1300 1088/1522/1302
f 1080/1521/1301 1088/1522/1302 1079/1523/1303
f 1079/1523/1303 1088/1522/1302 876/1524/1083
f 876/1524/1083 1088/1522/1302 877/1525/1084
f 877/1525/1084 1088/1522/1302 1093/1526/1304
f 877/1525/1084 1093/1526/1304 1082/1527/1305
f 1082/1527/1305 1093/1526/1304 1092/1528/1306
f 1082/1527/1305 1092/1528/1306 1086/1529/1307
f 1086/1529/1307 1092/1528/1306 1091/1515/1297
f 1086/1529/1307 1091/1515/1297 1087/1513/1296
f 881/1507/1105 880/1530/1102 1083/1509/1294
f 1083/1509/1294 880/1530/1102 1085/1511/1295
f 1085/1511/1295 880/1530/1102 1084/1531/1308
f 1084/1531/1308 880/1530/1102 879/1532/1099
f 1084/1531/1308 879/1532/1099 1086/1529/1307
f 1086/1529/1307 879/1532/1099 1082/1527/1305
f 879/1532/1099 878/1533/1096 1082/1527/1305
f 1082/1527/1305 878/1533/1096 877/1525/1084
f 1087/1513/1296 1085/1511/1295 1084/1531/1308
f 1086/1529/1307 1087/1513/1296 1084/1531/1308
f 1092/1528/1306 1093/1526/1304 1089/1520/1300
f 1089/1520/1300 1093/1526/1304 1088/1522/1302
f 1091/1515/1297 1092/1528/1306 1090/1517/1298
f 1090/1517/1298 1092/1528/1306 1089/1520/1300
f 887/1534/1085 1111/1535/1309 876/1536/1083
f 876/1536/1083 1111/1535/1309 1112/1537/1310
f 876/1536/1083 1112/1537/1310 1107/1538/1311
f 1107/1538/1311 1112/1537/1310 1106/1539/1312
f 1106/1539/1312 1112/1537/1310 1105/1540/1313
f 1105/1540/1313 1112/1537/1310 1104/1541/1314
f 1104/1541/1314 1112/1537/1310 1114/1542/1315
f 1104/1541/1314 1114/1542/1315 1103/1543/1316
f 1103/1543/1316 1114/1542/1315 1102/1544/1317
f 1102/1544/1317 1114/1542/1315 1116/1545/1318
f 1102/1544/1317 1116/1545/1318 1101/1546/1319
f 1101/1546/1319 1116/1545/1318 1100/1547/1320
f 1100/1547/1320 1116/1545/1318 1099/1548/1321
f 1099/1548/1321 1116/1545/1318 1098/1549/1322
f 1098/1549/1322 1116/1545/1318 1097/1550/1323
f 1097/1550/1323 1116/1545/1318 1096/1551/1324
f 1096/1551/1324 1116/1545/1318 1095/1552/1325
f 1095/1552/1325 1116/1545/1318 1094/1553/1326
f 1094/1553/1326 1116/1545/1318 1115/1554/1327
f 1094/1553/1326 1115/1554/1327 869/1555/1081
f 869/1555/1081 1115/1554/1327 885/1556/1089
f 885/1556/1089 1115/1554/1327 1113/1557/1328
f 885/1556/1089 1113/1557/1328 886/1558/1087
f 886/1558/1087 1113/1557/1328 887/1534/1085
f 887/1534/1085 1113/1557/1328 1111/1535/1309
f 1107/1538/1311 1108/1559/1329 876/1536/1083
f 876/1536/1083 1108/1559/1329 1109/1560/1330
f 876/1536/1083 1109/1560/1330 1110/1561/1331
f 1114/1542/1315 1112/1537/1310 1111/1535/1309
f 1114/1542/1315 1111/1535/1309 1113/1557/1328
f 1116/1545/1318 1114/1542/1315 1115/1554/1327
f 1115/1554/1327 1114/1542/1315 1113/1557/1328
f 868/1562/1082 1117/1563/1332 869/1564/1081
f 869/1564/1081 1117/1563/1332 1094/1565/1326
f 1054/1566/1286 1123/1567/1333 868/1568/1082
f 868/1568/1082 1123/1567/1333 1124/1569/1334
f 868/1568/1082 1124/1569/1334 1125/1570/1335
f 1125/1570/1335 1124/1569/1334 1142/1571/1336
f 1125/1570/1335 1142/1571/1336 1143/1572/1337
f 1143/1572/1337 1142/1571/1336 1160/1573/1338
f 1143/1572/1337 1160/1573/1338 1161/1574/1339
f 1161/1574/1339 1160/1573/1338 1178/1575/1340
f 1161/1574/1339 1178/1575/1340 1179/1576/1341
f 1179/1576/1341 1178/1575/1340 1196/1577/1342
f 1179/1576/1341 1196/1577/1342 1197/1578/1343
f 1197/1578/1343 1196/1577/1342 368/1579/449
f 1197/1578/1343 368/1579/449 1198/1580/1344
f 1198/1580/1344 368/1579/449 1199/1581/1345
f 1198/1580/1344 1199/1581/1345 1181/1582/1346
f 1181/1582/1346 1199/1581/1345 1182/1583/1347
f 1181/1582/1346 1182/1583/1347 1164/1584/1348
f 1164/1584/1348 1182/1583/1347 1165/1585/1349
f 1164/1584/1348 1165/1585/1349 1147/1586/1350
f 1147/1586/1350 1165/1585/1349 1148/1587/1351
f 1147/1586/1350 1148/1587/1351 1130/1588/1352
f 1130/1588/1352 1148/1587/1351 1131/1589/1353
f 1130/1588/1352 1131/1589/1353 868/1568/1082
f 868/1568/1082 1131/1589/1353 1117/1590/1332
f 1117/1590/1332 1131/1589/1353 1132/1591/1354
f 1117/1590/1332 1132/1591/1354 1133/1592/1355
f 1133/1592/1355 1132/1591/1354 1150/1593/1356
f 1133/1592/1355 1150/1593/1356 1151/1594/1357
f 1151/1594/1357 1150/1593/1356 1168/1595/1358
f 1151/1594/1357 1168/1595/1358 1169/1596/1359
f 1169/1596/1359 1168/1595/1358 1186/1597/1360
f 1169/1596/1359 1186/1597/1360 1187/1598/1361
f 1187/1598/1361 1186/1597/1360 1204/1599/1362
f 1187/1598/1361 1204/1599/1362 1205/1600/1363
f 1205/1600/1363 1204/1599/1362 367/1601/450
f 1205/1600/1363 367/1601/450 1206/1602/1364
f 1206/1602/1364 367/1601/450 1207/1603/1365
f 1206/1602/1364 1207/1603/1365 1189/1604/1366
f 1189/1604/1366 1207/1603/1365 1190/1605/1367
f 1189/1604/1366 1190/1605/1367 1172/1606/1368
f 1172/1606/1368 1190/1605/1367 1173/1607/1369
f 1172/1606/1368 1173/1607/1369 1155/1608/1370
f 1155/1608/1370 1173/1607/1369 1156/1609/1371
f 1155/1608/1370 1156/1609/1371 1138/1610/1372
f 1138/1610/1372 1156/1609/1371 1139/1611/1373
f 1138/1610/1372 1139/1611/1373 1117/1590/1332
f 1117/1590/1332 1139/1611/1373 1122/1612/1374
f 1122/1612/1374 1139/1611/1373 1121/1613/1375
f 1121/1613/1375 1139/1611/1373 1156/1609/1371
f 1121/1613/1375 1156/1609/1371 1120/1614/1376
f 1120/1614/1376 1156/1609/1371 1173/1607/1369
f 1120/1614/1376 1173/1607/1369 1119/1615/1377
f 1119/1615/1377 1173/1607/1369 1190/1605/1367
f 1119/1615/1377 1190/1605/1367 1118/1616/1378
f 1118/1616/1378 1190/1605/1367 1207/1603/1365
f 1118/1616/1378 1207/1603/1365 367/1601/450
f 1123/1567/1333 1054/1566/1286 1140/1617/1379
f 1140/1617/1379 1054/1566/1286 1053/1618/1288
f 1140/1617/1379 1053/1618/1288 1157/1619/1380
f 1157/1619/1380 1053/1618/1288 1052/1620/1275
f 1157/1619/1380 1052/1620/1275 1174/1621/1381
f 1174/1621/1381 1052/1620/1275 1051/1622/1273
f 1174/1621/1381 1051/1622/1273 1191/1623/1382
f 1191/1623/1382 1051/1622/1273 1050/1624/1271
f 1191/1623/1382 1050/1624/1271 368/1579/449
f 368/1579/449 367/1601/450 1199/1581/1345
f 1199/1581/1345 367/1601/450 1200/1625/1383
f 1199/1581/1345 1200/1625/1383 1182/1583/1347
f 1182/1583/1347 1200/1625/1383 1183/1626/1384
f 1182/1583/1347 1183/1626/1384 1165/1585/1349
f 1165/1585/1349 1183/1626/1384 1166/1627/1385
f 1165/1585/1349 1166/1627/1385 1148/1587/1351
f 1148/1587/1351 1166/1627/1385 1149/1628/1386
f 1148/1587/1351 1149/1628/1386 1131/1589/1353
f 1131/1589/1353 1149/1628/1386 1132/1591/1354
f 1124/1569/1334 1123/1567/1333 1141/1629/1387
f 1141/1629/1387 1123/1567/1333 1140/1617/1379
f 1141/1629/1387 1140/1617/1379 1158/1630/1388
f 1158/1630/1388 1140/1617/1379 1157/1619/1380
f 1158/1630/1388 1157/1619/1380 1175/1631/1389
f 1175/1631/1389 1157/1619/1380 1174/1621/1381
f 1175/1631/1389 1174/1621/1381 1192/1632/1390
f 1192/1632/1390 1174/1621/1381 1191/1623/1382
f 1192/1632/1390 1191/1623/1382 368/1579/449
f 1125/1570/1335 1126/1633/1391 868/1568/1082
f 868/1568/1082 1126/1633/1391 1127/1634/1392
f 868/1568/1082 1127/1634/1392 1128/1635/1393
f 1128/1635/1393 1127/1634/1392 1145/1636/1394
f 1128/1635/1393 1145/1636/1394 1146/1637/1395
f 1146/1637/1395 1145/1636/1394 1163/1638/1396
f 1146/1637/1395 1163/1638/1396 1164/1584/1348
f 1164/1584/1348 1163/1638/1396 1181/1582/1346
f 1125/1570/1335 1143/1572/1337 1126/1633/1391
f 1126/1633/1391 1143/1572/1337 1144/1639/1397
f 1126/1633/1391 1144/1639/1397 1127/1634/1392
f 1127/1634/1392 1144/1639/1397 1145/1636/1394
f 1130/1588/1352 868/1568/1082 1129/1640/1398
f 1129/1640/1398 868/1568/1082 1128/1635/1393
f 1129/1640/1398 1128/1635/1393 1146/1637/1395
f 1147/1586/1350 1130/1588/1352 1129/1640/1398
f 1147/1586/1350 1129/1640/1398 1146/1637/1395
f 1150/1593/1356 1132/1591/1354 1149/1628/1386
f 1133/1592/1355 1134/1641/1399 1117/1590/1332
f 1117/1590/1332 1134/1641/1399 1135/1642/1400
f 1117/1590/1332 1135/1642/1400 1136/1643/1401
f 1136/1643/1401 1135/1642/1400 1153/1644/1402
f 1136/1643/1401 1153/1644/1402 1154/1645/1403
f 1154/1645/1403 1153/1644/1402 1171/1646/1404
f 1154/1645/1403 1171/1646/1404 1172/1606/1368
f 1172/1606/1368 1171/1646/1404 1189/1604/1366
f 1133/1592/1355 1151/1594/1357 1134/1641/1399
f 1134/1641/1399 1151/1594/1357 1152/1647/1405
f 1134/1641/1399 1152/1647/1405 1135/1642/1400
f 1135/1642/1400 1152/1647/1405 1153/1644/1402
f 1138/1610/1372 1117/1590/1332 1137/1648/1406
f 1137/1648/1406 1117/1590/1332 1136/1643/1401
f 1137/1648/1406 1136/1643/1401 1154/1645/1403
f 1155/1608/1370 1138/1610/1372 1137/1648/1406
f 1155/1608/1370 1137/1648/1406 1154/1645/1403
f 1124/1569/1334 1141/1629/1387 1142/1571/1336
f 1142/1571/1336 1141/1629/1387 1159/1649/1407
f 1142/1571/1336 1159/1649/1407 1160/1573/1338
f 1160/1573/1338 1159/1649/1407 1177/1650/1408
f 1160/1573/1338 1177/1650/1408 1178/1575/1340
f 1178/1575/1340 1177/1650/1408 1195/1651/1409
f 1178/1575/1340 1195/1651/1409 1196/1577/1342
f 1196/1577/1342 1195/1651/1409 368/1579/449
f 1159/1649/1407 1141/1629/1387 1158/1630/1388
f 1143/1572/1337 1161/1574/1339 1144/1639/1397
f 1144/1639/1397 1161/1574/1339 1162/1652/1410
f 1144/1639/1397 1162/1652/1410 1145/1636/1394
f 1145/1636/1394 1162/1652/1410 1163/1638/1396
f 1164/1584/1348 1147/1586/1350 1146/1637/1395
f 1150/1593/1356 1149/1628/1386 1167/1653/1411
f 1167/1653/1411 1149/1628/1386 1166/1627/1385
f 1167/1653/1411 1166/1627/1385 1184/1654/1412
f 1184/1654/1412 1166/1627/1385 1183/1626/1384
f 1184/1654/1412 1183/1626/1384 1201/1655/1413
f 1201/1655/1413 1183/1626/1384 1200/1625/1383
f 1201/1655/1413 1200/1625/1383 367/1601/450
f 1151/1594/1357 1169/1596/1359 1152/1647/1405
f 1152/1647/1405 1169/1596/1359 1170/1656/1414
f 1152/1647/1405 1170/1656/1414 1153/1644/1402
f 1153/1644/1402 1170/1656/1414 1171/1646/1404
f 1172/1606/1368 1155/1608/1370 1154/1645/1403
f 1159/1649/1407 1158/1630/1388 1176/1657/1415
f 1176/1657/1415 1158/1630/1388 1175/1631/1389
f 1176/1657/1415 1175/1631/1389 1193/1658/1416
f 1193/1658/1416 1175/1631/1389 1192/1632/1390
f 1193/1658/1416 1192/1632/1390 368/1579/449
f 1161/1574/1339 1179/1576/1341 1162/1652/1410
f 1162/1652/1410 1179/1576/1341 1180/1659/1417
f 1162/1652/1410 1180/1659/1417 1163/1638/1396
f 1163/1638/1396 1180/1659/1417 1181/1582/1346
f 1150/1593/1356 1167/1653/1411 1168/1595/1358
f 1168/1595/1358 1167/1653/1411 1185/1660/1418
f 1168/1595/1358 1185/1660/1418 1186/1597/1360
f 1186/1597/1360 1185/1660/1418 1203/1661/1419
f 1186/1597/1360 1203/1661/1419 1204/1599/1362
f 1204/1599/1362 1203/1661/1419 367/1601/450
f 1185/1660/1418 1167/1653/1411 1184/1654/1412
f 1169/1596/1359 1187/1598/1361 1170/1656/1414
f 1170/1656/1414 1187/1598/1361 1188/1662/1420
f 1170/1656/1414 1188/1662/1420 1171/1646/1404
f 1171/1646/1404 1188/1662/1420 1189/1604/1366
f 1159/1649/1407 1176/1657/1415 1177/1650/1408
f 1177/1650/1408 1176/1657/1415 1194/1663/1421
f 1177/1650/1408 1194/1663/1421 1195/1651/1409
f 1195/1651/1409 1194/1663/1421 368/1579/449
f 1194/1663/1421 1176/1657/1415 1193/1658/1416
f 1198/1580/1344 1181/1582/1346 1180/1659/1417
f 1198/1580/1344 1180/1659/1417 1197/1578/1343
f 1197/1578/1343 1180/1659/1417 1179/1576/1341
f 1185/1660/1418 1184/1654/1412 1202/1664/1422
f 1202/1664/1422 1184/1654/1412 1201/1655/1413
f 1202/1664/1422 1201/1655/1413 367/1601/450
f 1206/1602/1364 1189/1604/1366 1188/1662/1420
f 1206/1602/1364 1188/1662/1420 1205/1600/1363
f 1205/1600/1363 1188/1662/1420 1187/1598/1361
f 368/1579/449 1194/1663/1421 1193/1658/1416
f 367/1601/450 1203/1661/1419 1202/1664/1422
f 1202/1664/1422 1203/1661/1419 1185/1660/1418
f 165/1665/1423 17/1666/1153 158/1667/164
f 158/1667/164 17/1666/1153 1217/1668/1424
f 158/1667/164 1217/1668/1424 1218/1669/1425
f 1218/1669/1425 1217/1668/1424 1235/1670/1426
f 1218/1669/1425 1235/1670/1426 1236/1671/1427
f 1236/1671/1427 1235/1670/1426 1253/1672/1428
f 1236/1671/1427 1253/1672/1428 1254/1673/1429
f 1254/1673/1429 1253/1672/1428 1271/1674/1430
f 1254/1673/1429 1271/1674/1430 1272/1675/1431
f 1272/1675/1431 1271/1674/1430 1289/1676/1432
f 1272/1675/1431 1289/1676/1432 1290/1677/1433
f 1290/1677/1433 1289/1676/1432 244/1678/289
f 1290/1677/1433 244/1678/289 1291/1679/1434
f 1291/1679/1434 244/1678/289 1292/1680/1435
f 1291/1679/1434 1292/1680/1435 1274/1681/1436
f 1274/1681/1436 1292/1680/1435 1275/1682/1437
f 1274/1681/1436 1275/1682/1437 1257/1683/1438
f 1257/1683/1438 1275/1682/1437 1258/1684/1439
f 1257/1683/1438 1258/1684/1439 1240/1685/1440
f 1240/1685/1440 1258/1684/1439 1241/1686/1441
f 1240/1685/1440 1241/1686/1441 1223/1687/1442
f 1223/1687/1442 1241/1686/1441 1224/1688/1443
f 1223/1687/1442 1224/1688/1443 158/1667/164
f 158/1667/164 1224/1688/1443 239/1689/1444
f 239/1689/1444 1224/1688/1443 1241/1686/1441
f 239/1689/1444 1241/1686/1441 240/1690/1445
f 240/1690/1445 1241/1686/1441 1258/1684/1439
f 240/1690/1445 1258/1684/1439 241/1691/1446
f 241/1691/1446 1258/1684/1439 1275/1682/1437
f 241/1691/1446 1275/1682/1437 242/1692/1447
f 242/1692/1447 1275/1682/1437 1292/1680/1435
f 242/1692/1447 1292/1680/1435 243/1693/1448
f 243/1693/1448 1292/1680/1435 244/1678/289
f 165/1665/1423 1/1694/1449 17/1666/1153
f 1025/1695/1259 1208/1696/1450 17/1666/1153
f 17/1666/1153 1208/1696/1450 1209/1697/1451
f 17/1666/1153 1209/1697/1451 1210/1698/1452
f 1210/1698/1452 1209/1697/1451 1227/1699/1453
f 1210/1698/1452 1227/1699/1453 1228/1700/1454
f 1228/1700/1454 1227/1699/1453 1245/1701/1455
f 1228/1700/1454 1245/1701/1455 1246/1702/1456
f 1246/1702/1456 1245/1701/1455 1263/1703/1457
f 1246/1702/1456 1263/1703/1457 1264/1704/1458
f 1264/1704/1458 1263/1703/1457 1281/1705/1459
f 1264/1704/1458 1281/1705/1459 1282/1706/1460
f 1282/1706/1460 1281/1705/1459 984/1707/1192
f 1282/1706/1460 984/1707/1192 1283/1708/1461
f 1283/1708/1461 984/1707/1192 1284/1709/1462
f 1283/1708/1461 1284/1709/1462 1266/1710/1463
f 1266/1710/1463 1284/1709/1462 1267/1711/1464
f 1266/1710/1463 1267/1711/1464 1249/1712/1465
f 1249/1712/1465 1267/1711/1464 1250/1713/1466
f 1249/1712/1465 1250/1713/1466 1232/1714/1467
f 1232/1714/1467 1250/1713/1466 1233/1715/1468
f 1232/1714/1467 1233/1715/1468 1215/1716/1469
f 1215/1716/1469 1233/1715/1468 1216/1717/1470
f 1215/1716/1469 1216/1717/1470 17/1666/1153
f 17/1666/1153 1216/1717/1470 1217/1668/1424
f 1208/1696/1450 1025/1695/1259 1225/1718/1471
f 1225/1718/1471 1025/1695/1259 1024/1719/1248
f 1225/1718/1471 1024/1719/1248 1242/1720/1472
f 1242/1720/1472 1024/1719/1248 1023/1721/1249
f 1242/1720/1472 1023/1721/1249 1259/1722/1473
f 1259/1722/1473 1023/1721/1249 1022/1723/1258
f 1259/1722/1473 1022/1723/1258 1276/1724/1474
f 1276/1724/1474 1022/1723/1258 1021/1725/1256
f 1276/1724/1474 1021/1725/1256 984/1707/1192
f 984/1707/1192 244/1678/289 1284/1709/1462
f 1284/1709/1462 244/1678/289 1285/1726/1475
f 1284/1709/1462 1285/1726/1475 1267/1711/1464
f 1267/1711/1464 1285/1726/1475 1268/1727/1476
f 1267/1711/1464 1268/1727/1476 1250/1713/1466
f 1250/1713/1466 1268/1727/1476 1251/1728/1477
f 1250/1713/1466 1251/1728/1477 1233/1715/1468
f 1233/1715/1468 1251/1728/1477 1234/1729/1478
f 1233/1715/1468 1234/1729/1478 1216/1717/1470
f 1216/1717/1470 1234/1729/1478 1217/1668/1424
f 1209/1697/1451 1208/1696/1450 1226/1730/1479
f 1226/1730/1479 1208/1696/1450 1225/1718/1471
f 1226/1730/1479 1225/1718/1471 1243/1731/1480
f 1243/1731/1480 1225/1718/1471 1242/1720/1472
f 1243/1731/1480 1242/1720/1472 1260/1732/1481
f 1260/1732/1481 1242/1720/1472 1259/1722/1473
f 1260/1732/1481 1259/1722/1473 1277/1733/1482
f 1277/1733/1482 1259/1722/1473 1276/1724/1474
f 1277/1733/1482 1276/1724/1474 984/1707/1192
f 1210/1698/1452 1211/1734/1483 17/1666/1153
f 17/1666/1153 1211/1734/1483 1212/1735/1484
f 17/1666/1153 1212/1735/1484 1213/1736/1485
f 1213/1736/1485 1212/1735/1484 1230/1737/1486
f 1213/1736/1485 1230/1737/1486 1231/1738/1487
f 1231/1738/1487 1230/1737/1486 1248/1739/1488
f 1231/1738/1487 1248/1739/1488 1249/1712/1465
f 1249/1712/1465 1248/1739/1488 1266/1710/1463
f 1210/1698/1452 1228/1700/1454 1211/1734/1483
f 1211/1734/1483 1228/1700/1454 1229/1740/1489
f 1211/1734/1483 1229/1740/1489 1212/1735/1484
f 1212/1735/1484 1229/1740/1489 1230/1737/1486
f 1215/1716/1469 17/1666/1153 1214/1741/1490
f 1214/1741/1490 17/1666/1153 1213/1736/1485
f 1214/1741/1490 1213/1736/1485 1231/1738/1487
f 1232/1714/1467 1215/1716/1469 1214/1741/1490
f 1232/1714/1467 1214/1741/1490 1231/1738/1487
f 1235/1670/1426 1217/1668/1424 1234/1729/1478
f 1218/1669/1425 1219/1742/1491 158/1667/164
f 158/1667/164 1219/1742/1491 1220/1743/1492
f 158/1667/164 1220/1743/1492 1221/1744/1493
f 1221/1744/1493 1220/1743/1492 1238/1745/1494
f 1221/1744/1493 1238/1745/1494 1239/1746/1495
f 1239/1746/1495 1238/1745/1494 1256/1747/1496
f 1239/1746/1495 1256/1747/1496 1257/1683/1438
f 1257/1683/1438 1256/1747/1496 1274/1681/1436
f 1218/1669/1425 1236/1671/1427 1219/1742/1491
f 1219/1742/1491 1236/1671/1427 1237/1748/1497
f 1219/1742/1491 1237/1748/1497 1220/1743/1492
f 1220/1743/1492 1237/1748/1497 1238/1745/1494
f 1223/1687/1442 158/1667/164 1222/1749/1498
f 1222/1749/1498 158/1667/164 1221/1744/1493
f 1222/1749/1498 1221/1744/1493 1239/1746/1495
f 1240/1685/1440 1223/1687/1442 1222/1749/1498
f 1240/1685/1440 1222/1749/1498 1239/1746/1495
f 1209/1697/1451 1226/1730/1479 1227/1699/1453
f 1227/1699/1453 1226/1730/1479 1244/1750/1499
f 1227/1699/1453 1244/1750/1499 1245/1701/1455
f 1245/1701/1455 1244/1750/1499 1262/1751/1500
f 1245/1701/1455 1262/1751/1500 1263/1703/1457
f 1263/1703/1457 1262/1751/1500 1280/1752/1501
f 1263/1703/1457 1280/1752/1501 1281/1705/1459
f 1281/1705/1459 1280/1752/1501 984/1707/1192
f 1244/1750/1499 1226/1730/1479 1243/1731/1480
f 1228/1700/1454 1246/1702/1456 1229/1740/1489
f 1229/1740/1489 1246/1702/1456 1247/1753/1502
f 1229/1740/1489 1247/1753/1502 1230/1737/1486
f 1230/1737/1486 1247/1753/1502 1248/1739/1488
f 1249/1712/1465 1232/1714/1467 1231/1738/1487
f 1235/1670/1426 1234/1729/1478 1252/1754/1503
f 1252/1754/1503 1234/1729/1478 1251/1728/1477
f 1252/1754/1503 1251/1728/1477 1269/1755/1504
f 1269/1755/1504 1251/1728/1477 1268/1727/1476
f 1269/1755/1504 1268/1727/1476 1286/1756/1505
f 1286/1756/1505 1268/1727/1476 1285/1726/1475
f 1286/1756/1505 1285/1726/1475 244/1678/289
f 1236/1671/1427 1254/1673/1429 1237/1748/1497
f 1237/1748/1497 1254/1673/1429 1255/1757/1506
f 1237/1748/1497 1255/1757/1506 1238/1745/1494
f 1238/1745/1494 1255/1757/1506 1256/1747/1496
f 1257/1683/1438 1240/1685/1440 1239/1746/1495
f 1244/1750/1499 1243/1731/1480 1261/1758/1507
f 1261/1758/1507 1243/1731/1480 1260/1732/1481
f 1261/1758/1507 1260/1732/1481 1278/1759/1508
f 1278/1759/1508 1260/1732/1481 1277/1733/1482
f 1278/1759/1508 1277/1733/1482 984/1707/1192
f 1246/1702/1456 1264/1704/1458 1247/1753/1502
f 1247/1753/1502 1264/1704/1458 1265/1760/1509
f 1247/1753/1502 1265/1760/1509 1248/1739/1488
f 1248/1739/1488 1265/1760/1509 1266/1710/1463
f 1235/1670/1426 1252/1754/1503 1253/1672/1428
f 1253/1672/1428 1252/1754/1503 1270/1761/1510
f 1253/1672/1428 1270/1761/1510 1271/1674/1430
f 1271/1674/1430 1270/1761/1510 1288/1762/1511
f 1271/1674/1430 1288/1762/1511 1289/1676/1432
f 1289/1676/1432 1288/1762/1511 244/1678/289
f 1270/1761/1510 1252/1754/1503 1269/1755/1504
f 1254/1673/1429 1272/1675/1431 1255/1757/1506
f 1255/1757/1506 1272/1675/1431 1273/1763/1512
f 1255/1757/1506 1273/1763/1512 1256/1747/1496
f 1256/1747/1496 1273/1763/1512 1274/1681/1436
f 1244/1750/1499 1261/1758/1507 1262/1751/1500
f 1262/1751/1500 1261/1758/1507 1279/1764/1513
f 1262/1751/1500 1279/1764/1513 1280/1752/1501
f 1280/1752/1501 1279/1764/1513 984/1707/1192
f 1279/1764/1513 1261/1758/1507 1278/1759/1508
f 1283/1708/1461 1266/1710/1463 1265/1760/1509
f 1283/1708/1461 1265/1760/1509 1282/1706/1460
f 1282/1706/1460 1265/1760/1509 1264/1704/1458
f 1270/1761/1510 1269/1755/1504 1287/1765/1514
f 1287/1765/1514 1269/1755/1504 1286/1756/1505
f 1287/1765/1514 1286/1756/1505 244/1678/289
f 1291/1679/1434 1274/1681/1436 1273/1763/1512
f 1291/1679/1434 1273/1763/1512 1290/1677/1433
f 1290/1677/1433 1273/1763/1512 1272/1675/1431
f 984/1707/1192 1279/1764/1513 1278/1759/1508
f 244/1678/289 1288/1762/1511 1287/1765/1514
f 1287/1765/1514 1288/1762/1511 1270/1761/1510
f 984/1766/1192 949/1767/1157 244/1768/289
f 244/1768/289 949/1767/1157 245/1769/288
f 968/1770/1159 1309/1771/1515 949/1772/1157
f 949/1772/1157 1309/1771/1515 1310/1773/1516
f 949/1772/1157 1310/1773/1516 1308/1774/1517
f 1308/1774/1517 1310/1773/1516 1307/1775/1518
f 1307/1775/1518 1310/1773/1516 1306/1776/1519
f 1306/1776/1519 1310/1773/1516 1305/1777/1520
f 1305/1777/1520 1310/1773/1516 1304/1778/1521
f 1304/1778/1521 1310/1773/1516 1303/1779/1522
f 1303/1779/1522 1310/1773/1516 1302/1780/1523
f 1302/1780/1523 1310/1773/1516 1301/1781/1524
f 1301/1781/1524 1310/1773/1516 1312/1782/1525
f 1301/1781/1524 1312/1782/1525 1300/1783/1526
f 1300/1783/1526 1312/1782/1525 1299/1784/1527
f 1299/1784/1527 1312/1782/1525 1314/1785/1528
f 1299/1784/1527 1314/1785/1528 1298/1786/1529
f 1298/1786/1529 1314/1785/1528 1297/1787/1530
f 1297/1787/1530 1314/1785/1528 1296/1788/1531
f 1296/1788/1531 1314/1785/1528 1293/1789/1532
f 1296/1788/1531 1293/1789/1532 1295/1790/1533
f 1295/1790/1533 1293/1789/1532 1294/1791/1534
f 1309/1771/1515 968/1770/1159 1311/1792/1535
f 1311/1792/1535 968/1770/1159 967/1793/1161
f 1311/1792/1535 967/1793/1161 1313/1794/1536
f 1313/1794/1536 967/1793/1161 966/1795/1163
f 1313/1794/1536 966/1795/1163 965/1796/1165
f 965/1796/1165 1293/1789/1532 1313/1794/1536
f 1313/1794/1536 1293/1789/1532 1314/1785/1528
f 1313/1794/1536 1314/1785/1528 1311/1792/1535
f 1311/1792/1535 1314/1785/1528 1312/1782/1525
f 1311/1792/1535 1312/1782/1525 1309/1771/1515
f 1309/1771/1515 1312/1782/1525 1310/1773/1516
f 1308/1774/1517 245/1797/1537 949/1772/1157
f 1008/1798/1228 1319/1799/1538 965/1800/1165
f 965/1800/1165 1319/1799/1538 1320/1801/1539
f 965/1800/1165 1320/1801/1539 1321/1802/1540
f 1321/1802/1540 1320/1801/1539 1337/1803/1541
f 1321/1802/1540 1337/1803/1541 1338/1804/1542
f 1338/1804/1542 1337/1803/1541 1354/1805/1543
f 1338/1804/1542 1354/1805/1543 1355/1806/1544
f 1355/1806/1544 1354/1805/1543 990/1807/1211
f 1355/1806/1544 990/1807/1211 1356/1808/1545
f 1356/1808/1545 990/1807/1211 1357/1809/1546
f 1356/1808/1545 1357/1809/1546 1340/1810/1547
f 1340/1810/1547 1357/1809/1546 1341/1811/1548
f 1340/1810/1547 1341/1811/1548 1324/1812/1549
f 1324/1812/1549 1341/1811/1548 1325/1813/1550
f 1324/1812/1549 1325/1813/1550 965/1800/1165
f 965/1800/1165 1325/1813/1550 1326/1814/1551
f 965/1800/1165 1326/1814/1551 1327/1815/1552
f 1327/1815/1552 1326/1814/1551 1343/1816/1553
f 1327/1815/1552 1343/1816/1553 1344/1817/1554
f 1344/1817/1554 1343/1816/1553 1360/1818/1555
f 1344/1817/1554 1360/1818/1555 1361/1819/1556
f 1361/1819/1556 1360/1818/1555 1315/1820/1557
f 1361/1819/1556 1315/1820/1557 1362/1821/1558
f 1362/1821/1558 1315/1820/1557 1363/1822/1559
f 1362/1821/1558 1363/1822/1559 1346/1823/1560
f 1346/1823/1560 1363/1822/1559 1347/1824/1561
f 1346/1823/1560 1347/1824/1561 1330/1825/1562
f 1330/1825/1562 1347/1824/1561 1331/1826/1563
f 1330/1825/1562 1331/1826/1563 1293/1827/1532
f 1293/1827/1532 1331/1826/1563 1332/1828/1564
f 1293/1827/1532 1332/1828/1564 1333/1829/1565
f 1333/1829/1565 1332/1828/1564 1349/1830/1566
f 1333/1829/1565 1349/1830/1566 1350/1831/1567
f 1350/1831/1567 1349/1830/1566 1366/1832/1568
f 1350/1831/1567 1366/1832/1568 1316/1833/1569
f 1316/1833/1569 1366/1832/1568 1315/1820/1557
f 1315/1820/1557 1366/1832/1568 1365/1834/1570
f 1315/1820/1557 1365/1834/1570 1364/1835/1571
f 1364/1835/1571 1365/1834/1570 1348/1836/1572
f 1364/1835/1571 1348/1836/1572 1347/1824/1561
f 1347/1824/1561 1348/1836/1572 1331/1826/1563
f 1319/1799/1538 1008/1798/1228 1335/1837/1573
f 1335/1837/1573 1008/1798/1228 1007/1838/1230
f 1335/1837/1573 1007/1838/1230 1351/1839/1574
f 1351/1839/1574 1007/1838/1230 1006/1840/1232
f 1351/1839/1574 1006/1840/1232 990/1807/1211
f 1357/1809/1546 990/1807/1211 1358/1841/1575
f 1358/1841/1575 990/1807/1211 1315/1820/1557
f 1358/1841/1575 1315/1820/1557 1359/1842/1576
f 1359/1842/1576 1315/1820/1557 1360/1818/1555
f 1359/1842/1576 1360/1818/1555 1343/1816/1553
f 1316/1833/1569 1317/1843/1577 1350/1831/1567
f 1350/1831/1567 1317/1843/1577 1334/1844/1578
f 1350/1831/1567 1334/1844/1578 1333/1829/1565
f 1333/1829/1565 1334/1844/1578 1293/1827/1532
f 1317/1843/1577 1318/1845/1579 1334/1844/1578
f 1334/1844/1578 1318/1845/1579 1293/1827/1532
f 965/1800/1165 1327/1815/1552 1293/1827/1532
f 1293/1827/1532 1327/1815/1552 1328/1846/1580
f 1293/1827/1532 1328/1846/1580 1329/1847/1581
f 1329/1847/1581 1328/1846/1580 1345/1848/1582
f 1329/1847/1581 1345/1848/1582 1346/1823/1560
f 1346/1823/1560 1345/1848/1582 1362/1821/1558
f 1320/1801/1539 1319/1799/1538 1336/1849/1583
f 1336/1849/1583 1319/1799/1538 1335/1837/1573
f 1336/1849/1583 1335/1837/1573 1352/1850/1584
f 1352/1850/1584 1335/1837/1573 1351/1839/1574
f 1352/1850/1584 1351/1839/1574 990/1807/1211
f 1321/1802/1540 1322/1851/1585 965/1800/1165
f 965/1800/1165 1322/1851/1585 1323/1852/1586
f 965/1800/1165 1323/1852/1586 1324/1812/1549
f 1324/1812/1549 1323/1852/1586 1340/1810/1547
f 1321/1802/1540 1338/1804/1542 1322/1851/1585
f 1322/1851/1585 1338/1804/1542 1339/1853/1587
f 1322/1851/1585 1339/1853/1587 1323/1852/1586
f 1323/1852/1586 1339/1853/1587 1340/1810/1547
f 1326/1814/1551 1325/1813/1550 1342/1854/1588
f 1342/1854/1588 1325/1813/1550 1341/1811/1548
f 1342/1854/1588 1341/1811/1548 1358/1841/1575
f 1358/1841/1575 1341/1811/1548 1357/1809/1546
f 1330/1825/1562 1293/1827/1532 1329/1847/1581
f 1345/1848/1582 1328/1846/1580 1344/1817/1554
f 1344/1817/1554 1328/1846/1580 1327/1815/1552
f 1346/1823/1560 1330/1825/1562 1329/1847/1581
f 1349/1830/1566 1332/1828/1564 1348/1836/1572
f 1348/1836/1572 1332/1828/1564 1331/1826/1563
f 1320/1801/1539 1336/1849/1583 1337/1803/1541
f 1337/1803/1541 1336/1849/1583 1353/1855/1589
f 1337/1803/1541 1353/1855/1589 1354/1805/1543
f 1354/1805/1543 1353/1855/1589 990/1807/1211
f 1353/1855/1589 1336/1849/1583 1352/1850/1584
f 1356/1808/1545 1340/1810/1547 1339/1853/1587
f 1356/1808/1545 1339/1853/1587 1355/1806/1544
f 1355/1806/1544 1339/1853/1587 1338/1804/1542
f 1359/1842/1576 1343/1816/1553 1342/1854/1588
f 1342/1854/1588 1343/1816/1553 1326/1814/1551
f 1359/1842/1576 1342/1854/1588 1358/1841/1575
f 1362/1821/1558 1345/1848/1582 1361/1819/1556
f 1361/1819/1556 1345/1848/1582 1344/1817/1554
f 1364/1835/1571 1347/1824/1561 1363/1822/1559
f 1366/1832/1568 1349/1830/1566 1365/1834/1570
f 1365/1834/1570 1349/1830/1566 1348/1836/1572
f 990/1807/1211 1353/1855/1589 1352/1850/1584
f 1315/1820/1557 1364/1835/1571 1363/1822/1559
f 1368/1856/1590 617/1857/1591 1367/1858/1592
f 1367/1858/1592 617/1857/1591 1372/1859/1593
f 1367/1858/1592 1372/1859/1593 1373/1860/1594
f 617/1857/1591 1368/1856/1590 1379/1861/1595
f 1379/1861/1595 1368/1856/1590 1369/1862/1596
f 1379/1861/1595 1369/1862/1596 1382/1863/1597
f 1382/1863/1597 1369/1862/1596 990/1864/1211
f 1382/1863/1597 990/1864/1211 1381/1865/1598
f 1381/1865/1598 990/1864/1211 1378/1866/1599
f 1381/1865/1598 1378/1866/1599 1375/1867/1600
f 990/1864/1211 1369/1862/1596 1315/1868/1557
f 1315/1868/1557 1369/1862/1596 1370/1869/1601
f 1315/1868/1557 1370/1869/1601 1373/1860/1594
f 1373/1860/1594 1370/1869/1601 1367/1858/1592
f 1372/1859/1593 617/1857/1591 1371/1870/1602
f 1371/1870/1602 617/1857/1591 1392/1871/1603
f 1371/1870/1602 1392/1871/1603 1393/1872/1604
f 1373/1860/1594 1374/1873/1605 1315/1868/1557
f 1315/1868/1557 1374/1873/1605 1393/1872/1604
f 1315/1868/1557 1393/1872/1604 1394/1874/1606
f 1374/1873/1605 1371/1870/1602 1393/1872/1604
f 1376/1875/1607 618/1876/1213 1375/1867/1600
f 1375/1867/1600 618/1876/1213 1380/1877/1608
f 1375/1867/1600 1380/1877/1608 1381/1865/1598
f 618/1876/1213 1376/1875/1607 1387/1878/1609
f 1387/1878/1609 1376/1875/1607 1377/1879/1610
f 1387/1878/1609 1377/1879/1610 1390/1880/1611
f 1390/1880/1611 1377/1879/1610 990/1864/1211
f 1390/1880/1611 990/1864/1211 1389/1881/1612
f 1389/1881/1612 990/1864/1211 1383/1882/1613
f 1389/1881/1612 1383/1882/1613 1384/1883/1614
f 1377/1879/1610 1378/1866/1599 990/1864/1211
f 617/1857/1591 1379/1861/1595 618/1876/1213
f 618/1876/1213 1379/1861/1595 1380/1877/1608
f 1385/1884/1615 618/1876/1213 1384/1883/1614
f 1384/1883/1614 618/1876/1213 1388/1885/1616
f 1384/1883/1614 1388/1885/1616 1389/1881/1612
f 618/1876/1213 1385/1884/1615 990/1864/1211
f 990/1864/1211 1385/1884/1615 1386/1886/1617
f 990/1864/1211 1386/1886/1617 1383/1882/1613
f 1387/1878/1609 1388/1885/1616 618/1876/1213
f 1392/1871/1603 617/1857/1591 1391/1887/1618
f 1391/1887/1618 617/1857/1591 1396/1888/1619
f 1391/1887/1618 1396/1888/1619 1397/1889/1620
f 1315/1868/1557 1394/1874/1606 1397/1889/1620
f 1397/1889/1620 1394/1874/1606 1391/1887/1618
f 1396/1888/1619 617/1857/1591 1395/1890/1621
f 1395/1890/1621 617/1857/1591 1315/1868/1557
f 1395/1890/1621 1315/1868/1557 1398/1891/1622
f 1398/1891/1622 1315/1868/1557 1397/1889/1620
f 1301/1892/1524 1399/1893/1623 1302/1894/1624
f 1302/1894/1624 1399/1893/1623 1410/1895/1625
f 1302/1894/1624 1410/1895/1625 1303/1896/1626
f 1303/1896/1626 1410/1895/1625 1417/1897/1627
f 1303/1896/1626 1417/1897/1627 1304/1898/1628
f 1304/1898/1628 1417/1897/1627 1424/1899/1629
f 1304/1898/1628 1424/1899/1629 1305/1900/1630
f 1305/1900/1630 1424/1899/1629 1431/1901/1631
f 1305/1900/1630 1431/1901/1631 1306/1902/1632
f 1306/1902/1632 1431/1901/1631 1438/1903/1633
f 1306/1902/1632 1438/1903/1633 1307/1904/1634
f 1307/1904/1634 1438/1903/1633 1445/1905/1635
f 1307/1904/1634 1445/1905/1635 1308/1906/1636
f 1308/1906/1636 1445/1905/1635 1452/1907/1637
f 1308/1906/1636 1452/1907/1637 245/1908/1537
f 245/1908/1537 1452/1907/1637 246/1909/1638
f 246/1909/1638 1452/1907/1637 1451/1910/1639
f 246/1909/1638 1451/1910/1639 247/1911/1640
f 247/1911/1640 1451/1910/1639 1450/1912/1641
f 247/1911/1640 1450/1912/1641 248/1913/1642
f 248/1913/1642 1450/1912/1641 1449/1914/1643
f 248/1913/1642 1449/1914/1643 249/1915/1644
f 249/1915/1644 1449/1914/1643 1448/1916/1645
f 249/1915/1644 1448/1916/1645 1447/1917/1646
f 1447/1917/1646 1448/1916/1645 1440/1918/1647
f 1447/1917/1646 1440/1918/1647 1439/1919/1648
f 1439/1919/1648 1440/1918/1647 1432/1920/1649
f 1439/1919/1648 1432/1920/1649 225/1921/1650
f 225/1921/1650 1432/1920/1649 226/1922/1651
f 226/1922/1651 1432/1920/1649 1425/1923/1652
f 226/1922/1651 1425/1923/1652 227/1924/1653
f 227/1924/1653 1425/1923/1652 1418/1925/1654
f 227/1924/1653 1418/1925/1654 228/1926/1655
f 228/1926/1655 1418/1925/1654 1411/1927/1656
f 228/1926/1655 1411/1927/1656 229/1928/1657
f 229/1928/1657 1411/1927/1656 1404/1929/1658
f 229/1928/1657 1404/1929/1658 230/1930/1659
f 230/1930/1659 1404/1929/1658 231/1931/269
f 231/1931/269 1404/1929/1658 1403/1932/1660
f 1403/1932/1660 1404/1929/1658 1405/1933/1661
f 1403/1932/1660 1405/1933/1661 1402/1934/1662
f 1402/1934/1662 1405/1933/1661 1406/1935/1663
f 1402/1934/1662 1406/1935/1663 1407/1936/1664
f 1407/1936/1664 1406/1935/1663 1414/1937/1665
f 1407/1936/1664 1414/1937/1665 1415/1938/1666
f 1415/1938/1666 1414/1937/1665 1422/1939/1667
f 1415/1938/1666 1422/1939/1667 1423/1940/1668
f 1423/1940/1668 1422/1939/1667 1430/1941/1669
f 1423/1940/1668 1430/1941/1669 1431/1901/1631
f 1431/1901/1631 1430/1941/1669 1438/1903/1633
f 1410/1895/1625 1399/1893/1623 1409/1942/1670
f 1409/1942/1670 1399/1893/1623 1400/1943/1671
f 1409/1942/1670 1400/1943/1671 1408/1944/1672
f 1408/1944/1672 1400/1943/1671 1401/1945/1673
f 1408/1944/1672 1401/1945/1673 1407/1936/1664
f 1407/1936/1664 1401/1945/1673 1402/1934/1662
f 225/1921/1650 224/1946/1674 1439/1919/1648
f 1439/1919/1648 224/1946/1674 1446/1947/1675
f 1439/1919/1648 1446/1947/1675 1447/1917/1646
f 1447/1917/1646 1446/1947/1675 250/1948/1676
f 1447/1917/1646 250/1948/1676 249/1915/1644
f 224/1946/1674 223/1949/257 1446/1947/1675
f 1446/1947/1675 223/1949/257 250/1948/1676
f 1405/1933/1661 1404/1929/1658 1412/1950/1677
f 1412/1950/1677 1404/1929/1658 1411/1927/1656
f 1412/1950/1677 1411/1927/1656 1419/1951/1678
f 1419/1951/1678 1411/1927/1656 1418/1925/1654
f 1419/1951/1678 1418/1925/1654 1426/1952/1679
f 1426/1952/1679 1418/1925/1654 1425/1923/1652
f 1426/1952/1679 1425/1923/1652 1433/1953/1680
f 1433/1953/1680 1425/1923/1652 1432/1920/1649
f 1433/1953/1680 1432/1920/1649 1440/1918/1647
f 1406/1935/1663 1405/1933/1661 1413/1954/1681
f 1413/1954/1681 1405/1933/1661 1412/1950/1677
f 1413/1954/1681 1412/1950/1677 1420/1955/1682
f 1420/1955/1682 1412/1950/1677 1419/1951/1678
f 1420/1955/1682 1419/1951/1678 1427/1956/1683
f 1427/1956/1683 1419/1951/1678 1426/1952/1679
f 1427/1956/1683 1426/1952/1679 1434/1957/1684
f 1434/1957/1684 1426/1952/1679 1433/1953/1680
f 1434/1957/1684 1433/1953/1680 1441/1958/1685
f 1441/1958/1685 1433/1953/1680 1440/1918/1647
f 1441/1958/1685 1440/1918/1647 1448/1916/1645
f 1407/1936/1664 1415/1938/1666 1408/1944/1672
f 1408/1944/1672 1415/1938/1666 1416/1959/1686
f 1408/1944/1672 1416/1959/1686 1409/1942/1670
f 1409/1942/1670 1416/1959/1686 1417/1897/1627
f 1409/1942/1670 1417/1897/1627 1410/1895/1625
f 1406/1935/1663 1413/1954/1681 1414/1937/1665
f 1414/1937/1665 1413/1954/1681 1421/1960/1687
f 1414/1937/1665 1421/1960/1687 1422/1939/1667
f 1422/1939/1667 1421/1960/1687 1429/1961/1688
f 1422/1939/1667 1429/1961/1688 1430/1941/1669
f 1430/1941/1669 1429/1961/1688 1437/1962/1689
f 1430/1941/1669 1437/1962/1689 1438/1903/1633
f 1438/1903/1633 1437/1962/1689 1445/1905/1635
f 1421/1960/1687 1413/1954/1681 1420/1955/1682
f 1424/1899/1629 1417/1897/1627 1416/1959/1686
f 1424/1899/1629 1416/1959/1686 1423/1940/1668
f 1423/1940/1668 1416/1959/1686 1415/1938/1666
f 1421/1960/1687 1420/1955/1682 1428/1963/1690
f 1428/1963/1690 1420/1955/1682 1427/1956/1683
f 1428/1963/1690 1427/1956/1683 1435/1964/1691
f 1435/1964/1691 1427/1956/1683 1434/1957/1684
f 1435/1964/1691 1434/1957/1684 1442/1965/1692
f 1442/1965/1692 1434/1957/1684 1441/1958/1685
f 1442/1965/1692 1441/1958/1685 1449/1914/1643
f 1449/1914/1643 1441/1958/1685 1448/1916/1645
f 1431/1901/1631 1424/1899/1629 1423/1940/1668
f 1421/1960/1687 1428/1963/1690 1429/1961/1688
f 1429/1961/1688 1428/1963/1690 1436/1966/1693
f 1429/1961/1688 1436/1966/1693 1437/1962/1689
f 1437/1962/1689 1436/1966/1693 1444/1967/1694
f 1437/1962/1689 1444/1967/1694 1445/1905/1635
f 1445/1905/1635 1444/1967/1694 1452/1907/1637
f 1436/1966/1693 1428/1963/1690 1435/1964/1691
f 1436/1966/1693 1435/1964/1691 1443/1968/1695
f 1443/1968/1695 1435/1964/1691 1442/1965/1692
f 1443/1968/1695 1442/1965/1692 1450/1912/1641
f 1450/1912/1641 1442/1965/1692 1449/1914/1643
f 1436/1966/1693 1443/1968/1695 1444/1967/1694
f 1444/1967/1694 1443/1968/1695 1451/1910/1639
f 1444/1967/1694 1451/1910/1639 1452/1907/1637
f 1451/1910/1639 1443/1968/1695 1450/1912/1641
f 1294/1969/1696 1293/1970/1532 1466/1971/1697
f 1466/1971/1697 1293/1970/1532 1318/1972/1698
f 1466/1971/1697 1318/1972/1698 1465/1973/1699
f 1465/1973/1699 1318/1972/1698 1464/1974/1700
f 1465/1973/1699 1464/1974/1700 1472/1975/1701
f 1472/1975/1701 1464/1974/1700 1471/1976/1702
f 1472/1975/1701 1471/1976/1702 1479/1977/1703
f 1479/1977/1703 1471/1976/1702 1478/1978/1704
f 1479/1977/1703 1478/1978/1704 1486/1979/1705
f 1486/1979/1705 1478/1978/1704 1485/1980/1706
f 1486/1979/1705 1485/1980/1706 1493/1981/1707
f 1493/1981/1707 1485/1980/1706 1492/1982/1708
f 1493/1981/1707 1492/1982/1708 1400/1983/1709
f 1400/1983/1709 1492/1982/1708 1401/1984/1710
f 1401/1984/1710 1492/1982/1708 1491/1985/1711
f 1401/1984/1710 1491/1985/1711 1490/1986/1712
f 1490/1986/1712 1491/1985/1711 1483/1987/1713
f 1490/1986/1712 1483/1987/1713 1482/1988/1714
f 1482/1988/1714 1483/1987/1713 1475/1989/1715
f 1482/1988/1714 1475/1989/1715 1474/1990/1716
f 1474/1990/1716 1475/1989/1715 1467/1991/1717
f 1474/1990/1716 1467/1991/1717 1455/1992/1718
f 1455/1992/1718 1467/1991/1717 1454/1993/1719
f 1454/1993/1719 1467/1991/1717 1460/1994/1720
f 1454/1993/1719 1460/1994/1720 1453/1995/1721
f 1453/1995/1721 1460/1994/1720 1315/1996/1557
f 1315/1996/1557 1460/1994/1720 1316/1997/1722
f 1316/1997/1722 1460/1994/1720 1461/1998/1723
f 1316/1997/1722 1461/1998/1723 1462/1999/1724
f 1462/1999/1724 1461/1998/1723 1469/2000/1725
f 1462/1999/1724 1469/2000/1725 1470/2001/1726
f 1470/2001/1726 1469/2000/1725 1477/2002/1727
f 1470/2001/1726 1477/2002/1727 1478/1978/1704
f 1478/1978/1704 1477/2002/1727 1485/1980/1706
f 1318/1972/1698 1317/2003/1577 1464/1974/1700
f 1464/1974/1700 1317/2003/1577 1463/2004/1728
f 1464/1974/1700 1463/2004/1728 1471/1976/1702
f 1471/1976/1702 1463/2004/1728 1470/2001/1726
f 1471/1976/1702 1470/2001/1726 1478/1978/1704
f 1463/2004/1728 1317/2003/1577 1462/1999/1724
f 1462/1999/1724 1317/2003/1577 1316/1997/1722
f 1455/1992/1718 1456/2005/1729 1474/1990/1716
f 1474/1990/1716 1456/2005/1729 1481/2006/1730
f 1474/1990/1716 1481/2006/1730 1482/1988/1714
f 1482/1988/1714 1481/2006/1730 1489/2007/1731
f 1482/1988/1714 1489/2007/1731 1490/1986/1712
f 1490/1986/1712 1489/2007/1731 1402/2008/1732
f 1490/1986/1712 1402/2008/1732 1401/1984/1710
f 1456/2005/1729 1457/2009/1733 1481/2006/1730
f 1481/2006/1730 1457/2009/1733 1488/2010/1734
f 1481/2006/1730 1488/2010/1734 1489/2007/1731
f 1489/2007/1731 1488/2010/1734 1402/2008/1732
f 1457/2009/1733 1458/2011/1735 1488/2010/1734
f 1488/2010/1734 1458/2011/1735 1459/2012/1736
f 1488/2010/1734 1459/2012/1736 1403/2013/1737
f 1403/2013/1737 1459/2012/1736 231/2014/269
f 1403/2013/1737 1402/2008/1732 1488/2010/1734
f 1400/1983/1709 1399/2015/1738 1493/1981/1707
f 1493/1981/1707 1399/2015/1738 1301/2016/1524
f 1493/1981/1707 1301/2016/1524 1494/2017/1739
f 1494/2017/1739 1301/2016/1524 1300/2018/1740
f 1494/2017/1739 1300/2018/1740 1299/2019/1741
f 1299/2019/1741 1298/2020/1742 1494/2017/1739
f 1494/2017/1739 1298/2020/1742 1487/2021/1743
f 1494/2017/1739 1487/2021/1743 1486/1979/1705
f 1486/1979/1705 1487/2021/1743 1479/1977/1703
f 1298/2020/1742 1297/2022/1744 1487/2021/1743
f 1487/2021/1743 1297/2022/1744 1480/2023/1745
f 1487/2021/1743 1480/2023/1745 1479/1977/1703
f 1479/1977/1703 1480/2023/1745 1472/1975/1701
f 1297/2022/1744 1296/2024/1746 1480/2023/1745
f 1480/2023/1745 1296/2024/1746 1473/2025/1747
f 1480/2023/1745 1473/2025/1747 1472/1975/1701
f 1472/1975/1701 1473/2025/1747 1465/1973/1699
f 1296/2024/1746 1295/2026/1748 1473/2025/1747
f 1473/2025/1747 1295/2026/1748 1466/1971/1697
f 1473/2025/1747 1466/1971/1697 1465/1973/1699
f 1295/2026/1748 1294/1969/1696 1466/1971/1697
f 1461/1998/1723 1460/1994/1720 1468/2027/1749
f 1468/2027/1749 1460/1994/1720 1467/1991/1717
f 1468/2027/1749 1467/1991/1717 1475/1989/1715
f 1470/2001/1726 1463/2004/1728 1462/1999/1724
f 1461/1998/1723 1468/2027/1749 1469/2000/1725
f 1469/2000/1725 1468/2027/1749 1476/2028/1750
f 1469/2000/1725 1476/2028/1750 1477/2002/1727
f 1477/2002/1727 1476/2028/1750 1484/2029/1751
f 1477/2002/1727 1484/2029/1751 1485/1980/1706
f 1485/1980/1706 1484/2029/1751 1492/1982/1708
f 1476/2028/1750 1468/2027/1749 1475/1989/1715
f 1484/2029/1751 1476/2028/1750 1483/1987/1713
f 1483/1987/1713 1476/2028/1750 1475/1989/1715
f 1492/1982/1708 1484/2029/1751 1491/1985/1711
f 1491/1985/1711 1484/2029/1751 1483/1987/1713
f 1494/2017/1739 1486/1979/1705 1493/1981/1707
f 1081/2030/1299 1499/2031/1752 851/2032/1049
f 851/2032/1049 1499/2031/1752 1500/2033/1753
f 851/2032/1049 1500/2033/1753 1501/2034/1754
f 1501/2034/1754 1500/2033/1753 1517/2035/1755
f 1501/2034/1754 1517/2035/1755 1518/2036/1756
f 1518/2036/1756 1517/2035/1755 1534/2037/1757
f 1518/2036/1756 1534/2037/1757 1535/2038/1758
f 1535/2038/1758 1534/2037/1757 876/2039/1083
f 1535/2038/1758 876/2039/1083 1536/2040/1759
f 1536/2040/1759 876/2039/1083 1537/2041/1760
f 1536/2040/1759 1537/2041/1760 1520/2042/1761
f 1520/2042/1761 1537/2041/1760 1521/2043/1762
f 1520/2042/1761 1521/2043/1762 1504/2044/1763
f 1504/2044/1763 1521/2043/1762 1505/2045/1764
f 1504/2044/1763 1505/2045/1764 851/2032/1049
f 851/2032/1049 1505/2045/1764 1506/2046/1765
f 851/2032/1049 1506/2046/1765 1507/2047/1766
f 1507/2047/1766 1506/2046/1765 1523/2048/1767
f 1507/2047/1766 1523/2048/1767 1524/2049/1768
f 1524/2049/1768 1523/2048/1767 1540/2050/1769
f 1524/2049/1768 1540/2050/1769 1541/2051/1770
f 1541/2051/1770 1540/2050/1769 1110/2052/1331
f 1541/2051/1770 1110/2052/1331 1542/2053/1771
f 1542/2053/1771 1110/2052/1331 1543/2054/1772
f 1542/2053/1771 1543/2054/1772 1526/2055/1773
f 1526/2055/1773 1543/2054/1772 1527/2056/1774
f 1526/2055/1773 1527/2056/1774 1510/2057/1775
f 1510/2057/1775 1527/2056/1774 1511/2058/1776
f 1510/2057/1775 1511/2058/1776 1498/2059/1777
f 1498/2059/1777 1511/2058/1776 1512/2060/1778
f 1498/2059/1777 1512/2060/1778 1513/2061/1779
f 1513/2061/1779 1512/2060/1778 1529/2062/1780
f 1513/2061/1779 1529/2062/1780 1530/2063/1781
f 1530/2063/1781 1529/2062/1780 1546/2064/1782
f 1530/2063/1781 1546/2064/1782 1495/2065/1783
f 1495/2065/1783 1546/2064/1782 1110/2052/1331
f 1110/2052/1331 1546/2064/1782 1545/2066/1784
f 1110/2052/1331 1545/2066/1784 1544/2067/1785
f 1544/2067/1785 1545/2066/1784 1528/2068/1786
f 1544/2067/1785 1528/2068/1786 1527/2056/1774
f 1527/2056/1774 1528/2068/1786 1511/2058/1776
f 1499/2031/1752 1081/2030/1299 1515/2069/1787
f 1515/2069/1787 1081/2030/1299 1080/2070/1301
f 1515/2069/1787 1080/2070/1301 1531/2071/1788
f 1531/2071/1788 1080/2070/1301 1079/2072/1303
f 1531/2071/1788 1079/2072/1303 876/2039/1083
f 1537/2041/1760 876/2039/1083 1538/2073/1789
f 1538/2073/1789 876/2039/1083 1110/2052/1331
f 1538/2073/1789 1110/2052/1331 1539/2074/1790
f 1539/2074/1790 1110/2052/1331 1540/2050/1769
f 1539/2074/1790 1540/2050/1769 1523/2048/1767
f 1495/2065/1783 1496/2075/1791 1530/2063/1781
f 1530/2063/1781 1496/2075/1791 1514/2076/1792
f 1530/2063/1781 1514/2076/1792 1513/2061/1779
f 1513/2061/1779 1514/2076/1792 1498/2059/1777
f 1496/2075/1791 1497/2077/1793 1514/2076/1792
f 1514/2076/1792 1497/2077/1793 1498/2059/1777
f 851/2032/1049 1507/2047/1766 1498/2059/1777
f 1498/2059/1777 1507/2047/1766 1508/2078/1794
f 1498/2059/1777 1508/2078/1794 1509/2079/1795
f 1509/2079/1795 1508/2078/1794 1525/2080/1796
f 1509/2079/1795 1525/2080/1796 1526/2055/1773
f 1526/2055/1773 1525/2080/1796 1542/2053/1771
f 1500/2033/1753 1499/2031/1752 1516/2081/1797
f 1516/2081/1797 1499/2031/1752 1515/2069/1787
f 1516/2081/1797 1515/2069/1787 1532/2082/1798
f 1532/2082/1798 1515/2069/1787 1531/2071/1788
f 1532/2082/1798 1531/2071/1788 876/2039/1083
f 1501/2034/1754 1502/2083/1799 851/2032/1049
f 851/2032/1049 1502/2083/1799 1503/2084/1800
f 851/2032/1049 1503/2084/1800 1504/2044/1763
f 1504/2044/1763 1503/2084/1800 1520/2042/1761
f 1501/2034/1754 1518/2036/1756 1502/2083/1799
f 1502/2083/1799 1518/2036/1756 1519/2085/1801
f 1502/2083/1799 1519/2085/1801 1503/2084/1800
f 1503/2084/1800 1519/2085/1801 1520/2042/1761
f 1506/2046/1765 1505/2045/1764 1522/2086/1802
f 1522/2086/1802 1505/2045/1764 1521/2043/1762
f 1522/2086/1802 1521/2043/1762 1538/2073/1789
f 1538/2073/1789 1521/2043/1762 1537/2041/1760
f 1510/2057/1775 1498/2059/1777 1509/2079/1795
f 1525/2080/1796 1508/2078/1794 1524/2049/1768
f 1524/2049/1768 1508/2078/1794 1507/2047/1766
f 1526/2055/1773 1510/2057/1775 1509/2079/1795
f 1529/2062/1780 1512/2060/1778 1528/2068/1786
f 1528/2068/1786 1512/2060/1778 1511/2058/1776
f 1500/2033/1753 1516/2081/1797 1517/2035/1755
f 1517/2035/1755 1516/2081/1797 1533/2087/1803
f 1517/2035/1755 1533/2087/1803 1534/2037/1757
f 1534/2037/1757 1533/2087/1803 876/2039/1083
f 1533/2087/1803 1516/2081/1797 1532/2082/1798
f 1536/2040/1759 1520/2042/1761 1519/2085/1801
f 1536/2040/1759 1519/2085/1801 1535/2038/1758
f 1535/2038/1758 1519/2085/1801 1518/2036/1756
f 1539/2074/1790 1523/2048/1767 1522/2086/1802
f 1522/2086/1802 1523/2048/1767 1506/2046/1765
f 1539/2074/1790 1522/2086/1802 1538/2073/1789
f 1542/2053/1771 1525/2080/1796 1541/2051/1770
f 1541/2051/1770 1525/2080/1796 1524/2049/1768
f 1544/2067/1785 1527/2056/1774 1543/2054/1772
f 1546/2064/1782 1529/2062/1780 1545/2066/1784
f 1545/2066/1784 1529/2062/1780 1528/2068/1786
f 876/2039/1083 1533/2087/1803 1532/2082/1798
f 1110/2052/1331 1544/2067/1785 1543/2054/1772
f 1102/2088/1317 1547/2089/1804 1103/2090/1805
f 1103/2090/1805 1547/2089/1804 1566/2091/1806
f 1103/2090/1805 1566/2091/1806 1104/2092/1807
f 1104/2092/1807 1566/2091/1806 1105/2093/1808
f 1105/2093/1808 1566/2091/1806 1573/2094/1809
f 1105/2093/1808 1573/2094/1809 1106/2095/1810
f 1106/2095/1810 1573/2094/1809 1580/2096/1811
f 1106/2095/1810 1580/2096/1811 1107/2097/1812
f 1107/2097/1812 1580/2096/1811 1587/2098/1813
f 1107/2097/1812 1587/2098/1813 1108/2099/1814
f 1108/2099/1814 1587/2098/1813 1594/2100/1815
f 1108/2099/1814 1594/2100/1815 1109/2101/1816
f 1109/2101/1816 1594/2100/1815 1601/2102/1817
f 1109/2101/1816 1601/2102/1817 1110/2103/1331
f 1110/2103/1331 1601/2102/1817 1495/2104/1818
f 1495/2104/1818 1601/2102/1817 1600/2105/1819
f 1495/2104/1818 1600/2105/1819 1599/2106/1820
f 1599/2106/1820 1600/2105/1819 1592/2107/1821
f 1599/2106/1820 1592/2107/1821 1591/2108/1822
f 1591/2108/1822 1592/2107/1821 1584/2109/1823
f 1591/2108/1822 1584/2109/1823 1583/2110/1824
f 1583/2110/1824 1584/2109/1823 1576/2111/1825
f 1583/2110/1824 1576/2111/1825 1575/2112/1826
f 1575/2112/1826 1576/2111/1825 1568/2113/1827
f 1575/2112/1826 1568/2113/1827 1567/2114/1828
f 1567/2114/1828 1568/2113/1827 1560/2115/1829
f 1567/2114/1828 1560/2115/1829 1554/2116/1830
f 1554/2116/1830 1560/2115/1829 1553/2117/1831
f 1553/2117/1831 1560/2115/1829 1551/2118/1832
f 1553/2117/1831 1551/2118/1832 1552/2119/1833
f 1566/2091/1806 1547/2089/1804 1565/2120/1834
f 1565/2120/1834 1547/2089/1804 1548/2121/1835
f 1565/2120/1834 1548/2121/1835 1549/2122/1836
f 1550/2123/1837 1563/2124/1838 1549/2122/1836
f 1549/2122/1836 1563/2124/1838 1564/2125/1839
f 1549/2122/1836 1564/2125/1839 1565/2120/1834
f 1565/2120/1834 1564/2125/1839 1572/2126/1840
f 1565/2120/1834 1572/2126/1840 1573/2094/1809
f 1573/2094/1809 1572/2126/1840 1580/2096/1811
f 1551/2118/1832 1561/2127/1841 1550/2123/1837
f 1550/2123/1837 1561/2127/1841 1562/2128/1842
f 1550/2123/1837 1562/2128/1842 1563/2124/1838
f 1563/2124/1838 1562/2128/1842 1570/2129/1843
f 1563/2124/1838 1570/2129/1843 1571/2130/1844
f 1571/2130/1844 1570/2129/1843 1578/2131/1845
f 1571/2130/1844 1578/2131/1845 1579/2132/1846
f 1579/2132/1846 1578/2131/1845 1586/2133/1847
f 1579/2132/1846 1586/2133/1847 1587/2098/1813
f 1587/2098/1813 1586/2133/1847 1594/2100/1815
f 1554/2116/1830 1555/2134/1848 1567/2114/1828
f 1567/2114/1828 1555/2134/1848 1574/2135/1849
f 1567/2114/1828 1574/2135/1849 1575/2112/1826
f 1575/2112/1826 1574/2135/1849 1582/2136/1850
f 1575/2112/1826 1582/2136/1850 1583/2110/1824
f 1583/2110/1824 1582/2136/1850 1590/2137/1851
f 1583/2110/1824 1590/2137/1851 1591/2108/1822
f 1591/2108/1822 1590/2137/1851 1598/2138/1852
f 1591/2108/1822 1598/2138/1852 1599/2106/1820
f 1599/2106/1820 1598/2138/1852 1496/2139/1791
f 1599/2106/1820 1496/2139/1791 1495/2104/1818
f 1555/2134/1848 1556/2140/1853 1574/2135/1849
f 1574/2135/1849 1556/2140/1853 1581/2141/1854
f 1574/2135/1849 1581/2141/1854 1582/2136/1850
f 1582/2136/1850 1581/2141/1854 1589/2142/1855
f 1582/2136/1850 1589/2142/1855 1590/2137/1851
f 1590/2137/1851 1589/2142/1855 1597/2143/1856
f 1590/2137/1851 1597/2143/1856 1598/2138/1852
f 1598/2138/1852 1597/2143/1856 1496/2139/1791
f 1556/2140/1853 1557/2144/1857 1581/2141/1854
f 1581/2141/1854 1557/2144/1857 1588/2145/1858
f 1581/2141/1854 1588/2145/1858 1589/2142/1855
f 1589/2142/1855 1588/2145/1858 1596/2146/1859
f 1589/2142/1855 1596/2146/1859 1597/2143/1856
f 1597/2143/1856 1596/2146/1859 1497/2147/1860
f 1597/2143/1856 1497/2147/1860 1496/2139/1791
f 1557/2144/1857 1558/2148/1861 1588/2145/1858
f 1588/2145/1858 1558/2148/1861 1595/2149/1862
f 1588/2145/1858 1595/2149/1862 1596/2146/1859
f 1596/2146/1859 1595/2149/1862 1497/2147/1860
f 1558/2148/1861 1559/2150/1863 1595/2149/1862
f 1595/2149/1862 1559/2150/1863 1498/2151/1777
f 1595/2149/1862 1498/2151/1777 1497/2147/1860
f 1551/2118/1832 1560/2115/1829 1561/2127/1841
f 1561/2127/1841 1560/2115/1829 1568/2113/1827
f 1561/2127/1841 1568/2113/1827 1569/2152/1864
f 1569/2152/1864 1568/2113/1827 1576/2111/1825
f 1569/2152/1864 1576/2111/1825 1577/2153/1865
f 1577/2153/1865 1576/2111/1825 1584/2109/1823
f 1577/2153/1865 1584/2109/1823 1585/2154/1866
f 1585/2154/1866 1584/2109/1823 1592/2107/1821
f 1585/2154/1866 1592/2107/1821 1593/2155/1867
f 1593/2155/1867 1592/2107/1821 1600/2105/1819
f 1593/2155/1867 1600/2105/1819 1601/2102/1817
f 1570/2129/1843 1562/2128/1842 1569/2152/1864
f 1569/2152/1864 1562/2128/1842 1561/2127/1841
f 1572/2126/1840 1564/2125/1839 1571/2130/1844
f 1571/2130/1844 1564/2125/1839 1563/2124/1838
f 1573/2094/1809 1566/2091/1806 1565/2120/1834
f 1578/2131/1845 1570/2129/1843 1577/2153/1865
f 1577/2153/1865 1570/2129/1843 1569/2152/1864
f 1580/2096/1811 1572/2126/1840 1579/2132/1846
f 1579/2132/1846 1572/2126/1840 1571/2130/1844
f 1586/2133/1847 1578/2131/1845 1585/2154/1866
f 1585/2154/1866 1578/2131/1845 1577/2153/1865
f 1587/2098/1813 1580/2096/1811 1579/2132/1846
f 1594/2100/1815 1586/2133/1847 1593/2155/1867
f 1593/2155/1867 1586/2133/1847 1585/2154/1866
f 1601/2102/1817 1594/2100/1815 1593/2155/1867
f 1094/2156/1326 1602/2157/1868 1095/2158/1869
f 1095/2158/1869 1602/2157/1868 1623/2159/1870
f 1095/2158/1869 1623/2159/1870 1096/2160/1871
f 1096/2160/1871 1623/2159/1870 1630/2161/1872
f 1096/2160/1871 1630/2161/1872 1097/2162/1873
f 1097/2162/1873 1630/2161/1872 1616/2163/1874
f 1097/2162/1873 1616/2163/1874 1098/2164/1875
f 1098/2164/1875 1616/2163/1874 1643/2165/1876
f 1098/2164/1875 1643/2165/1876 1642/2166/1877
f 1642/2166/1877 1643/2165/1876 1644/2167/1878
f 1642/2166/1877 1644/2167/1878 1641/2168/1879
f 1641/2168/1879 1644/2167/1878 1645/2169/1880
f 1641/2168/1879 1645/2169/1880 1640/2170/1881
f 1640/2170/1881 1645/2169/1880 1646/2171/1882
f 1640/2170/1881 1646/2171/1882 1639/2172/1883
f 1639/2172/1883 1646/2171/1882 1647/2173/1884
f 1639/2172/1883 1647/2173/1884 1638/2174/1885
f 1638/2174/1885 1647/2173/1884 1648/2175/1886
f 1638/2174/1885 1648/2175/1886 1637/2176/1887
f 1637/2176/1887 1648/2175/1886 1649/2177/1888
f 1637/2176/1887 1649/2177/1888 1636/2178/1889
f 1636/2178/1889 1649/2177/1888 1611/2179/1890
f 1636/2178/1889 1611/2179/1890 1612/2180/1891
f 1623/2159/1870 1602/2157/1868 1622/2181/1892
f 1622/2181/1892 1602/2157/1868 1603/2182/1893
f 1622/2181/1892 1603/2182/1893 1621/2183/1894
f 1621/2183/1894 1603/2182/1893 1604/2184/1895
f 1621/2183/1894 1604/2184/1895 1620/2185/1896
f 1620/2185/1896 1604/2184/1895 1605/2186/1897
f 1620/2185/1896 1605/2186/1897 1619/2187/1898
f 1619/2187/1898 1605/2186/1897 1618/2188/1899
f 1619/2187/1898 1618/2188/1899 1626/2189/1900
f 1626/2189/1900 1618/2188/1899 1625/2190/1901
f 1626/2189/1900 1625/2190/1901 1632/2191/1902
f 1632/2191/1902 1625/2190/1901 1631/2192/1903
f 1632/2191/1902 1631/2192/1903 1647/2173/1884
f 1647/2173/1884 1631/2192/1903 1648/2175/1886
f 1605/2186/1897 1606/2193/1904 1618/2188/1899
f 1618/2188/1899 1606/2193/1904 1617/2194/1905
f 1618/2188/1899 1617/2194/1905 1625/2190/1901
f 1625/2190/1901 1617/2194/1905 1624/2195/1906
f 1625/2190/1901 1624/2195/1906 1631/2192/1903
f 1631/2192/1903 1624/2195/1906 1615/2196/1907
f 1631/2192/1903 1615/2196/1907 1648/2175/1886
f 1648/2175/1886 1615/2196/1907 1649/2177/1888
f 1607/2197/1908 1608/2198/1909 1606/2193/1904
f 1606/2193/1904 1608/2198/1909 1617/2194/1905
f 1608/2198/1909 1609/2199/1910 1617/2194/1905
f 1617/2194/1905 1609/2199/1910 1624/2195/1906
f 1609/2199/1910 1610/2200/1911 1624/2195/1906
f 1624/2195/1906 1610/2200/1911 1615/2196/1907
f 1610/2200/1911 1611/2179/1890 1615/2196/1907
f 1615/2196/1907 1611/2179/1890 1649/2177/1888
f 1636/2178/1889 1612/2180/1891 1650/2201/1912
f 1650/2201/1912 1612/2180/1891 1613/2202/1913
f 1650/2201/1912 1613/2202/1913 1657/2203/1914
f 1657/2203/1914 1613/2202/1913 1614/2204/1915
f 1657/2203/1914 1614/2204/1915 1664/2205/1916
f 1664/2205/1916 1614/2204/1915 1552/2206/1833
f 1664/2205/1916 1552/2206/1833 1551/2207/1917
f 1664/2205/1916 1551/2207/1917 1665/2208/1918
f 1665/2208/1918 1551/2207/1917 1550/2209/1919
f 1665/2208/1918 1550/2209/1919 1666/2210/1920
f 1666/2210/1920 1550/2209/1919 1667/2211/1921
f 1666/2210/1920 1667/2211/1921 1659/2212/1922
f 1659/2212/1922 1667/2211/1921 1660/2213/1923
f 1659/2212/1922 1660/2213/1923 1652/2214/1924
f 1652/2214/1924 1660/2213/1923 1653/2215/1925
f 1652/2214/1924 1653/2215/1925 1638/2174/1885
f 1638/2174/1885 1653/2215/1925 1639/2172/1883
f 1550/2209/1919 1549/2216/1926 1667/2211/1921
f 1667/2211/1921 1549/2216/1926 1668/2217/1927
f 1667/2211/1921 1668/2217/1927 1660/2213/1923
f 1660/2213/1923 1668/2217/1927 1661/2218/1928
f 1660/2213/1923 1661/2218/1928 1653/2215/1925
f 1653/2215/1925 1661/2218/1928 1654/2219/1929
f 1653/2215/1925 1654/2219/1929 1639/2172/1883
f 1639/2172/1883 1654/2219/1929 1640/2170/1881
f 1549/2216/1926 1548/2220/1930 1668/2217/1927
f 1668/2217/1927 1548/2220/1930 1669/2221/1931
f 1668/2217/1927 1669/2221/1931 1661/2218/1928
f 1661/2218/1928 1669/2221/1931 1662/2222/1932
f 1661/2218/1928 1662/2222/1932 1654/2219/1929
f 1654/2219/1929 1662/2222/1932 1655/2223/1933
f 1654/2219/1929 1655/2223/1933 1640/2170/1881
f 1640/2170/1881 1655/2223/1933 1641/2168/1879
f 1548/2220/1930 1547/2224/1934 1669/2221/1931
f 1669/2221/1931 1547/2224/1934 1670/2225/1935
f 1669/2221/1931 1670/2225/1935 1662/2222/1932
f 1662/2222/1932 1670/2225/1935 1663/2226/1936
f 1662/2222/1932 1663/2226/1936 1655/2223/1933
f 1655/2223/1933 1663/2226/1936 1656/2227/1937
f 1655/2223/1933 1656/2227/1937 1641/2168/1879
f 1641/2168/1879 1656/2227/1937 1642/2166/1877
f 1547/2224/1934 1102/2228/1317 1670/2225/1935
f 1670/2225/1935 1102/2228/1317 1101/2229/1938
f 1670/2225/1935 1101/2229/1938 1663/2226/1936
f 1663/2226/1936 1101/2229/1938 1100/2230/1939
f 1663/2226/1936 1100/2230/1939 1656/2227/1937
f 1656/2227/1937 1100/2230/1939 1099/2231/1940
f 1656/2227/1937 1099/2231/1940 1642/2166/1877
f 1642/2166/1877 1099/2231/1940 1098/2164/1875
f 1620/2185/1896 1619/2187/1898 1627/2232/1941
f 1627/2232/1941 1619/2187/1898 1626/2189/1900
f 1627/2232/1941 1626/2189/1900 1633/2233/1942
f 1633/2233/1942 1626/2189/1900 1632/2191/1902
f 1633/2233/1942 1632/2191/1902 1646/2171/1882
f 1646/2171/1882 1632/2191/1902 1647/2173/1884
f 1621/2183/1894 1620/2185/1896 1628/2234/1943
f 1628/2234/1943 1620/2185/1896 1627/2232/1941
f 1628/2234/1943 1627/2232/1941 1634/2235/1944
f 1634/2235/1944 1627/2232/1941 1633/2233/1942
f 1634/2235/1944 1633/2233/1942 1645/2169/1880
f 1645/2169/1880 1633/2233/1942 1646/2171/1882
f 1630/2161/1872 1623/2159/1870 1622/2181/1892
f 1622/2181/1892 1621/2183/1894 1629/2236/1945
f 1629/2236/1945 1621/2183/1894 1628/2234/1943
f 1629/2236/1945 1628/2234/1943 1635/2237/1946
f 1635/2237/1946 1628/2234/1943 1634/2235/1944
f 1635/2237/1946 1634/2235/1944 1644/2167/1878
f 1644/2167/1878 1634/2235/1944 1645/2169/1880
f 1616/2163/1874 1630/2161/1872 1629/2236/1945
f 1629/2236/1945 1630/2161/1872 1622/2181/1892
f 1616/2163/1874 1629/2236/1945 1635/2237/1946
f 1643/2165/1876 1616/2163/1874 1635/2237/1946
f 1643/2165/1876 1635/2237/1946 1644/2167/1878
f 1652/2214/1924 1638/2174/1885 1637/2176/1887
f 1637/2176/1887 1636/2178/1889 1651/2238/1947
f 1651/2238/1947 1636/2178/1889 1650/2201/1912
f 1651/2238/1947 1650/2201/1912 1658/2239/1948
f 1658/2239/1948 1650/2201/1912 1657/2203/1914
f 1658/2239/1948 1657/2203/1914 1665/2208/1918
f 1665/2208/1918 1657/2203/1914 1664/2205/1916
f 1659/2212/1922 1652/2214/1924 1651/2238/1947
f 1651/2238/1947 1652/2214/1924 1637/2176/1887
f 1659/2212/1922 1651/2238/1947 1658/2239/1948
f 1666/2210/1920 1659/2212/1922 1658/2239/1948
f 1666/2210/1920 1658/2239/1948 1665/2208/1918
f 1094/2240/1326 1117/2241/1332 1677/2242/1949
f 1677/2242/1949 1117/2241/1332 1122/2243/1950
f 1677/2242/1949 1122/2243/1950 1676/2244/1951
f 1676/2244/1951 1122/2243/1950 1121/2245/1952
f 1676/2244/1951 1121/2245/1952 1675/2246/1953
f 1675/2246/1953 1121/2245/1952 1120/2247/1954
f 1675/2246/1953 1120/2247/1954 1674/2248/1955
f 1674/2248/1955 1120/2247/1954 1119/2249/1956
f 1674/2248/1955 1119/2249/1956 1673/2250/1957
f 1673/2250/1957 1119/2249/1956 1672/2251/1958
f 1673/2250/1957 1672/2251/1958 1605/2252/1959
f 1605/2252/1959 1672/2251/1958 1606/2253/1960
f 1606/2253/1960 1672/2251/1958 1671/2254/1961
f 1606/2253/1960 1671/2254/1961 1607/2255/1908
f 1607/2255/1908 1671/2254/1961 367/2256/450
f 367/2256/450 1671/2254/1961 1118/2257/1962
f 1118/2257/1962 1671/2254/1961 1672/2251/1958
f 1118/2257/1962 1672/2251/1958 1119/2249/1956
f 1673/2250/1957 1605/2252/1959 1674/2248/1955
f 1674/2248/1955 1605/2252/1959 1604/2258/1963
f 1674/2248/1955 1604/2258/1963 1675/2246/1953
f 1675/2246/1953 1604/2258/1963 1603/2259/1964
f 1675/2246/1953 1603/2259/1964 1676/2244/1951
f 1676/2244/1951 1603/2259/1964 1602/2260/1965
f 1676/2244/1951 1602/2260/1965 1677/2242/1949
f 1677/2242/1949 1602/2260/1965 1094/2240/1326
f 851/2261/1049 1689/2262/1966 603/2263/1047
f 603/2263/1047 1689/2262/1966 1686/2264/1967
f 603/2263/1047 1686/2264/1967 1698/2265/1968
f 1698/2265/1968 1686/2264/1967 1701/2266/1969
f 1701/2266/1969 1686/2264/1967 1687/2267/1970
f 1701/2266/1969 1687/2267/1970 851/2261/1049
f 851/2261/1049 1687/2267/1970 1688/2268/1971
f 851/2261/1049 1688/2268/1971 1689/2262/1966
f 1498/2269/1777 1681/2270/1972 851/2261/1049
f 851/2261/1049 1681/2270/1972 1704/2271/1973
f 851/2261/1049 1704/2271/1973 1705/2272/1974
f 604/2273/1975 1695/2274/1976 1498/2269/1777
f 1498/2269/1777 1695/2274/1976 1696/2275/1977
f 1498/2269/1777 1696/2275/1977 1697/2276/1978
f 603/2263/1047 1703/2277/1979 604/2273/1975
f 604/2273/1975 1703/2277/1979 1678/2278/1980
f 604/2273/1975 1678/2278/1980 1679/2279/1981
f 1680/2280/1982 1709/2281/1983 1679/2279/1981
f 1679/2279/1981 1709/2281/1983 1706/2282/1984
f 1679/2279/1981 1706/2282/1984 604/2273/1975
f 604/2273/1975 1706/2282/1984 1707/2283/1985
f 604/2273/1975 1707/2283/1985 1690/2284/1986
f 1690/2284/1986 1707/2283/1985 1693/2285/1987
f 1693/2285/1987 1707/2283/1985 1708/2286/1988
f 1693/2285/1987 1708/2286/1988 1498/2269/1777
f 1498/2269/1777 1708/2286/1988 1709/2281/1983
f 1498/2269/1777 1709/2281/1983 1680/2280/1982
f 1680/2280/1982 1681/2270/1972 1498/2269/1777
f 1704/2271/1973 1681/2270/1972 1703/2277/1979
f 1703/2277/1979 1681/2270/1972 1678/2278/1980
f 1683/2287/1989 603/2263/1047 1682/2288/1990
f 1682/2288/1990 603/2263/1047 1699/2289/1991
f 1682/2288/1990 1699/2289/1991 1685/2290/1992
f 1685/2290/1992 1699/2289/1991 1700/2291/1993
f 1685/2290/1992 1700/2291/1993 851/2261/1049
f 851/2261/1049 1700/2291/1993 1701/2266/1969
f 1684/2292/1994 1705/2272/1974 1683/2287/1989
f 1683/2287/1989 1705/2272/1974 1702/2293/1995
f 1683/2287/1989 1702/2293/1995 603/2263/1047
f 603/2263/1047 1702/2293/1995 1703/2277/1979
f 1705/2272/1974 1684/2292/1994 851/2261/1049
f 851/2261/1049 1684/2292/1994 1685/2290/1992
f 1690/2284/1986 1691/2294/1996 604/2273/1975
f 604/2273/1975 1691/2294/1996 1694/2295/1997
f 604/2273/1975 1694/2295/1997 1695/2274/1976
f 1694/2295/1997 1691/2294/1996 1697/2276/1978
f 1697/2276/1978 1691/2294/1996 1692/2296/1998
f 1697/2276/1978 1692/2296/1998 1498/2269/1777
f 1498/2269/1777 1692/2296/1998 1693/2285/1987
f 1698/2265/1968 1699/2289/1991 603/2263/1047
f 367/2297/450 366/2298/452 1607/2299/1908
f 1607/2299/1908 366/2298/452 365/2300/451
f 1607/2299/1908 365/2300/451 341/2301/396
f 341/2301/396 365/2300/451 342/2302/394
f 1607/2299/1908 341/2301/396 1608/2303/1999
f 1608/2303/1999 341/2301/396 340/2304/397
f 1608/2303/1999 340/2304/397 1609/2305/2000
f 1609/2305/2000 340/2304/397 1610/2306/2001
f 1610/2306/2001 340/2304/397 339/2307/399
f 1610/2306/2001 339/2307/399 1611/2308/2002
f 1611/2308/2002 339/2307/399 338/2309/401
f 1611/2308/2002 338/2309/401 1612/2310/2003
f 1612/2310/2003 338/2309/401 337/2311/403
f 1612/2310/2003 337/2311/403 1613/2312/2004
f 1613/2312/2004 337/2311/403 1614/2313/2005
f 1614/2313/2005 337/2311/403 1710/2314/2006
f 1614/2313/2005 1710/2314/2006 1711/2315/2007
f 337/2311/403 336/2316/405 1710/2314/2006
f 1711/2315/2007 1552/2317/1833 1614/2313/2005
f 1498/2318/1777 1559/2319/2008 604/2320/1975
f 604/2320/1975 1559/2319/2008 605/2321/2009
f 605/2321/2009 1559/2319/2008 1558/2322/2010
f 605/2321/2009 1558/2322/2010 606/2323/2011
f 606/2323/2011 1558/2322/2010 1557/2324/2012
f 606/2323/2011 1557/2324/2012 607/2325/2013
f 607/2325/2013 1557/2324/2012 1556/2326/2014
f 607/2325/2013 1556/2326/2014 1555/2327/2015
f 607/2325/2013 1555/2327/2015 608/2328/2016
f 608/2328/2016 1555/2327/2015 1554/2329/2017
f 608/2328/2016 1554/2329/2017 1553/2330/2018
f 608/2328/2016 1553/2330/2018 609/2331/2019
f 609/2331/2019 1553/2330/2018 1552/2332/1833
f 609/2331/2019 1552/2332/1833 1711/2333/2007
f 1711/2333/2007 1710/2334/2006 609/2331/2019
f 609/2331/2019 1710/2334/2006 610/2335/2020
f 610/2335/2020 1710/2334/2006 336/2336/405
f 369/2337/2021 373/2338/2022 610/2339/2020
f 610/2339/2020 373/2338/2022 375/2340/2023
f 610/2339/2020 375/2340/2023 611/2341/2024
f 611/2341/2024 375/2340/2023 370/2342/2025
f 611/2341/2024 370/2342/2025 234/2343/270
f 234/2343/270 370/2342/2025 336/2344/405
f 336/2344/405 370/2342/2025 369/2337/2021
f 336/2344/405 369/2337/2021 610/2339/2020
f 232/2345/268 231/2346/269 612/2347/2026
f 612/2347/2026 231/2346/269 1459/2348/2027
f 612/2347/2026 1459/2348/2027 613/2349/2028
f 613/2349/2028 1459/2348/2027 1458/2350/2029
f 613/2349/2028 1458/2350/2029 1457/2351/2030
f 613/2349/2028 1457/2351/2030 614/2352/2031
f 614/2352/2031 1457/2351/2030 1456/2353/2032
f 614/2352/2031 1456/2353/2032 1455/2354/2033
f 614/2352/2031 1455/2354/2033 615/2355/2034
f 615/2355/2034 1455/2354/2033 1454/2356/2035
f 615/2355/2034 1454/2356/2035 616/2357/2036
f 616/2357/2036 1454/2356/2035 1453/2358/2037
f 616/2357/2036 1453/2358/2037 617/2359/1591
f 617/2359/1591 1453/2358/2037 1315/2360/1557
f 232/2345/268 612/2347/2026 233/2361/267
f 233/2361/267 612/2347/2026 611/2362/2024
f 233/2361/267 611/2362/2024 234/2363/270
f 1368/2364/2038 1367/2365/2039 1713/2366/2040
f 1713/2366/2040 1367/2365/2039 1712/2367/2041
f 1369/2368/2042 1368/2369/2043 1714/2370/2044
f 1714/2370/2044 1368/2369/2043 1713/2371/2045
f 1370/2372/2046 1369/2373/2047 1715/2374/2048
f 1715/2374/2048 1369/2373/2047 1714/2375/2049
f 1367/2376/2050 1370/2377/2051 1712/2378/2052
f 1712/2378/2052 1370/2377/2051 1715/2379/2053
usemtl Paint_-_Metallic_(Silver)
f 1712/2380/2054 1715/2381/2055 1713/2382/2056
f 1713/2382/2056 1715/2381/2055 1714/2383/2057
usemtl Paint_-_Metal_Flake_(Black)
f 1372/2384/2058 1371/2385/2059 1717/2386/2060
f 1717/2386/2060 1371/2385/2059 1716/2387/2061
f 1373/2388/2062 1372/2389/2063 1718/2390/2064
f 1718/2390/2064 1372/2389/2063 1717/2391/2065
f 1374/2392/2066 1373/2393/2067 1719/2394/2068
f 1719/2394/2068 1373/2393/2067 1718/2395/2069
f 1371/2396/2070 1374/2397/2071 1716/2398/2072
f 1716/2398/2072 1374/2397/2071 1719/2399/2073
usemtl Paint_-_Metallic_(Silver)
f 1716/2400/2074 1719/2401/2075 1717/2402/2076
f 1717/2402/2076 1719/2401/2075 1718/2403/2077
usemtl Paint_-_Metal_Flake_(Black)
f 1376/2404/2078 1375/2405/2079 1721/2406/2080
f 1721/2406/2080 1375/2405/2079 1720/2407/2081
f 1377/2408/2082 1376/2409/2083 1722/2410/2084
f 1722/2410/2084 1376/2409/2083 1721/2411/2085
f 1378/2412/2086 1377/2413/2087 1723/2414/2088
f 1723/2414/2088 1377/2413/2087 1722/2415/2089
f 1375/2416/2090 1378/2417/2091 1720/2418/2092
f 1720/2418/2092 1378/2417/2091 1723/2419/2093
usemtl Paint_-_Metallic_(Silver)
f 1720/2420/2094 1723/2421/2095 1721/2422/2096
f 1721/2422/2096 1723/2421/2095 1722/2423/2097
usemtl Paint_-_Metal_Flake_(Black)
f 1380/2424/2098 1379/2425/2099 1725/2426/2100
f 1725/2426/2100 1379/2425/2099 1724/2427/2101
f 1381/2428/2102 1380/2429/2103 1726/2430/2104
f 1726/2430/2104 1380/2429/2103 1725/2431/2105
f 1382/2432/2106 1381/2433/2107 1727/2434/2108
f 1727/2434/2108 1381/2433/2107 1726/2435/2109
f 1379/2436/2110 1382/2437/2111 1724/2438/2112
f 1724/2438/2112 1382/2437/2111 1727/2439/2113
usemtl Paint_-_Metallic_(Silver)
f 1724/2440/2114 1727/2441/2115 1725/2442/2116
f 1725/2442/2116 1727/2441/2115 1726/2443/2117
usemtl Paint_-_Metal_Flake_(Black)
f 1384/2444/2118 1383/2445/2119 1729/2446/2120
f 1729/2446/2120 1383/2445/2119 1728/2447/2121
f 1385/2448/2122 1384/2449/2123 1730/2450/2124
f 1730/2450/2124 1384/2449/2123 1729/2451/2125
f 1386/2452/2126 1385/2453/2127 1731/2454/2128
f 1731/2454/2128 1385/2453/2127 1730/2455/2129
f 1383/2456/2130 1386/2457/2131 1728/2458/2132
f 1728/2458/2132 1386/2457/2131 1731/2459/2133
usemtl Paint_-_Metallic_(Silver)
f 1731/2460/2134 1730/2461/2135 1728/2462/2136
f 1728/2462/2136 1730/2461/2135 1729/2463/2137
usemtl Paint_-_Metal_Flake_(Black)
f 1388/2464/2138 1387/2465/2139 1733/2466/2140
f 1733/2466/2140 1387/2465/2139 1732/2467/2141
f 1389/2468/2142 1388/2469/2143 1734/2470/2144
f 1734/2470/2144 1388/2469/2143 1733/2471/2145
f 1390/2472/2146 1389/2473/2147 1735/2474/2148
f 1735/2474/2148 1389/2473/2147 1734/2475/2149
f 1387/2476/2150 1390/2477/2151 1732/2478/2152
f 1732/2478/2152 1390/2477/2151 1735/2479/2153
usemtl Paint_-_Metallic_(Silver)
f 1732/2480/2154 1735/2481/2155 1733/2482/2156
f 1733/2482/2156 1735/2481/2155 1734/2483/2157
usemtl Paint_-_Metal_Flake_(Black)
f 1392/2484/2158 1391/2485/2159 1737/2486/2160
f 1737/2486/2160 1391/2485/2159 1736/2487/2161
f 1393/2488/2162 1392/2489/2163 1738/2490/2164
f 1738/2490/2164 1392/2489/2163 1737/2491/2165
f 1394/2492/2166 1393/2493/2167 1739/2494/2168
f 1739/2494/2168 1393/2493/2167 1738/2495/2169
f 1391/2496/2170 1394/2497/2171 1736/2498/2172
f 1736/2498/2172 1394/2497/2171 1739/2499/2173
usemtl Paint_-_Metallic_(Silver)
f 1736/2500/2174 1739/2501/2175 1737/2502/2176
f 1737/2502/2176 1739/2501/2175 1738/2503/2177
usemtl Paint_-_Metal_Flake_(Black)
f 1396/2504/2178 1395/2505/2179 1741/2506/2180
f 1741/2506/2180 1395/2505/2179 1740/2507/2181
f 1397/2508/2182 1396/2509/2183 1742/2510/2184
f 1742/2510/2184 1396/2509/2183 1741/2511/2185
f 1398/2512/2186 1397/2513/2187 1743/2514/2188
f 1743/2514/2188 1397/2513/2187 1742/2515/2189
f 1395/2516/2190 1398/2517/2191 1740/2518/2192
f 1740/2518/2192 1398/2517/2191 1743/2519/2193
usemtl Paint_-_Metallic_(Silver)
f 1740/2520/2194 1743/2521/2195 1741/2522/2196
f 1741/2522/2196 1743/2521/2195 1742/2523/2197
usemtl Paint_-_Metal_Flake_(Black)
f 1707/2524/2198 1706/2525/2199 1745/2526/2200
f 1745/2526/2200 1706/2525/2199 1744/2527/2201
f 1706/2528/2202 1709/2529/2203 1744/2530/2204
f 1744/2530/2204 1709/2529/2203 1746/2531/2205
f 1709/2532/2206 1708/2533/2207 1746/2534/2208
f 1746/2534/2208 1708/2533/2207 1747/2535/2209
f 1708/2536/2210 1707/2537/2211 1747/2538/2212
f 1747/2538/2212 1707/2537/2211 1745/2539/2213
usemtl Paint_-_Metallic_(Silver)
f 1745/2540/2214 1744/2541/2215 1747/2542/2216
f 1747/2542/2216 1744/2541/2215 1746/2543/2217
usemtl Paint_-_Metal_Flake_(Black)
f 1703/2544/2218 1702/2545/2219 1749/2546/2220
f 1749/2546/2220 1702/2545/2219 1748/2547/2221
f 1702/2548/2222 1705/2549/2223 1748/2550/2224
f 1748/2550/2224 1705/2549/2223 1750/2551/2225
f 1705/2552/2226 1704/2553/2227 1750/2554/2228
f 1750/2554/2228 1704/2553/2227 1751/2555/2229
f 1704/2556/2230 1703/2557/2231 1751/2558/2232
f 1751/2558/2232 1703/2557/2231 1749/2559/2233
usemtl Paint_-_Metallic_(Silver)
f 1749/2560/2234 1748/2561/2235 1751/2562/2236
f 1751/2562/2236 1748/2561/2235 1750/2563/2237
usemtl Paint_-_Metal_Flake_(Black)
f 1699/2564/2238 1698/2565/2239 1753/2566/2240
f 1753/2566/2240 1698/2565/2239 1752/2567/2241
f 1698/2568/2242 1701/2569/2243 1752/2570/2244
f 1752/2570/2244 1701/2569/2243 1754/2571/2245
f 1701/2572/2246 1700/2573/2247 1754/2574/2248
f 1754/2574/2248 1700/2573/2247 1755/2575/2249
f 1700/2576/2250 1699/2577/2251 1755/2578/2252
f 1755/2578/2252 1699/2577/2251 1753/2579/2253
usemtl Paint_-_Metallic_(Silver)
f 1753/2580/2254 1752/2581/2255 1755/2582/2256
f 1755/2582/2256 1752/2581/2255 1754/2583/2257
usemtl Paint_-_Metal_Flake_(Black)
f 1695/2584/2258 1694/2585/2259 1757/2586/2260
f 1757/2586/2260 1694/2585/2259 1756/2587/2261
f 1694/2588/2262 1697/2589/2263 1756/2590/2264
f 1756/2590/2264 1697/2589/2263 1758/2591/2265
f 1697/2592/2266 1696/2593/2267 1758/2594/2268
f 1758/2594/2268 1696/2593/2267 1759/2595/2269
f 1696/2596/2270 1695/2597/2271 1759/2598/2272
f 1759/2598/2272 1695/2597/2271 1757/2599/2273
usemtl Paint_-_Metallic_(Silver)
f 1757/2600/2274 1756/2601/2275 1759/2602/2276
f 1759/2602/2276 1756/2601/2275 1758/2603/2277
usemtl Paint_-_Metal_Flake_(Black)
f 1691/2604/2278 1690/2605/2279 1761/2606/2280
f 1761/2606/2280 1690/2605/2279 1760/2607/2281
f 1690/2608/2282 1693/2609/2283 1760/2610/2284
f 1760/2610/2284 1693/2609/2283 1762/2611/2285
f 1693/2612/2286 1692/2613/2287 1762/2614/2288
f 1762/2614/2288 1692/2613/2287 1763/2615/2289
f 1692/2616/2290 1691/2617/2291 1763/2618/2292
f 1763/2618/2292 1691/2617/2291 1761/2619/2293
usemtl Paint_-_Metallic_(Silver)
f 1761/2620/2294 1760/2621/2295 1763/2622/2296
f 1763/2622/2296 1760/2621/2295 1762/2623/2297
usemtl Paint_-_Metal_Flake_(Black)
f 1687/2624/2298 1686/2625/2299 1765/2626/2300
f 1765/2626/2300 1686/2625/2299 1764/2627/2301
f 1686/2628/2302 1689/2629/2303 1764/2630/2304
f 1764/2630/2304 1689/2629/2303 1766/2631/2305
f 1689/2632/2306 1688/2633/2307 1766/2634/2308
f 1766/2634/2308 1688/2633/2307 1767/2635/2309
f 1688/2636/2310 1687/2637/2311 1767/2638/2312
f 1767/2638/2312 1687/2637/2311 1765/2639/2313
usemtl Paint_-_Metallic_(Silver)
f 1767/2640/2314 1765/2641/2315 1766/2642/2316
f 1766/2642/2316 1765/2641/2315 1764/2643/2317
usemtl Paint_-_Metal_Flake_(Black)
f 1683/2644/2318 1682/2645/2319 1769/2646/2320
f 1769/2646/2320 1682/2645/2319 1768/2647/2321
f 1682/2648/2322 1685/2649/2323 1768/2650/2324
f 1768/2650/2324 1685/2649/2323 1770/2651/2325
f 1685/2652/2326 1684/2653/2327 1770/2654/2328
f 1770/2654/2328 1684/2653/2327 1771/2655/2329
f 1684/2656/2330 1683/2657/2331 1771/2658/2332
f 1771/2658/2332 1683/2657/2331 1769/2659/2333
usemtl Paint_-_Metallic_(Silver)
f 1769/2660/2334 1768/2661/2335 1771/2662/2336
f 1771/2662/2336 1768/2661/2335 1770/2663/2337
usemtl Paint_-_Metal_Flake_(Black)
f 1679/2664/2338 1678/2665/2339 1773/2666/2340
f 1773/2666/2340 1678/2665/2339 1772/2667/2341
f 1678/2668/2342 1681/2669/2343 1772/2670/2344
f 1772/2670/2344 1681/2669/2343 1774/2671/2345
f 1681/2672/2346 1680/2673/2347 1774/2674/2348
f 1774/2674/2348 1680/2673/2347 1775/2675/2349
f 1680/2676/2350 1679/2677/2351 1775/2678/2352
f 1775/2678/2352 1679/2677/2351 1773/2679/2353
usemtl Paint_-_Metallic_(Silver)
f 1773/2680/2354 1772/2681/2355 1775/2682/2356
f 1775/2682/2356 1772/2681/2355 1774/2683/2357
f 823/2684/970 844/2685/1006 576/2686/969
f 576/2686/969 844/2685/1006 577/2687/1005
usemtl Paint_-_Metal_Flake_(Black)
f 597/2688/1061 624/2689/1200 845/2690/1059
f 845/2690/1059 624/2689/1200 959/2691/1176
f 845/2690/1059 959/2691/1176 882/2692/1108
f 882/2692/1108 959/2691/1176 958/2693/1175
f 882/2692/1108 958/2693/1175 883/2694/1109
f 883/2694/1109 958/2693/1175 957/2695/1191
f 883/2694/1109 957/2695/1191 884/2696/1095
f 884/2696/1095 957/2695/1191 956/2697/1190
f 884/2696/1095 956/2697/1190 875/2698/1069
f 875/2698/1069 956/2697/1190 955/2699/1189
f 875/2698/1069 955/2699/1189 862/2700/1070
f 862/2700/1070 955/2699/1189 908/2701/1123
g Body2

v 10.655000 7.170311 -0.650000
v 10.655000 7.119532 -0.650000
v 10.155000 7.119532 -0.650000
v 10.155000 7.170311 -0.650000
v 10.655000 3.015468 -0.650000
v 10.655000 2.964689 -0.650000
v 10.155000 2.964689 -0.650000
v 10.155000 3.015468 -0.650000
v 10.155000 2.967204 -0.664535
v 10.155000 2.969433 -0.679117
v 10.155000 2.971375 -0.693740
v 10.155000 2.972143 -0.700000
v 10.155000 7.162857 -0.700000
v 10.155000 7.163625 -0.693740
v 10.155000 7.165567 -0.679117
v 10.155000 7.167796 -0.664535
v 10.155000 7.164220 -0.490627
v 10.155000 7.240748 -0.343862
v 10.155000 7.345841 -0.215987
v 10.155000 7.475000 -0.112475
v 10.155000 7.475000 0.249415
v 10.155000 2.660000 0.249415
v 10.155000 2.660000 -0.112475
v 10.155000 2.789159 -0.215987
v 10.155000 2.894252 -0.343862
v 10.155000 2.970780 -0.490627
v 9.405000 2.971375 -0.693740
v 9.405000 2.972143 -0.700000
v 10.655000 2.919334 -0.496827
v 10.655000 2.842568 -0.356734
v 10.655000 2.737873 -0.236076
v 10.655000 2.610000 -0.140329
v 9.405000 2.610000 -0.140329
v 9.405000 2.745917 -0.243673
v 9.405000 2.854937 -0.375080
v 9.405000 2.931411 -0.527740
v 10.655000 2.970780 -0.490627
v 10.655000 2.894252 -0.343862
v 10.655000 2.789159 -0.215987
v 10.655000 2.660000 -0.112475
v 10.655000 2.660000 0.249415
v 10.655000 7.475000 0.249415
v 10.655000 7.475000 -0.112475
v 10.655000 7.345841 -0.215987
v 10.655000 7.240748 -0.343862
v 10.655000 7.164220 -0.490627
v 10.655000 7.215666 -0.496827
v 10.655000 7.292432 -0.356734
v 10.655000 7.397127 -0.236076
v 10.655000 7.525000 -0.140329
v 10.655000 7.525000 0.299415
v 10.655000 2.610000 0.299415
v 10.155000 7.525000 0.299415
v 10.089365 7.525000 0.472676
v 9.995096 7.525000 0.659317
v 9.889393 7.525000 0.840588
v 9.789456 7.525000 0.997737
v 9.600720 7.525000 1.266555
v 9.501506 7.525000 1.390633
v 9.405000 7.525000 1.495146
v 9.405000 2.610000 1.495146
v 9.497073 2.610000 1.395789
v 9.601850 2.610000 1.264975
v 9.717070 2.610000 1.105206
v 9.835794 2.610000 0.926121
v 9.947241 2.610000 0.743438
v 10.040876 2.610000 0.572824
v 10.110564 2.610000 0.423907
v 10.155000 2.610000 0.299415
v 9.405000 7.525000 -0.140329
v 9.405000 7.389083 -0.243673
v 9.405000 7.280063 -0.375080
v 9.405000 7.203589 -0.527740
v 9.405000 7.163625 -0.693740
v 9.405000 7.162857 -0.700000
vt -0.050779 0.000000 0.000000
vt 0.000000 -0.000000 0.000000
vt -0.050779 0.500000 0.000000
vt -0.000000 0.500000 0.000000
vt -0.050779 0.000000 0.000000
vt -0.000000 0.000000 0.000000
vt -0.050779 0.500000 0.000000
vt -0.000000 0.500000 0.000000
vt -2.102811 -0.424708 0.000000
vt -2.100296 -0.439243 0.000000
vt -2.052032 -0.424708 0.000000
vt -2.098067 -0.453825 0.000000
vt -2.096125 -0.468448 0.000000
vt -2.095357 -0.474708 0.000000
vt 2.095357 -0.474708 0.000000
vt 2.052032 -0.424708 0.000000
vt 2.096125 -0.468448 0.000000
vt 2.098067 -0.453825 0.000000
vt 2.100296 -0.439243 0.000000
vt 2.102811 -0.424708 0.000000
vt -2.096720 -0.265335 0.000000
vt 2.096720 -0.265335 0.000000
vt -2.173248 -0.118569 0.000000
vt 2.173248 -0.118569 0.000000
vt -2.278341 0.009306 0.000000
vt 2.278341 0.009306 0.000000
vt -2.407500 0.112817 0.000000
vt 2.407500 0.112817 0.000000
vt -2.407500 0.474708 0.000000
vt 2.407500 0.474708 0.000000
vt 0.006307 -0.200000 0.000000
vt 0.000000 -0.200000 0.000000
vt 0.006307 -0.950000 0.000000
vt 0.000000 -0.950000 0.000000
vt -0.200000 -0.342228 0.000000
vt -0.200000 -0.327477 0.000000
vt -0.950000 -0.342228 0.000000
vt -0.200000 -0.312725 0.000000
vt -0.200000 -0.297974 0.000000
vt -0.950000 -0.171114 0.000000
vt 0.300000 -0.297974 0.000000
vt 0.300000 -0.137923 0.000000
vt -0.950000 -0.000000 0.000000
vt 0.300000 0.022127 0.000000
vt -0.950000 0.171114 0.000000
vt 0.300000 0.182178 0.000000
vt -0.950000 0.342228 0.000000
vt 0.300000 0.342228 0.000000
vt 0.454689 -0.650000 0.000000
vt 0.505468 -0.650000 0.000000
vt 0.409334 -0.496827 0.000000
vt 0.460780 -0.490627 0.000000
vt 0.332567 -0.356734 0.000000
vt 0.384252 -0.343862 0.000000
vt 0.227873 -0.236076 0.000000
vt 0.279159 -0.215987 0.000000
vt 0.100000 -0.140329 0.000000
vt 0.150000 -0.112475 0.000000
vt 0.150000 0.249415 0.000000
vt 0.100000 0.299415 0.000000
vt 4.965000 0.249415 0.000000
vt 5.015000 0.299415 0.000000
vt 5.015000 -0.140329 0.000000
vt 4.965000 -0.112475 0.000000
vt 4.835841 -0.215987 0.000000
vt 4.887127 -0.236076 0.000000
vt 4.730748 -0.343862 0.000000
vt 4.782432 -0.356734 0.000000
vt 4.654219 -0.490627 0.000000
vt 4.705666 -0.496827 0.000000
vt 4.609532 -0.650000 0.000000
vt 4.660311 -0.650000 0.000000
vt -0.000000 0.000000 0.000000
vt -0.000000 4.915000 0.000000
vt -0.217817 0.000000 0.000000
vt -0.293113 4.915000 0.000000
vt -0.435634 0.000000 0.000000
vt -0.548873 4.915000 0.000000
vt -0.653452 0.000000 0.000000
vt -0.769888 4.915000 0.000000
vt -0.871269 0.000000 0.000000
vt -0.956709 4.915000 0.000000
vt -1.089086 0.000000 0.000000
vt -1.309211 4.915000 0.000000
vt -1.306903 0.000000 0.000000
vt -1.514992 4.915000 0.000000
vt -1.524721 0.000000 0.000000
vt -1.742538 4.915000 0.000000
vt -1.742538 0.000000 0.000000
vt -0.100000 1.495146 0.000000
vt -5.015000 1.495146 0.000000
vt -0.100000 -0.140329 0.000000
vt -5.015000 -0.140329 0.000000
vt -0.235917 -0.243673 0.000000
vt -4.879083 -0.243673 0.000000
vt -0.344937 -0.375080 0.000000
vt -4.770063 -0.375080 0.000000
vt -0.421411 -0.527740 0.000000
vt -4.693589 -0.527740 0.000000
vt -0.461375 -0.693740 0.000000
vt -4.653625 -0.693740 0.000000
vt -0.462143 -0.700000 0.000000
vt -4.652856 -0.700000 0.000000
vt -0.027854 0.300000 0.000000
vt -0.389744 0.300000 0.000000
vt -0.027854 -0.200000 0.000000
vt -0.389744 -0.200000 0.000000
vt 0.200000 0.326989 0.000000
vt -0.300000 0.326989 0.000000
vt 0.200000 0.161173 0.000000
vt -0.300000 0.161173 0.000000
vt 0.200000 -0.004643 0.000000
vt -0.300000 -0.004643 0.000000
vt 0.200000 -0.170459 0.000000
vt -0.300000 -0.170459 0.000000
vt 0.200000 -0.336275 0.000000
vt -0.300000 -0.336275 0.000000
vt 0.200000 0.336275 0.000000
vt -0.300000 0.336275 0.000000
vt 0.200000 0.170459 0.000000
vt -0.300000 0.170459 0.000000
vt 0.200000 0.004643 0.000000
vt -0.300000 0.004643 0.000000
vt 0.200000 -0.161173 0.000000
vt -0.300000 -0.161173 0.000000
vt 0.200000 -0.326989 0.000000
vt -0.300000 -0.326989 0.000000
vt -0.050000 0.300000 0.000000
vt -0.411890 0.300000 0.000000
vt -0.050000 -0.200000 0.000000
vt -0.411890 -0.200000 0.000000
vt -0.050000 0.300000 0.000000
vt -4.865000 0.300000 0.000000
vt -0.050000 -0.200000 0.000000
vt -4.865000 -0.200000 0.000000
vt 0.439744 0.300000 0.000000
vt 0.000000 0.300000 0.000000
vt 0.439744 -0.200000 0.000000
vt 0.000000 -0.950000 0.000000
vt 0.613005 -0.265635 0.000000
vt 0.799646 -0.359904 0.000000
vt 0.980917 -0.465607 0.000000
vt 1.138066 -0.565544 0.000000
vt 1.406884 -0.754280 0.000000
vt 1.530961 -0.853493 0.000000
vt 1.635474 -0.950000 0.000000
vt -0.200000 0.312726 0.000000
vt -0.950000 0.342228 0.000000
vt -0.200000 0.297974 0.000000
vt -0.950000 0.171114 0.000000
vt 0.300000 0.297974 0.000000
vt 0.300000 0.137923 0.000000
vt -0.950000 0.000000 0.000000
vt 0.300000 -0.022127 0.000000
vt -0.950000 -0.171114 0.000000
vt 0.300000 -0.182178 0.000000
vt -0.950000 -0.342228 0.000000
vt 0.300000 -0.342228 0.000000
vt -0.200000 0.327477 0.000000
vt -0.200000 0.342228 0.000000
vt 0.006307 -0.200000 0.000000
vt 0.000000 -0.200000 0.000000
vt 0.006307 -0.950000 0.000000
vt 0.000000 -0.950000 0.000000
vt 4.190713 -0.200000 0.000000
vt 0.000000 -0.200000 0.000000
vt 4.190713 -0.950000 0.000000
vt 0.000000 -0.950000 0.000000
vt 0.439744 0.300000 0.000000
vt 0.000000 -0.200000 0.000000
vt 0.439744 -0.950000 0.000000
vt -0.124492 -0.244436 0.000000
vt -0.273409 -0.314124 0.000000
vt 0.000000 0.300000 0.000000
vt -0.444023 -0.407759 0.000000
vt -0.626706 -0.519206 0.000000
vt -0.805791 -0.637929 0.000000
vt -0.965560 -0.753150 0.000000
vt -1.096374 -0.857926 0.000000
vt -1.195731 -0.950000 0.000000
vt 4.915000 0.300000 0.000000
vt -0.000000 0.300000 0.000000
vt 4.915000 -0.200000 0.000000
vt 0.000000 -0.200000 0.000000
vn -0.000000 -0.000002 -1.000000
vn -0.000000 -0.000002 -1.000000
vn -0.000000 -0.000002 -1.000000
vn -0.000000 -0.000002 -1.000000
vn -0.000000 -0.000000 -1.000000
vn -0.000000 -0.000000 -1.000000
vn -0.000000 -0.000000 -1.000000
vn -0.000000 -0.000000 -1.000000
vn 1.000000 0.000000 0.000000
vn 1.000000 0.000000 0.000000
vn 1.000000 0.000000 0.000000
vn 1.000000 0.000000 0.000000
vn 1.000000 0.000000 0.000000
vn 1.000000 0.000000 0.000000
vn 1.000000 0.000000 0.000000
vn 1.000000 0.000000 0.000000
vn 1.000000 0.000000 0.000000
vn 1.000000 0.000000 0.000000
vn 1.000000 0.000000 0.000000
vn 1.000000 0.000000 0.000000
vn 1.000000 0.000000 0.000000
vn 1.000000 0.000000 0.000000
vn 1.000000 0.000000 0.000000
vn 1.000000 0.000000 0.000000
vn 1.000000 0.000000 0.000000
vn 1.000000 0.000000 0.000000
vn 1.000000 0.000000 0.000000
vn 1.000000 0.000000 0.000000
vn 1.000000 0.000000 0.000000
vn 1.000000 0.000000 0.000000
vn 0.000000 -0.992546 -0.121869
vn 0.000000 -0.992546 -0.121869
vn 0.000000 -0.992546 -0.121869
vn 0.000000 -0.992546 -0.121869
vn 0.000000 -0.989957 -0.141367
vn 0.000000 -0.986986 -0.160809
vn 0.000000 -0.983632 -0.180189
vn 0.000000 -0.939261 -0.343203
vn 0.000000 -0.983632 -0.180189
vn 0.000000 -0.923158 -0.384420
vn 0.000000 -0.837296 -0.546750
vn 0.000000 -0.820803 -0.571211
vn 0.000000 -0.691935 -0.721959
vn 0.000000 -0.681211 -0.732087
vn 0.000000 -0.510713 -0.859751
vn 0.000000 -0.510713 -0.859751
vn 1.000000 0.000000 0.000000
vn 1.000000 0.000000 0.000000
vn 1.000000 0.000000 0.000000
vn 1.000000 0.000000 0.000000
vn 1.000000 0.000000 0.000000
vn 1.000000 0.000000 0.000000
vn 1.000000 0.000000 0.000000
vn 1.000000 0.000000 0.000000
vn 1.000000 0.000000 0.000000
vn 1.000000 0.000000 0.000000
vn 1.000000 0.000000 0.000000
vn 1.000000 0.000000 0.000000
vn 1.000000 0.000000 0.000000
vn 1.000000 0.000000 0.000000
vn 1.000000 0.000000 0.000000
vn 1.000000 0.000000 0.000000
vn 1.000000 0.000000 0.000000
vn 1.000000 0.000000 0.000000
vn 1.000000 0.000000 0.000000
vn 1.000000 0.000000 0.000000
vn 1.000000 0.000000 0.000000
vn 1.000000 0.000000 0.000000
vn 1.000000 0.000000 0.000000
vn 1.000000 0.000000 0.000000
vn 0.961874 -0.000000 0.273494
vn 0.961874 -0.000000 0.273494
vn 0.922974 -0.000000 0.384862
vn 0.910877 -0.000000 0.412678
vn 0.890292 -0.000000 0.455390
vn 0.876067 -0.000000 0.482190
vn 0.864458 -0.000000 0.502705
vn 0.852875 -0.000000 0.522115
vn 0.843457 -0.000000 0.537196
vn 0.835627 -0.000000 0.549297
vn 0.822903 -0.000000 0.568182
vn 0.796894 -0.000000 0.604119
vn 0.797216 -0.000000 0.603694
vn 0.761770 -0.000000 0.647847
vn 0.759720 -0.000000 0.650251
vn 0.698953 -0.000000 0.715168
vn 0.698953 -0.000000 0.715168
vn -1.000000 -0.000000 -0.000000
vn -1.000000 -0.000000 -0.000000
vn -1.000000 -0.000000 -0.000000
vn -1.000000 -0.000000 -0.000000
vn -1.000000 -0.000000 -0.000000
vn -1.000000 -0.000000 -0.000000
vn -1.000000 -0.000000 -0.000000
vn -1.000000 -0.000000 -0.000000
vn -1.000000 -0.000000 -0.000000
vn -1.000000 -0.000000 -0.000000
vn -1.000000 -0.000000 -0.000000
vn -1.000000 -0.000000 -0.000000
vn -1.000000 -0.000000 -0.000000
vn -1.000000 -0.000000 -0.000000
vn -0.000000 -1.000000 -0.000000
vn -0.000000 -1.000000 -0.000000
vn -0.000000 -1.000000 -0.000000
vn -0.000000 -1.000000 -0.000000
vn -0.000000 -0.985628 0.168928
vn -0.000000 -0.985628 0.168928
vn -0.000000 -0.929769 0.368143
vn -0.000000 -0.929769 0.368143
vn -0.000000 -0.834109 0.551600
vn -0.000000 -0.834109 0.551600
vn -0.000000 -0.702742 0.711444
vn -0.000000 -0.702742 0.711444
vn -0.000000 -0.541294 0.840834
vn -0.000000 -0.541294 0.840834
vn -0.000000 0.541294 0.840834
vn -0.000000 0.541294 0.840834
vn -0.000000 0.702742 0.711444
vn -0.000000 0.702742 0.711444
vn -0.000000 0.834109 0.551600
vn -0.000000 0.834109 0.551600
vn -0.000000 0.929769 0.368143
vn -0.000000 0.929769 0.368143
vn -0.000000 0.985628 0.168928
vn -0.000000 0.985628 0.168928
vn -0.000000 1.000000 -0.000000
vn -0.000000 1.000000 -0.000000
vn -0.000000 1.000000 -0.000000
vn -0.000000 1.000000 -0.000000
vn -0.000000 -0.000000 -1.000000
vn -0.000000 -0.000000 -1.000000
vn -0.000000 -0.000000 -1.000000
vn -0.000000 -0.000000 -1.000000
vn 0.000000 1.000000 0.000000
vn 0.000000 1.000000 0.000000
vn 0.000000 1.000000 0.000000
vn 0.000000 1.000000 0.000000
vn 0.000000 1.000000 0.000000
vn 0.000000 1.000000 0.000000
vn 0.000000 1.000000 0.000000
vn 0.000000 1.000000 0.000000
vn 0.000000 1.000000 0.000000
vn 0.000000 1.000000 0.000000
vn 0.000000 1.000000 0.000000
vn 0.000000 0.986986 -0.160809
vn 0.000000 0.992546 -0.121869
vn 0.000000 0.983632 -0.180189
vn 0.000000 0.939261 -0.343203
vn 0.000000 0.983632 -0.180189
vn 0.000000 0.923158 -0.384420
vn 0.000000 0.837296 -0.546750
vn 0.000000 0.820803 -0.571211
vn 0.000000 0.691935 -0.721959
vn 0.000000 0.681211 -0.732087
vn 0.000000 0.510713 -0.859751
vn 0.000000 0.510713 -0.859751
vn 0.000000 0.989957 -0.141366
vn 0.000000 0.992546 -0.121869
vn 0.000000 0.992546 -0.121869
vn 0.000000 0.992546 -0.121869
vn 0.000000 0.000000 -1.000000
vn 0.000000 0.000000 -1.000000
vn 0.000000 0.000000 -1.000000
vn 0.000000 0.000000 -1.000000
vn 0.000000 -1.000000 0.000000
vn 0.000000 -1.000000 0.000000
vn 0.000000 -1.000000 0.000000
vn 0.000000 -1.000000 0.000000
vn 0.000000 -1.000000 0.000000
vn 0.000000 -1.000000 0.000000
vn 0.000000 -1.000000 0.000000
vn 0.000000 -1.000000 0.000000
vn 0.000000 -1.000000 0.000000
vn 0.000000 -1.000000 0.000000
vn 0.000000 -1.000000 0.000000
vn 0.000000 -1.000000 0.000000
vn 0.000000 0.000000 1.000000
vn 0.000000 0.000000 1.000000
vn 0.000000 0.000000 1.000000
vn 0.000000 0.000000 1.000000
usemtl Paint_-_Metallic_(Black)
f 1776/2702/2358 1777/2703/2359 1779/2704/2360
f 1779/2704/2360 1777/2703/2359 1778/2705/2361
f 1780/2706/2362 1781/2707/2363 1783/2708/2364
f 1783/2708/2364 1781/2707/2363 1782/2709/2365
f 1782/2710/2366 1784/2711/2367 1783/2712/2368
f 1783/2712/2368 1784/2711/2367 1785/2713/2369
f 1783/2712/2368 1785/2713/2369 1786/2714/2370
f 1786/2714/2370 1787/2715/2371 1783/2712/2368
f 1783/2712/2368 1787/2715/2371 1788/2716/2372
f 1783/2712/2368 1788/2716/2372 1778/2717/2373
f 1778/2717/2373 1788/2716/2372 1789/2718/2374
f 1778/2717/2373 1789/2718/2374 1790/2719/2375
f 1790/2719/2375 1791/2720/2376 1778/2717/2373
f 1778/2717/2373 1791/2720/2376 1779/2721/2377
f 1783/2712/2368 1778/2717/2373 1801/2722/2378
f 1801/2722/2378 1778/2717/2373 1792/2723/2379
f 1801/2722/2378 1792/2723/2379 1800/2724/2380
f 1800/2724/2380 1792/2723/2379 1793/2725/2381
f 1800/2724/2380 1793/2725/2381 1799/2726/2382
f 1799/2726/2382 1793/2725/2381 1794/2727/2383
f 1799/2726/2382 1794/2727/2383 1798/2728/2384
f 1798/2728/2384 1794/2727/2383 1795/2729/2385
f 1798/2728/2384 1795/2729/2385 1797/2730/2386
f 1797/2730/2386 1795/2729/2385 1796/2731/2387
f 1787/2732/2388 1786/2733/2389 1803/2734/2390
f 1803/2734/2390 1786/2733/2389 1802/2735/2391
f 1786/2736/2389 1785/2737/2392 1802/2738/2391
f 1802/2738/2391 1785/2737/2392 1784/2739/2393
f 1802/2738/2391 1784/2739/2393 1782/2740/2394
f 1802/2738/2391 1782/2740/2394 1811/2741/2395
f 1811/2741/2395 1782/2740/2394 1781/2742/2396
f 1811/2741/2395 1781/2742/2396 1804/2743/2397
f 1811/2741/2395 1804/2743/2397 1810/2744/2398
f 1810/2744/2398 1804/2743/2397 1805/2745/2399
f 1810/2744/2398 1805/2745/2399 1809/2746/2400
f 1809/2746/2400 1805/2745/2399 1806/2747/2401
f 1809/2746/2400 1806/2747/2401 1808/2748/2402
f 1808/2748/2402 1806/2747/2401 1807/2749/2403
f 1781/2750/2404 1780/2751/2405 1804/2752/2406
f 1804/2752/2406 1780/2751/2405 1812/2753/2407
f 1804/2752/2406 1812/2753/2407 1805/2754/2408
f 1805/2754/2408 1812/2753/2407 1813/2755/2409
f 1805/2754/2408 1813/2755/2409 1806/2756/2410
f 1806/2756/2410 1813/2755/2409 1814/2757/2411
f 1806/2756/2410 1814/2757/2411 1807/2758/2412
f 1807/2758/2412 1814/2757/2411 1815/2759/2413
f 1807/2758/2412 1815/2759/2413 1816/2760/2414
f 1807/2758/2412 1816/2760/2414 1827/2761/2415
f 1827/2761/2415 1816/2760/2414 1817/2762/2416
f 1827/2761/2415 1817/2762/2416 1826/2763/2417
f 1826/2763/2417 1817/2762/2416 1825/2764/2418
f 1825/2764/2418 1817/2762/2416 1818/2765/2419
f 1825/2764/2418 1818/2765/2419 1819/2766/2420
f 1825/2764/2418 1819/2766/2420 1824/2767/2421
f 1824/2767/2421 1819/2766/2420 1820/2768/2422
f 1824/2767/2421 1820/2768/2422 1823/2769/2423
f 1823/2769/2423 1820/2768/2422 1821/2770/2424
f 1823/2769/2423 1821/2770/2424 1822/2771/2425
f 1822/2771/2425 1821/2770/2424 1777/2772/2426
f 1822/2771/2425 1777/2772/2426 1776/2773/2427
f 1844/2774/2428 1828/2775/2429 1843/2776/2430
f 1843/2776/2430 1828/2775/2429 1829/2777/2431
f 1843/2776/2430 1829/2777/2431 1842/2778/2432
f 1842/2778/2432 1829/2777/2431 1830/2779/2433
f 1842/2778/2432 1830/2779/2433 1841/2780/2434
f 1841/2780/2434 1830/2779/2433 1831/2781/2435
f 1841/2780/2434 1831/2781/2435 1840/2782/2436
f 1840/2782/2436 1831/2781/2435 1832/2783/2437
f 1840/2782/2436 1832/2783/2437 1839/2784/2438
f 1839/2784/2438 1832/2783/2437 1833/2785/2439
f 1839/2784/2438 1833/2785/2439 1838/2786/2440
f 1838/2786/2440 1833/2785/2439 1834/2787/2441
f 1838/2786/2440 1834/2787/2441 1837/2788/2442
f 1837/2788/2442 1834/2787/2441 1835/2789/2443
f 1837/2788/2442 1835/2789/2443 1836/2790/2444
f 1836/2791/2445 1835/2792/2446 1808/2793/2447
f 1808/2793/2447 1835/2792/2446 1845/2794/2448
f 1808/2793/2447 1845/2794/2448 1809/2795/2449
f 1809/2795/2449 1845/2794/2448 1846/2796/2450
f 1809/2795/2449 1846/2796/2450 1810/2797/2451
f 1810/2797/2451 1846/2796/2450 1847/2798/2452
f 1810/2797/2451 1847/2798/2452 1811/2799/2453
f 1811/2799/2453 1847/2798/2452 1848/2800/2454
f 1811/2799/2453 1848/2800/2454 1802/2801/2455
f 1802/2801/2455 1848/2800/2454 1849/2802/2456
f 1802/2801/2455 1849/2802/2456 1803/2803/2457
f 1803/2803/2457 1849/2802/2456 1850/2804/2458
f 1818/2805/2459 1817/2806/2460 1795/2807/2461
f 1795/2807/2461 1817/2806/2460 1796/2808/2462
f 1778/2809/2463 1777/2810/2464 1792/2811/2465
f 1792/2811/2465 1777/2810/2464 1821/2812/2466
f 1792/2811/2465 1821/2812/2466 1793/2813/2467
f 1793/2813/2467 1821/2812/2466 1820/2814/2468
f 1793/2813/2467 1820/2814/2468 1794/2815/2469
f 1794/2815/2469 1820/2814/2468 1819/2816/2470
f 1794/2815/2469 1819/2816/2470 1795/2817/2471
f 1795/2817/2471 1819/2816/2470 1818/2818/2472
f 1798/2819/2473 1815/2820/2474 1799/2821/2475
f 1799/2821/2475 1815/2820/2474 1814/2822/2476
f 1799/2821/2475 1814/2822/2476 1800/2823/2477
f 1800/2823/2477 1814/2822/2476 1813/2824/2478
f 1800/2823/2477 1813/2824/2478 1801/2825/2479
f 1801/2825/2479 1813/2824/2478 1812/2826/2480
f 1801/2825/2479 1812/2826/2480 1783/2827/2481
f 1783/2827/2481 1812/2826/2480 1780/2828/2482
f 1816/2829/2483 1815/2830/2484 1797/2831/2485
f 1797/2831/2485 1815/2830/2484 1798/2832/2486
f 1817/2833/2487 1816/2834/2488 1796/2835/2489
f 1796/2835/2489 1816/2834/2488 1797/2836/2490
f 1826/2837/2491 1825/2838/2492 1828/2839/2493
f 1828/2839/2493 1825/2838/2492 1845/2840/2494
f 1828/2839/2493 1845/2840/2494 1829/2841/2495
f 1829/2841/2495 1845/2840/2494 1830/2842/2496
f 1830/2842/2496 1845/2840/2494 1831/2843/2497
f 1831/2843/2497 1845/2840/2494 1832/2844/2498
f 1832/2844/2498 1845/2840/2494 1833/2845/2499
f 1833/2845/2499 1845/2840/2494 1834/2846/2500
f 1834/2846/2500 1845/2840/2494 1835/2847/2501
f 1791/2848/2502 1849/2849/2503 1779/2850/2504
f 1779/2850/2504 1849/2849/2503 1848/2851/2505
f 1779/2850/2504 1848/2851/2505 1776/2852/2506
f 1776/2852/2506 1848/2851/2505 1822/2853/2507
f 1822/2853/2507 1848/2851/2505 1847/2854/2508
f 1822/2853/2507 1847/2854/2508 1823/2855/2509
f 1823/2855/2509 1847/2854/2508 1846/2856/2510
f 1823/2855/2509 1846/2856/2510 1824/2857/2511
f 1824/2857/2511 1846/2856/2510 1845/2858/2512
f 1824/2857/2511 1845/2858/2512 1825/2859/2513
f 1791/2848/2502 1790/2860/2514 1849/2849/2503
f 1849/2849/2503 1790/2860/2514 1789/2861/2515
f 1789/2862/2515 1788/2863/2516 1849/2864/2503
f 1849/2864/2503 1788/2863/2516 1850/2865/2517
f 1788/2866/2518 1787/2867/2519 1850/2868/2520
f 1850/2868/2520 1787/2867/2519 1803/2869/2521
f 1807/2870/2522 1844/2871/2523 1808/2872/2524
f 1808/2872/2524 1844/2871/2523 1843/2873/2525
f 1808/2872/2524 1843/2873/2525 1842/2874/2526
f 1807/2870/2522 1827/2875/2527 1844/2871/2523
f 1842/2874/2526 1841/2876/2528 1808/2872/2524
f 1808/2872/2524 1841/2876/2528 1840/2877/2529
f 1808/2872/2524 1840/2877/2529 1839/2878/2530
f 1839/2878/2530 1838/2879/2531 1808/2872/2524
f 1808/2872/2524 1838/2879/2531 1837/2880/2532
f 1808/2872/2524 1837/2880/2532 1836/2881/2533
f 1827/2882/2534 1826/2883/2535 1844/2884/2536
f 1844/2884/2536 1826/2883/2535 1828/2885/2537
g Body6

v 10.155000 5.935000 -0.300000
v 10.155000 5.937234 -0.329808
v 10.155000 5.943885 -0.358951
v 10.155000 5.954806 -0.386777
v 10.155000 5.969752 -0.412664
v 10.155000 5.988390 -0.436035
v 10.155000 6.010302 -0.456366
v 10.155000 6.035000 -0.473205
v 10.155000 6.061932 -0.486175
v 10.155000 6.090496 -0.494986
v 10.155000 6.120054 -0.499441
v 10.155000 6.149946 -0.499441
v 10.155000 6.179504 -0.494986
v 10.155000 6.208068 -0.486175
v 10.155000 6.235000 -0.473205
v 10.155000 6.259698 -0.456366
v 10.155000 6.281610 -0.436035
v 10.155000 6.300248 -0.412664
v 10.155000 6.315194 -0.386777
v 10.155000 6.326114 -0.358951
v 10.155000 6.332766 -0.329808
v 10.155000 6.335000 -0.300000
v 10.155000 6.332766 -0.270192
v 10.155000 6.326114 -0.241049
v 10.155000 6.315194 -0.213223
v 10.155000 6.300248 -0.187336
v 10.155000 6.281610 -0.163965
v 10.155000 6.259698 -0.143634
v 10.155000 6.235000 -0.126795
v 10.155000 6.208068 -0.113825
v 10.155000 6.179504 -0.105014
v 10.155000 6.149946 -0.100559
v 10.155000 6.120054 -0.100559
v 10.155000 6.090496 -0.105014
v 10.155000 6.061932 -0.113825
v 10.155000 6.035000 -0.126795
v 10.155000 6.010302 -0.143634
v 10.155000 5.988390 -0.163965
v 10.155000 5.969752 -0.187336
v 10.155000 5.954806 -0.213223
v 10.155000 5.943885 -0.241049
v 10.155000 5.937234 -0.270192
v 10.255000 5.935000 -0.300000
v 10.255000 5.937234 -0.270192
v 10.255000 5.943885 -0.241049
v 10.255000 5.954806 -0.213223
v 10.255000 5.969752 -0.187336
v 10.255000 5.988390 -0.163965
v 10.255000 6.010302 -0.143634
v 10.255000 6.035000 -0.126795
v 10.255000 6.061932 -0.113825
v 10.255000 6.090496 -0.105014
v 10.255000 6.120054 -0.100559
v 10.255000 6.149946 -0.100559
v 10.255000 6.179504 -0.105014
v 10.255000 6.208068 -0.113825
v 10.255000 6.235000 -0.126795
v 10.255000 6.259698 -0.143634
v 10.255000 6.281610 -0.163965
v 10.255000 6.300248 -0.187336
v 10.255000 6.315194 -0.213223
v 10.255000 6.326114 -0.241049
v 10.255000 6.332766 -0.270192
v 10.255000 6.335000 -0.300000
v 10.255000 6.332766 -0.329808
v 10.255000 6.326114 -0.358951
v 10.255000 6.315194 -0.386777
v 10.255000 6.300248 -0.412664
v 10.255000 6.281610 -0.436035
v 10.255000 6.259698 -0.456366
v 10.255000 6.235000 -0.473205
v 10.255000 6.208068 -0.486175
v 10.255000 6.179504 -0.494986
v 10.255000 6.149946 -0.499441
v 10.255000 6.120054 -0.499441
v 10.255000 6.090496 -0.494986
v 10.255000 6.061932 -0.486175
v 10.255000 6.035000 -0.473205
v 10.255000 6.010302 -0.456366
v 10.255000 5.988390 -0.436035
v 10.255000 5.969752 -0.412664
v 10.255000 5.954806 -0.386777
v 10.255000 5.943885 -0.358951
v 10.255000 5.937234 -0.329808
vt -0.100000 0.598399 0.000000
vt 0.000000 0.598399 0.000000
vt -0.100000 0.628319 0.000000
vt -0.000000 0.628319 0.000000
vt -0.100000 -0.628319 0.000000
vt -0.000000 -0.628319 0.000000
vt -0.100000 -0.598399 0.000000
vt -0.000000 -0.598399 0.000000
vt -0.100000 -0.568479 0.000000
vt -0.000000 -0.568479 0.000000
vt -0.100000 -0.538559 0.000000
vt -0.000000 -0.538559 0.000000
vt -0.100000 -0.508639 0.000000
vt -0.000000 -0.508639 0.000000
vt -0.100000 -0.478719 0.000000
vt -0.000000 -0.478719 0.000000
vt -0.100000 -0.448799 0.000000
vt -0.000000 -0.448799 0.000000
vt -0.100000 -0.418879 0.000000
vt -0.000000 -0.418879 0.000000
vt -0.100000 -0.388959 0.000000
vt -0.000000 -0.388959 0.000000
vt -0.100000 -0.359039 0.000000
vt -0.000000 -0.359039 0.000000
vt -0.100000 -0.329119 0.000000
vt -0.000000 -0.329119 0.000000
vt -0.100000 -0.299199 0.000000
vt -0.000000 -0.299199 0.000000
vt -0.100000 -0.269279 0.000000
vt -0.000000 -0.269279 0.000000
vt -0.100000 -0.239359 0.000000
vt -0.000000 -0.239359 0.000000
vt -0.100000 -0.209440 0.000000
vt -0.000000 -0.209440 0.000000
vt -0.100000 -0.179520 0.000000
vt -0.000000 -0.179520 0.000000
vt -0.100000 -0.149600 0.000000
vt -0.000000 -0.149600 0.000000
vt -0.100000 -0.119680 0.000000
vt -0.000000 -0.119680 0.000000
vt -0.100000 -0.089760 0.000000
vt -0.000000 -0.089760 0.000000
vt -0.100000 -0.059840 0.000000
vt -0.000000 -0.059840 0.000000
vt -0.100000 -0.029920 0.000000
vt -0.000000 -0.029920 0.000000
vt -0.100000 0.000000 0.000000
vt -0.000000 0.000000 0.000000
vt -0.100000 0.029920 0.000000
vt -0.000000 0.029920 0.000000
vt -0.100000 0.059840 0.000000
vt -0.000000 0.059840 0.000000
vt -0.100000 0.089760 0.000000
vt -0.000000 0.089760 0.000000
vt -0.100000 0.119680 0.000000
vt -0.000000 0.119680 0.000000
vt -0.100000 0.149600 0.000000
vt -0.000000 0.149600 0.000000
vt -0.100000 0.179520 0.000000
vt -0.000000 0.179520 0.000000
vt -0.100000 0.209440 0.000000
vt -0.000000 0.209440 0.000000
vt -0.100000 0.239359 0.000000
vt -0.000000 0.239359 0.000000
vt -0.100000 0.269279 0.000000
vt -0.000000 0.269279 0.000000
vt -0.100000 0.299199 0.000000
vt -0.000000 0.299199 0.000000
vt -0.100000 0.329119 0.000000
vt 0.000000 0.329119 0.000000
vt -0.100000 0.359039 0.000000
vt -0.000000 0.359039 0.000000
vt -0.100000 0.388959 0.000000
vt -0.000000 0.388959 0.000000
vt -0.100000 0.418879 0.000000
vt 0.000000 0.418879 0.000000
vt -0.100000 0.448799 0.000000
vt 0.000000 0.448799 0.000000
vt -0.100000 0.478719 0.000000
vt 0.000000 0.478719 0.000000
vt -0.100000 0.508639 0.000000
vt -0.000000 0.508639 0.000000
vt -0.100000 0.538559 0.000000
vt 0.000000 0.538559 0.000000
vt -0.100000 0.568479 0.000000
vt 0.000000 0.568479 0.000000
vt -0.197766 -0.029808 0.000000
vt 0.197766 -0.029808 0.000000
vt -0.200000 0.000000 0.000000
vt 0.200000 0.000000 0.000000
vt -0.197766 0.029808 0.000000
vt 0.197766 0.029808 0.000000
vt -0.191115 0.058951 0.000000
vt 0.191115 0.058951 0.000000
vt -0.180194 0.086777 0.000000
vt 0.180194 0.086777 0.000000
vt -0.165248 0.112664 0.000000
vt 0.165248 0.112664 0.000000
vt -0.146610 0.136035 0.000000
vt 0.146610 0.136035 0.000000
vt -0.124698 0.156366 0.000000
vt 0.124698 0.156366 0.000000
vt -0.100000 0.173205 0.000000
vt 0.100000 0.173205 0.000000
vt -0.073068 0.186175 0.000000
vt 0.073068 0.186175 0.000000
vt -0.044504 0.194986 0.000000
vt 0.044504 0.194986 0.000000
vt -0.014946 0.199441 0.000000
vt 0.014946 0.199441 0.000000
vt 0.191115 -0.058951 0.000000
vt -0.191115 -0.058951 0.000000
vt 0.180194 -0.086777 0.000000
vt -0.180194 -0.086777 0.000000
vt 0.165248 -0.112664 0.000000
vt -0.165248 -0.112664 0.000000
vt 0.146610 -0.136035 0.000000
vt -0.146610 -0.136035 0.000000
vt 0.124698 -0.156366 0.000000
vt -0.124698 -0.156366 0.000000
vt 0.100000 -0.173205 0.000000
vt -0.100000 -0.173205 0.000000
vt 0.073068 -0.186175 0.000000
vt -0.073068 -0.186175 0.000000
vt 0.044504 -0.194986 0.000000
vt -0.044504 -0.194986 0.000000
vt 0.014946 -0.199441 0.000000
vt -0.014946 -0.199441 0.000000
vt 0.197766 0.029808 0.000000
vt -0.197766 0.029808 0.000000
vt 0.200000 0.000000 0.000000
vt -0.200000 0.000000 0.000000
vt 0.197766 -0.029808 0.000000
vt -0.197766 -0.029808 0.000000
vt 0.191115 -0.058951 0.000000
vt -0.191115 -0.058951 0.000000
vt 0.180194 -0.086777 0.000000
vt -0.180194 -0.086777 0.000000
vt 0.165248 -0.112664 0.000000
vt -0.165248 -0.112664 0.000000
vt 0.146610 -0.136035 0.000000
vt -0.146610 -0.136035 0.000000
vt 0.124698 -0.156366 0.000000
vt -0.124698 -0.156366 0.000000
vt 0.100000 -0.173205 0.000000
vt -0.100000 -0.173205 0.000000
vt 0.073068 -0.186175 0.000000
vt -0.073068 -0.186175 0.000000
vt 0.044504 -0.194986 0.000000
vt -0.044504 -0.194986 0.000000
vt 0.014946 -0.199441 0.000000
vt -0.014946 -0.199441 0.000000
vt -0.191115 0.058951 0.000000
vt 0.191115 0.058951 0.000000
vt -0.180194 0.086777 0.000000
vt 0.180194 0.086777 0.000000
vt -0.165248 0.112664 0.000000
vt 0.165248 0.112664 0.000000
vt -0.146610 0.136035 0.000000
vt 0.146610 0.136035 0.000000
vt -0.124698 0.156366 0.000000
vt 0.124698 0.156366 0.000000
vt -0.100000 0.173205 0.000000
vt 0.100000 0.173205 0.000000
vt -0.073068 0.186175 0.000000
vt 0.073068 0.186175 0.000000
vt -0.044504 0.194986 0.000000
vt 0.044504 0.194986 0.000000
vt -0.014946 0.199441 0.000000
vt 0.014946 0.199441 0.000000
vn -0.000000 -0.988831 -0.149042
vn -0.000000 -0.988831 -0.149042
vn -0.000000 -1.000000 -0.000000
vn -0.000000 -1.000000 -0.000000
vn -0.000000 -0.988831 0.149042
vn -0.000000 -0.988831 0.149042
vn -0.000000 -0.955573 0.294755
vn -0.000000 -0.955573 0.294755
vn -0.000000 -0.900969 0.433884
vn -0.000000 -0.900969 0.433884
vn -0.000000 -0.826239 0.563320
vn -0.000000 -0.826239 0.563320
vn -0.000000 -0.733052 0.680173
vn -0.000000 -0.733052 0.680173
vn -0.000000 -0.623490 0.781831
vn -0.000000 -0.623490 0.781831
vn -0.000000 -0.500000 0.866025
vn -0.000000 -0.500000 0.866025
vn -0.000000 -0.365341 0.930874
vn -0.000000 -0.365341 0.930874
vn -0.000000 -0.222521 0.974928
vn -0.000000 -0.222521 0.974928
vn -0.000000 -0.074730 0.997204
vn -0.000000 -0.074730 0.997204
vn 0.000000 0.074730 0.997204
vn 0.000000 0.074730 0.997204
vn 0.000000 0.222521 0.974928
vn 0.000000 0.222521 0.974928
vn 0.000000 0.365341 0.930874
vn 0.000000 0.365341 0.930874
vn 0.000000 0.500000 0.866025
vn 0.000000 0.500000 0.866025
vn 0.000000 0.623490 0.781831
vn 0.000000 0.623490 0.781831
vn 0.000000 0.733052 0.680173
vn 0.000000 0.733052 0.680173
vn 0.000000 0.826239 0.563320
vn 0.000000 0.826239 0.563320
vn 0.000000 0.900969 0.433884
vn 0.000000 0.900969 0.433884
vn 0.000000 0.955573 0.294755
vn 0.000000 0.955573 0.294755
vn 0.000000 0.988831 0.149042
vn 0.000000 0.988831 0.149042
vn 0.000000 1.000000 0.000000
vn 0.000000 1.000000 0.000000
vn -0.000000 0.988831 -0.149042
vn -0.000000 0.988831 -0.149042
vn -0.000000 0.955573 -0.294755
vn -0.000000 0.955573 -0.294755
vn -0.000000 0.900969 -0.433884
vn -0.000000 0.900969 -0.433884
vn -0.000000 0.826239 -0.563320
vn -0.000000 0.826239 -0.563320
vn -0.000000 0.733052 -0.680173
vn -0.000000 0.733052 -0.680173
vn -0.000000 0.623490 -0.781831
vn -0.000000 0.623490 -0.781831
vn -0.000000 0.500000 -0.866025
vn -0.000000 0.500000 -0.866025
vn -0.000000 0.365341 -0.930874
vn -0.000000 0.365341 -0.930874
vn -0.000000 0.222521 -0.974928
vn -0.000000 0.222521 -0.974928
vn -0.000000 0.074730 -0.997204
vn -0.000000 0.074730 -0.997204
vn -0.000000 -0.074730 -0.997204
vn -0.000000 -0.074730 -0.997204
vn -0.000000 -0.222521 -0.974928
vn -0.000000 -0.222521 -0.974928
vn -0.000000 -0.365341 -0.930874
vn -0.000000 -0.365341 -0.930874
vn -0.000000 -0.500000 -0.866025
vn -0.000000 -0.500000 -0.866025
vn -0.000000 -0.623490 -0.781831
vn -0.000000 -0.623490 -0.781831
vn -0.000000 -0.733052 -0.680173
vn -0.000000 -0.733052 -0.680173
vn -0.000000 -0.826239 -0.563320
vn -0.000000 -0.826239 -0.563320
vn -0.000000 -0.900969 -0.433884
vn -0.000000 -0.900969 -0.433884
vn -0.000000 -0.955573 -0.294755
vn -0.000000 -0.955573 -0.294755
vn 1.000000 0.000000 0.000000
vn 1.000000 0.000000 0.000000
vn 1.000000 0.000000 0.000000
vn 1.000000 0.000000 0.000000
vn 1.000000 0.000000 0.000000
vn 1.000000 0.000000 0.000000
vn 1.000000 0.000000 0.000000
vn 1.000000 0.000000 0.000000
vn 1.000000 0.000000 0.000000
vn 1.000000 0.000000 0.000000
vn 1.000000 0.000000 0.000000
vn 1.000000 0.000000 0.000000
vn 1.000000 0.000000 0.000000
vn 1.000000 0.000000 0.000000
vn 1.000000 0.000000 0.000000
vn 1.000000 0.000000 0.000000
vn 1.000000 0.000000 0.000000
vn 1.000000 0.000000 0.000000
vn 1.000000 0.000000 0.000000
vn 1.000000 0.000000 0.000000
vn 1.000000 0.000000 0.000000
vn 1.000000 0.000000 0.000000
vn 1.000000 0.000000 0.000000
vn 1.000000 0.000000 0.000000
vn 1.000000 0.000000 0.000000
vn 1.000000 0.000000 0.000000
vn 1.000000 0.000000 0.000000
vn 1.000000 0.000000 0.000000
vn 1.000000 0.000000 0.000000
vn 1.000000 0.000000 0.000000
vn 1.000000 0.000000 0.000000
vn 1.000000 0.000000 0.000000
vn 1.000000 0.000000 0.000000
vn 1.000000 0.000000 0.000000
vn 1.000000 0.000000 0.000000
vn 1.000000 0.000000 0.000000
vn 1.000000 0.000000 0.000000
vn 1.000000 0.000000 0.000000
vn 1.000000 0.000000 0.000000
vn 1.000000 0.000000 0.000000
vn 1.000000 0.000000 0.000000
vn 1.000000 0.000000 0.000000
vn -1.000000 -0.000000 -0.000000
vn -1.000000 -0.000000 -0.000000
vn -1.000000 -0.000000 -0.000000
vn -1.000000 -0.000000 -0.000000
vn -1.000000 -0.000000 -0.000000
vn -1.000000 -0.000000 -0.000000
vn -1.000000 -0.000000 -0.000000
vn -1.000000 -0.000000 -0.000000
vn -1.000000 -0.000000 -0.000000
vn -1.000000 -0.000000 -0.000000
vn -1.000000 -0.000000 -0.000000
vn -1.000000 -0.000000 -0.000000
vn -1.000000 -0.000000 -0.000000
vn -1.000000 -0.000000 -0.000000
vn -1.000000 -0.000000 -0.000000
vn -1.000000 -0.000000 -0.000000
vn -1.000000 -0.000000 -0.000000
vn -1.000000 -0.000000 -0.000000
vn -1.000000 -0.000000 -0.000000
vn -1.000000 -0.000000 -0.000000
vn -1.000000 -0.000000 -0.000000
vn -1.000000 -0.000000 -0.000000
vn -1.000000 -0.000000 -0.000000
vn -1.000000 -0.000000 -0.000000
vn -1.000000 -0.000000 -0.000000
vn -1.000000 -0.000000 -0.000000
vn -1.000000 -0.000000 -0.000000
vn -1.000000 -0.000000 -0.000000
vn -1.000000 -0.000000 -0.000000
vn -1.000000 -0.000000 -0.000000
vn -1.000000 -0.000000 -0.000000
vn -1.000000 -0.000000 -0.000000
vn -1.000000 -0.000000 -0.000000
vn -1.000000 -0.000000 -0.000000
vn -1.000000 -0.000000 -0.000000
vn -1.000000 -0.000000 -0.000000
vn -1.000000 -0.000000 -0.000000
vn -1.000000 -0.000000 -0.000000
vn -1.000000 -0.000000 -0.000000
vn -1.000000 -0.000000 -0.000000
vn -1.000000 -0.000000 -0.000000
vn -1.000000 -0.000000 -0.000000
usemtl Paint_-_Metallic_(Silver)
f 1852/2886/2538 1934/2887/2539 1851/2888/2540
f 1851/2888/2540 1934/2887/2539 1893/2889/2541
f 1851/2890/2540 1893/2891/2541 1892/2892/2542
f 1892/2892/2542 1893/2891/2541 1894/2893/2543
f 1892/2892/2542 1894/2893/2543 1891/2894/2544
f 1891/2894/2544 1894/2893/2543 1895/2895/2545
f 1891/2894/2544 1895/2895/2545 1890/2896/2546
f 1890/2896/2546 1895/2895/2545 1896/2897/2547
f 1890/2896/2546 1896/2897/2547 1889/2898/2548
f 1889/2898/2548 1896/2897/2547 1897/2899/2549
f 1889/2898/2548 1897/2899/2549 1888/2900/2550
f 1888/2900/2550 1897/2899/2549 1898/2901/2551
f 1888/2900/2550 1898/2901/2551 1887/2902/2552
f 1887/2902/2552 1898/2901/2551 1899/2903/2553
f 1887/2902/2552 1899/2903/2553 1886/2904/2554
f 1886/2904/2554 1899/2903/2553 1900/2905/2555
f 1886/2904/2554 1900/2905/2555 1885/2906/2556
f 1885/2906/2556 1900/2905/2555 1901/2907/2557
f 1885/2906/2556 1901/2907/2557 1884/2908/2558
f 1884/2908/2558 1901/2907/2557 1902/2909/2559
f 1884/2908/2558 1902/2909/2559 1883/2910/2560
f 1883/2910/2560 1902/2909/2559 1903/2911/2561
f 1883/2910/2560 1903/2911/2561 1882/2912/2562
f 1882/2912/2562 1903/2911/2561 1904/2913/2563
f 1882/2912/2562 1904/2913/2563 1881/2914/2564
f 1881/2914/2564 1904/2913/2563 1905/2915/2565
f 1881/2914/2564 1905/2915/2565 1880/2916/2566
f 1880/2916/2566 1905/2915/2565 1906/2917/2567
f 1880/2916/2566 1906/2917/2567 1879/2918/2568
f 1879/2918/2568 1906/2917/2567 1907/2919/2569
f 1879/2918/2568 1907/2919/2569 1878/2920/2570
f 1878/2920/2570 1907/2919/2569 1908/2921/2571
f 1878/2920/2570 1908/2921/2571 1877/2922/2572
f 1877/2922/2572 1908/2921/2571 1909/2923/2573
f 1877/2922/2572 1909/2923/2573 1876/2924/2574
f 1876/2924/2574 1909/2923/2573 1910/2925/2575
f 1876/2924/2574 1910/2925/2575 1875/2926/2576
f 1875/2926/2576 1910/2925/2575 1911/2927/2577
f 1875/2926/2576 1911/2927/2577 1874/2928/2578
f 1874/2928/2578 1911/2927/2577 1912/2929/2579
f 1874/2928/2578 1912/2929/2579 1873/2930/2580
f 1873/2930/2580 1912/2929/2579 1913/2931/2581
f 1873/2930/2580 1913/2931/2581 1872/2932/2582
f 1872/2932/2582 1913/2931/2581 1914/2933/2583
f 1872/2932/2582 1914/2933/2583 1871/2934/2584
f 1871/2934/2584 1914/2933/2583 1915/2935/2585
f 1871/2934/2584 1915/2935/2585 1870/2936/2586
f 1870/2936/2586 1915/2935/2585 1916/2937/2587
f 1870/2936/2586 1916/2937/2587 1869/2938/2588
f 1869/2938/2588 1916/2937/2587 1917/2939/2589
f 1869/2938/2588 1917/2939/2589 1868/2940/2590
f 1868/2940/2590 1917/2939/2589 1918/2941/2591
f 1868/2940/2590 1918/2941/2591 1867/2942/2592
f 1867/2942/2592 1918/2941/2591 1919/2943/2593
f 1867/2942/2592 1919/2943/2593 1866/2944/2594
f 1866/2944/2594 1919/2943/2593 1920/2945/2595
f 1866/2944/2594 1920/2945/2595 1865/2946/2596
f 1865/2946/2596 1920/2945/2595 1921/2947/2597
f 1865/2946/2596 1921/2947/2597 1864/2948/2598
f 1864/2948/2598 1921/2947/2597 1922/2949/2599
f 1864/2948/2598 1922/2949/2599 1863/2950/2600
f 1863/2950/2600 1922/2949/2599 1923/2951/2601
f 1863/2950/2600 1923/2951/2601 1862/2952/2602
f 1862/2952/2602 1923/2951/2601 1924/2953/2603
f 1862/2952/2602 1924/2953/2603 1861/2954/2604
f 1861/2954/2604 1924/2953/2603 1925/2955/2605
f 1861/2954/2604 1925/2955/2605 1860/2956/2606
f 1860/2956/2606 1925/2955/2605 1926/2957/2607
f 1860/2956/2606 1926/2957/2607 1859/2958/2608
f 1859/2958/2608 1926/2957/2607 1927/2959/2609
f 1859/2958/2608 1927/2959/2609 1858/2960/2610
f 1858/2960/2610 1927/2959/2609 1928/2961/2611
f 1858/2960/2610 1928/2961/2611 1857/2962/2612
f 1857/2962/2612 1928/2961/2611 1929/2963/2613
f 1857/2962/2612 1929/2963/2613 1856/2964/2614
f 1856/2964/2614 1929/2963/2613 1930/2965/2615
f 1856/2964/2614 1930/2965/2615 1855/2966/2616
f 1855/2966/2616 1930/2965/2615 1931/2967/2617
f 1855/2966/2616 1931/2967/2617 1854/2968/2618
f 1854/2968/2618 1931/2967/2617 1932/2969/2619
f 1854/2968/2618 1932/2969/2619 1853/2970/2620
f 1853/2970/2620 1932/2969/2619 1933/2971/2621
f 1853/2970/2620 1933/2971/2621 1852/2886/2538
f 1852/2886/2538 1933/2971/2621 1934/2887/2539
f 1934/2972/2622 1915/2973/2623 1893/2974/2624
f 1893/2974/2624 1915/2973/2623 1914/2975/2625
f 1893/2974/2624 1914/2975/2625 1894/2976/2626
f 1894/2976/2626 1914/2975/2625 1913/2977/2627
f 1894/2976/2626 1913/2977/2627 1895/2978/2628
f 1895/2978/2628 1913/2977/2627 1912/2979/2629
f 1895/2978/2628 1912/2979/2629 1896/2980/2630
f 1896/2980/2630 1912/2979/2629 1911/2981/2631
f 1896/2980/2630 1911/2981/2631 1897/2982/2632
f 1897/2982/2632 1911/2981/2631 1910/2983/2633
f 1897/2982/2632 1910/2983/2633 1898/2984/2634
f 1898/2984/2634 1910/2983/2633 1909/2985/2635
f 1898/2984/2634 1909/2985/2635 1899/2986/2636
f 1899/2986/2636 1909/2985/2635 1908/2987/2637
f 1899/2986/2636 1908/2987/2637 1900/2988/2638
f 1900/2988/2638 1908/2987/2637 1907/2989/2639
f 1900/2988/2638 1907/2989/2639 1901/2990/2640
f 1901/2990/2640 1907/2989/2639 1906/2991/2641
f 1901/2990/2640 1906/2991/2641 1902/2992/2642
f 1902/2992/2642 1906/2991/2641 1905/2993/2643
f 1902/2992/2642 1905/2993/2643 1903/2994/2644
f 1903/2994/2644 1905/2993/2643 1904/2995/2645
f 1915/2973/2623 1934/2972/2622 1916/2996/2646
f 1916/2996/2646 1934/2972/2622 1933/2997/2647
f 1916/2996/2646 1933/2997/2647 1917/2998/2648
f 1917/2998/2648 1933/2997/2647 1932/2999/2649
f 1917/2998/2648 1932/2999/2649 1918/3000/2650
f 1918/3000/2650 1932/2999/2649 1931/3001/2651
f 1918/3000/2650 1931/3001/2651 1919/3002/2652
f 1919/3002/2652 1931/3001/2651 1930/3003/2653
f 1919/3002/2652 1930/3003/2653 1920/3004/2654
f 1920/3004/2654 1930/3003/2653 1929/3005/2655
f 1920/3004/2654 1929/3005/2655 1921/3006/2656
f 1921/3006/2656 1929/3005/2655 1928/3007/2657
f 1921/3006/2656 1928/3007/2657 1922/3008/2658
f 1922/3008/2658 1928/3007/2657 1927/3009/2659
f 1922/3008/2658 1927/3009/2659 1923/3010/2660
f 1923/3010/2660 1927/3009/2659 1926/3011/2661
f 1923/3010/2660 1926/3011/2661 1924/3012/2662
f 1924/3012/2662 1926/3011/2661 1925/3013/2663
f 1892/3014/2664 1873/3015/2665 1851/3016/2666
f 1851/3016/2666 1873/3015/2665 1872/3017/2667
f 1851/3016/2666 1872/3017/2667 1852/3018/2668
f 1852/3018/2668 1872/3017/2667 1871/3019/2669
f 1852/3018/2668 1871/3019/2669 1853/3020/2670
f 1853/3020/2670 1871/3019/2669 1870/3021/2671
f 1853/3020/2670 1870/3021/2671 1854/3022/2672
f 1854/3022/2672 1870/3021/2671 1869/3023/2673
f 1854/3022/2672 1869/3023/2673 1855/3024/2674
f 1855/3024/2674 1869/3023/2673 1868/3025/2675
f 1855/3024/2674 1868/3025/2675 1856/3026/2676
f 1856/3026/2676 1868/3025/2675 1867/3027/2677
f 1856/3026/2676 1867/3027/2677 1857/3028/2678
f 1857/3028/2678 1867/3027/2677 1866/3029/2679
f 1857/3028/2678 1866/3029/2679 1858/3030/2680
f 1858/3030/2680 1866/3029/2679 1865/3031/2681
f 1858/3030/2680 1865/3031/2681 1859/3032/2682
f 1859/3032/2682 1865/3031/2681 1864/3033/2683
f 1859/3032/2682 1864/3033/2683 1860/3034/2684
f 1860/3034/2684 1864/3033/2683 1863/3035/2685
f 1860/3034/2684 1863/3035/2685 1861/3036/2686
f 1861/3036/2686 1863/3035/2685 1862/3037/2687
f 1873/3015/2665 1892/3014/2664 1874/3038/2688
f 1874/3038/2688 1892/3014/2664 1891/3039/2689
f 1874/3038/2688 1891/3039/2689 1875/3040/2690
f 1875/3040/2690 1891/3039/2689 1890/3041/2691
f 1875/3040/2690 1890/3041/2691 1876/3042/2692
f 1876/3042/2692 1890/3041/2691 1889/3043/2693
f 1876/3042/2692 1889/3043/2693 1877/3044/2694
f 1877/3044/2694 1889/3043/2693 1888/3045/2695
f 1877/3044/2694 1888/3045/2695 1878/3046/2696
f 1878/3046/2696 1888/3045/2695 1887/3047/2697
f 1878/3046/2696 1887/3047/2697 1879/3048/2698
f 1879/3048/2698 1887/3047/2697 1886/3049/2699
f 1879/3048/2698 1886/3049/2699 1880/3050/2700
f 1880/3050/2700 1886/3049/2699 1885/3051/2701
f 1880/3050/2700 1885/3051/2701 1881/3052/2702
f 1881/3052/2702 1885/3051/2701 1884/3053/2703
f 1881/3052/2702 1884/3053/2703 1882/3054/2704
f 1882/3054/2704 1884/3053/2703 1883/3055/2705
g Body7

v 10.155000 3.800000 -0.300000
v 10.155000 3.802234 -0.329808
v 10.155000 3.808885 -0.358951
v 10.155000 3.819806 -0.386777
v 10.155000 3.834752 -0.412664
v 10.155000 3.853390 -0.436035
v 10.155000 3.875302 -0.456366
v 10.155000 3.900000 -0.473205
v 10.155000 3.926932 -0.486175
v 10.155000 3.955496 -0.494986
v 10.155000 3.985054 -0.499441
v 10.155000 4.014946 -0.499441
v 10.155000 4.044504 -0.494986
v 10.155000 4.073068 -0.486175
v 10.155000 4.100000 -0.473205
v 10.155000 4.124698 -0.456366
v 10.155000 4.146610 -0.436035
v 10.155000 4.165248 -0.412664
v 10.155000 4.180194 -0.386777
v 10.155000 4.191115 -0.358951
v 10.155000 4.197766 -0.329808
v 10.155000 4.200000 -0.300000
v 10.155000 4.197766 -0.270192
v 10.155000 4.191115 -0.241049
v 10.155000 4.180194 -0.213223
v 10.155000 4.165248 -0.187336
v 10.155000 4.146610 -0.163965
v 10.155000 4.124698 -0.143634
v 10.155000 4.100000 -0.126795
v 10.155000 4.073068 -0.113825
v 10.155000 4.044504 -0.105014
v 10.155000 4.014946 -0.100559
v 10.155000 3.985054 -0.100559
v 10.155000 3.955496 -0.105014
v 10.155000 3.926932 -0.113825
v 10.155000 3.900000 -0.126795
v 10.155000 3.875302 -0.143634
v 10.155000 3.853390 -0.163965
v 10.155000 3.834752 -0.187336
v 10.155000 3.819806 -0.213223
v 10.155000 3.808885 -0.241049
v 10.155000 3.802234 -0.270192
v 10.255000 3.800000 -0.300000
v 10.255000 3.802234 -0.270192
v 10.255000 3.808885 -0.241049
v 10.255000 3.819806 -0.213223
v 10.255000 3.834752 -0.187336
v 10.255000 3.853390 -0.163965
v 10.255000 3.875302 -0.143634
v 10.255000 3.900000 -0.126795
v 10.255000 3.926932 -0.113825
v 10.255000 3.955496 -0.105014
v 10.255000 3.985054 -0.100559
v 10.255000 4.014946 -0.100559
v 10.255000 4.044504 -0.105014
v 10.255000 4.073068 -0.113825
v 10.255000 4.100000 -0.126795
v 10.255000 4.124698 -0.143634
v 10.255000 4.146610 -0.163965
v 10.255000 4.165248 -0.187336
v 10.255000 4.180194 -0.213223
v 10.255000 4.191115 -0.241049
v 10.255000 4.197766 -0.270192
v 10.255000 4.200000 -0.300000
v 10.255000 4.197766 -0.329808
v 10.255000 4.191115 -0.358951
v 10.255000 4.180194 -0.386777
v 10.255000 4.165248 -0.412664
v 10.255000 4.146610 -0.436035
v 10.255000 4.124698 -0.456366
v 10.255000 4.100000 -0.473205
v 10.255000 4.073068 -0.486175
v 10.255000 4.044504 -0.494986
v 10.255000 4.014946 -0.499441
v 10.255000 3.985054 -0.499441
v 10.255000 3.955496 -0.494986
v 10.255000 3.926932 -0.486175
v 10.255000 3.900000 -0.473205
v 10.255000 3.875302 -0.456366
v 10.255000 3.853390 -0.436035
v 10.255000 3.834752 -0.412664
v 10.255000 3.819806 -0.386777
v 10.255000 3.808885 -0.358951
v 10.255000 3.802234 -0.329808
vt -0.100000 0.598399 0.000000
vt 0.000000 0.598399 0.000000
vt -0.100000 0.628319 0.000000
vt -0.000000 0.628319 0.000000
vt -0.100000 -0.628319 0.000000
vt -0.000000 -0.628319 0.000000
vt -0.100000 -0.598399 0.000000
vt -0.000000 -0.598399 0.000000
vt -0.100000 -0.568479 0.000000
vt -0.000000 -0.568479 0.000000
vt -0.100000 -0.538559 0.000000
vt -0.000000 -0.538559 0.000000
vt -0.100000 -0.508639 0.000000
vt -0.000000 -0.508639 0.000000
vt -0.100000 -0.478719 0.000000
vt -0.000000 -0.478719 0.000000
vt -0.100000 -0.448799 0.000000
vt -0.000000 -0.448799 0.000000
vt -0.100000 -0.418879 0.000000
vt -0.000000 -0.418879 0.000000
vt -0.100000 -0.388959 0.000000
vt -0.000000 -0.388959 0.000000
vt -0.100000 -0.359039 0.000000
vt -0.000000 -0.359039 0.000000
vt -0.100000 -0.329119 0.000000
vt -0.000000 -0.329119 0.000000
vt -0.100000 -0.299199 0.000000
vt -0.000000 -0.299199 0.000000
vt -0.100000 -0.269279 0.000000
vt -0.000000 -0.269279 0.000000
vt -0.100000 -0.239359 0.000000
vt -0.000000 -0.239359 0.000000
vt -0.100000 -0.209440 0.000000
vt -0.000000 -0.209440 0.000000
vt -0.100000 -0.179520 0.000000
vt -0.000000 -0.179520 0.000000
vt -0.100000 -0.149600 0.000000
vt -0.000000 -0.149600 0.000000
vt -0.100000 -0.119680 0.000000
vt -0.000000 -0.119680 0.000000
vt -0.100000 -0.089760 0.000000
vt -0.000000 -0.089760 0.000000
vt -0.100000 -0.059840 0.000000
vt -0.000000 -0.059840 0.000000
vt -0.100000 -0.029920 0.000000
vt -0.000000 -0.029920 0.000000
vt -0.100000 0.000000 0.000000
vt -0.000000 0.000000 0.000000
vt -0.100000 0.029920 0.000000
vt -0.000000 0.029920 0.000000
vt -0.100000 0.059840 0.000000
vt -0.000000 0.059840 0.000000
vt -0.100000 0.089760 0.000000
vt -0.000000 0.089760 0.000000
vt -0.100000 0.119680 0.000000
vt -0.000000 0.119680 0.000000
vt -0.100000 0.149600 0.000000
vt -0.000000 0.149600 0.000000
vt -0.100000 0.179520 0.000000
vt -0.000000 0.179520 0.000000
vt -0.100000 0.209440 0.000000
vt -0.000000 0.209440 0.000000
vt -0.100000 0.239359 0.000000
vt -0.000000 0.239359 0.000000
vt -0.100000 0.269279 0.000000
vt -0.000000 0.269279 0.000000
vt -0.100000 0.299199 0.000000
vt -0.000000 0.299199 0.000000
vt -0.100000 0.329119 0.000000
vt 0.000000 0.329119 0.000000
vt -0.100000 0.359039 0.000000
vt -0.000000 0.359039 0.000000
vt -0.100000 0.388959 0.000000
vt 0.000000 0.388959 0.000000
vt -0.100000 0.418879 0.000000
vt 0.000000 0.418879 0.000000
vt -0.100000 0.448799 0.000000
vt -0.000000 0.448799 0.000000
vt -0.100000 0.478719 0.000000
vt -0.000000 0.478719 0.000000
vt -0.100000 0.508639 0.000000
vt -0.000000 0.508639 0.000000
vt -0.100000 0.538559 0.000000
vt -0.000000 0.538559 0.000000
vt -0.100000 0.568479 0.000000
vt -0.000000 0.568479 0.000000
vt -0.197766 -0.029808 0.000000
vt 0.197766 -0.029808 0.000000
vt -0.200000 0.000000 0.000000
vt 0.200000 0.000000 0.000000
vt -0.197766 0.029808 0.000000
vt 0.197766 0.029808 0.000000
vt -0.191115 0.058951 0.000000
vt 0.191115 0.058951 0.000000
vt -0.180194 0.086777 0.000000
vt 0.180194 0.086777 0.000000
vt -0.165248 0.112664 0.000000
vt 0.165248 0.112664 0.000000
vt -0.146610 0.136035 0.000000
vt 0.146610 0.136035 0.000000
vt -0.124698 0.156366 0.000000
vt 0.124698 0.156366 0.000000
vt -0.100000 0.173205 0.000000
vt 0.100000 0.173205 0.000000
vt -0.073068 0.186175 0.000000
vt 0.073068 0.186175 0.000000
vt -0.044504 0.194986 0.000000
vt 0.044504 0.194986 0.000000
vt -0.014946 0.199441 0.000000
vt 0.014946 0.199441 0.000000
vt 0.191115 -0.058951 0.000000
vt -0.191115 -0.058951 0.000000
vt 0.180194 -0.086777 0.000000
vt -0.180194 -0.086777 0.000000
vt 0.165248 -0.112664 0.000000
vt -0.165248 -0.112664 0.000000
vt 0.146610 -0.136035 0.000000
vt -0.146610 -0.136035 0.000000
vt 0.124698 -0.156366 0.000000
vt -0.124698 -0.156366 0.000000
vt 0.100000 -0.173205 0.000000
vt -0.100000 -0.173205 0.000000
vt 0.073068 -0.186175 0.000000
vt -0.073068 -0.186175 0.000000
vt 0.044504 -0.194986 0.000000
vt -0.044504 -0.194986 0.000000
vt 0.014946 -0.199441 0.000000
vt -0.014946 -0.199441 0.000000
vt 0.197766 0.029808 0.000000
vt -0.197766 0.029808 0.000000
vt 0.200000 0.000000 0.000000
vt -0.200000 0.000000 0.000000
vt 0.197766 -0.029808 0.000000
vt -0.197766 -0.029808 0.000000
vt 0.191115 -0.058951 0.000000
vt -0.191115 -0.058951 0.000000
vt 0.180194 -0.086777 0.000000
vt -0.180194 -0.086777 0.000000
vt 0.165248 -0.112664 0.000000
vt -0.165248 -0.112664 0.000000
vt 0.146610 -0.136035 0.000000
vt -0.146610 -0.136035 0.000000
vt 0.124698 -0.156366 0.000000
vt -0.124698 -0.156366 0.000000
vt 0.100000 -0.173205 0.000000
vt -0.100000 -0.173205 0.000000
vt 0.073068 -0.186175 0.000000
vt -0.073068 -0.186175 0.000000
vt 0.044504 -0.194986 0.000000
vt -0.044504 -0.194986 0.000000
vt 0.014946 -0.199441 0.000000
vt -0.014946 -0.199441 0.000000
vt -0.191115 0.058951 0.000000
vt 0.191115 0.058951 0.000000
vt -0.180194 0.086777 0.000000
vt 0.180194 0.086777 0.000000
vt -0.165248 0.112664 0.000000
vt 0.165248 0.112664 0.000000
vt -0.146610 0.136035 0.000000
vt 0.146610 0.136035 0.000000
vt -0.124698 0.156366 0.000000
vt 0.124698 0.156366 0.000000
vt -0.100000 0.173205 0.000000
vt 0.100000 0.173205 0.000000
vt -0.073068 0.186175 0.000000
vt 0.073068 0.186175 0.000000
vt -0.044504 0.194986 0.000000
vt 0.044504 0.194986 0.000000
vt -0.014946 0.199441 0.000000
vt 0.014946 0.199441 0.000000
vn -0.000000 -0.988831 -0.149042
vn -0.000000 -0.988831 -0.149042
vn -0.000000 -1.000000 -0.000000
vn -0.000000 -1.000000 -0.000000
vn -0.000000 -0.988831 0.149042
vn -0.000000 -0.988831 0.149042
vn -0.000000 -0.955573 0.294755
vn -0.000000 -0.955573 0.294755
vn -0.000000 -0.900969 0.433884
vn -0.000000 -0.900969 0.433884
vn -0.000000 -0.826239 0.563320
vn -0.000000 -0.826239 0.563320
vn -0.000000 -0.733052 0.680173
vn -0.000000 -0.733052 0.680173
vn -0.000000 -0.623490 0.781831
vn -0.000000 -0.623490 0.781831
vn -0.000000 -0.500000 0.866025
vn -0.000000 -0.500000 0.866025
vn -0.000000 -0.365341 0.930874
vn -0.000000 -0.365341 0.930874
vn -0.000000 -0.222521 0.974928
vn -0.000000 -0.222521 0.974928
vn -0.000000 -0.074730 0.997204
vn -0.000000 -0.074730 0.997204
vn 0.000000 0.074730 0.997204
vn 0.000000 0.074730 0.997204
vn 0.000000 0.222521 0.974928
vn 0.000000 0.222521 0.974928
vn 0.000000 0.365341 0.930874
vn 0.000000 0.365341 0.930874
vn 0.000000 0.500000 0.866025
vn 0.000000 0.500000 0.866025
vn 0.000000 0.623490 0.781831
vn 0.000000 0.623490 0.781831
vn 0.000000 0.733052 0.680173
vn 0.000000 0.733052 0.680173
vn 0.000000 0.826239 0.563320
vn 0.000000 0.826239 0.563320
vn 0.000000 0.900969 0.433884
vn 0.000000 0.900969 0.433884
vn 0.000000 0.955573 0.294755
vn 0.000000 0.955573 0.294755
vn 0.000000 0.988831 0.149042
vn 0.000000 0.988831 0.149042
vn 0.000000 1.000000 0.000000
vn 0.000000 1.000000 0.000000
vn -0.000000 0.988831 -0.149042
vn -0.000000 0.988831 -0.149042
vn -0.000000 0.955573 -0.294755
vn -0.000000 0.955573 -0.294755
vn -0.000000 0.900969 -0.433884
vn -0.000000 0.900969 -0.433884
vn -0.000000 0.826239 -0.563320
vn -0.000000 0.826239 -0.563320
vn -0.000000 0.733052 -0.680173
vn -0.000000 0.733052 -0.680173
vn -0.000000 0.623490 -0.781831
vn -0.000000 0.623490 -0.781831
vn -0.000000 0.500000 -0.866025
vn -0.000000 0.500000 -0.866025
vn -0.000000 0.365341 -0.930874
vn -0.000000 0.365341 -0.930874
vn -0.000000 0.222521 -0.974928
vn -0.000000 0.222521 -0.974928
vn -0.000000 0.074730 -0.997204
vn -0.000000 0.074730 -0.997204
vn -0.000000 -0.074730 -0.997204
vn -0.000000 -0.074730 -0.997204
vn -0.000000 -0.222521 -0.974928
vn -0.000000 -0.222521 -0.974928
vn -0.000000 -0.365341 -0.930874
vn -0.000000 -0.365341 -0.930874
vn -0.000000 -0.500000 -0.866025
vn -0.000000 -0.500000 -0.866025
vn -0.000000 -0.623490 -0.781831
vn -0.000000 -0.623490 -0.781831
vn -0.000000 -0.733052 -0.680173
vn -0.000000 -0.733052 -0.680173
vn -0.000000 -0.826239 -0.563320
vn -0.000000 -0.826239 -0.563320
vn -0.000000 -0.900969 -0.433884
vn -0.000000 -0.900969 -0.433884
vn -0.000000 -0.955573 -0.294755
vn -0.000000 -0.955573 -0.294755
vn 1.000000 0.000000 0.000000
vn 1.000000 0.000000 0.000000
vn 1.000000 0.000000 0.000000
vn 1.000000 0.000000 0.000000
vn 1.000000 0.000000 0.000000
vn 1.000000 0.000000 0.000000
vn 1.000000 0.000000 0.000000
vn 1.000000 0.000000 0.000000
vn 1.000000 0.000000 0.000000
vn 1.000000 0.000000 0.000000
vn 1.000000 0.000000 0.000000
vn 1.000000 0.000000 0.000000
vn 1.000000 0.000000 0.000000
vn 1.000000 0.000000 0.000000
vn 1.000000 0.000000 0.000000
vn 1.000000 0.000000 0.000000
vn 1.000000 0.000000 0.000000
vn 1.000000 0.000000 0.000000
vn 1.000000 0.000000 0.000000
vn 1.000000 0.000000 0.000000
vn 1.000000 0.000000 0.000000
vn 1.000000 0.000000 0.000000
vn 1.000000 0.000000 0.000000
vn 1.000000 0.000000 0.000000
vn 1.000000 0.000000 0.000000
vn 1.000000 0.000000 0.000000
vn 1.000000 0.000000 0.000000
vn 1.000000 0.000000 0.000000
vn 1.000000 0.000000 0.000000
vn 1.000000 0.000000 0.000000
vn 1.000000 0.000000 0.000000
vn 1.000000 0.000000 0.000000
vn 1.000000 0.000000 0.000000
vn 1.000000 0.000000 0.000000
vn 1.000000 0.000000 0.000000
vn 1.000000 0.000000 0.000000
vn 1.000000 0.000000 0.000000
vn 1.000000 0.000000 0.000000
vn 1.000000 0.000000 0.000000
vn 1.000000 0.000000 0.000000
vn 1.000000 0.000000 0.000000
vn 1.000000 0.000000 0.000000
vn -1.000000 -0.000000 -0.000000
vn -1.000000 -0.000000 -0.000000
vn -1.000000 -0.000000 -0.000000
vn -1.000000 -0.000000 -0.000000
vn -1.000000 -0.000000 -0.000000
vn -1.000000 -0.000000 -0.000000
vn -1.000000 -0.000000 -0.000000
vn -1.000000 -0.000000 -0.000000
vn -1.000000 -0.000000 -0.000000
vn -1.000000 -0.000000 -0.000000
vn -1.000000 -0.000000 -0.000000
vn -1.000000 -0.000000 -0.000000
vn -1.000000 -0.000000 -0.000000
vn -1.000000 -0.000000 -0.000000
vn -1.000000 -0.000000 -0.000000
vn -1.000000 -0.000000 -0.000000
vn -1.000000 -0.000000 -0.000000
vn -1.000000 -0.000000 -0.000000
vn -1.000000 -0.000000 -0.000000
vn -1.000000 -0.000000 -0.000000
vn -1.000000 -0.000000 -0.000000
vn -1.000000 -0.000000 -0.000000
vn -1.000000 -0.000000 -0.000000
vn -1.000000 -0.000000 -0.000000
vn -1.000000 -0.000000 -0.000000
vn -1.000000 -0.000000 -0.000000
vn -1.000000 -0.000000 -0.000000
vn -1.000000 -0.000000 -0.000000
vn -1.000000 -0.000000 -0.000000
vn -1.000000 -0.000000 -0.000000
vn -1.000000 -0.000000 -0.000000
vn -1.000000 -0.000000 -0.000000
vn -1.000000 -0.000000 -0.000000
vn -1.000000 -0.000000 -0.000000
vn -1.000000 -0.000000 -0.000000
vn -1.000000 -0.000000 -0.000000
vn -1.000000 -0.000000 -0.000000
vn -1.000000 -0.000000 -0.000000
vn -1.000000 -0.000000 -0.000000
vn -1.000000 -0.000000 -0.000000
vn -1.000000 -0.000000 -0.000000
vn -1.000000 -0.000000 -0.000000
f 1936/3056/2706 2018/3057/2707 1935/3058/2708
f 1935/3058/2708 2018/3057/2707 1977/3059/2709
f 1935/3060/2708 1977/3061/2709 1976/3062/2710
f 1976/3062/2710 1977/3061/2709 1978/3063/2711
f 1976/3062/2710 1978/3063/2711 1975/3064/2712
f 1975/3064/2712 1978/3063/2711 1979/3065/2713
f 1975/3064/2712 1979/3065/2713 1974/3066/2714
f 1974/3066/2714 1979/3065/2713 1980/3067/2715
f 1974/3066/2714 1980/3067/2715 1973/3068/2716
f 1973/3068/2716 1980/3067/2715 1981/3069/2717
f 1973/3068/2716 1981/3069/2717 1972/3070/2718
f 1972/3070/2718 1981/3069/2717 1982/3071/2719
f 1972/3070/2718 1982/3071/2719 1971/3072/2720
f 1971/3072/2720 1982/3071/2719 1983/3073/2721
f 1971/3072/2720 1983/3073/2721 1970/3074/2722
f 1970/3074/2722 1983/3073/2721 1984/3075/2723
f 1970/3074/2722 1984/3075/2723 1969/3076/2724
f 1969/3076/2724 1984/3075/2723 1985/3077/2725
f 1969/3076/2724 1985/3077/2725 1968/3078/2726
f 1968/3078/2726 1985/3077/2725 1986/3079/2727
f 1968/3078/2726 1986/3079/2727 1967/3080/2728
f 1967/3080/2728 1986/3079/2727 1987/3081/2729
f 1967/3080/2728 1987/3081/2729 1966/3082/2730
f 1966/3082/2730 1987/3081/2729 1988/3083/2731
f 1966/3082/2730 1988/3083/2731 1965/3084/2732
f 1965/3084/2732 1988/3083/2731 1989/3085/2733
f 1965/3084/2732 1989/3085/2733 1964/3086/2734
f 1964/3086/2734 1989/3085/2733 1990/3087/2735
f 1964/3086/2734 1990/3087/2735 1963/3088/2736
f 1963/3088/2736 1990/3087/2735 1991/3089/2737
f 1963/3088/2736 1991/3089/2737 1962/3090/2738
f 1962/3090/2738 1991/3089/2737 1992/3091/2739
f 1962/3090/2738 1992/3091/2739 1961/3092/2740
f 1961/3092/2740 1992/3091/2739 1993/3093/2741
f 1961/3092/2740 1993/3093/2741 1960/3094/2742
f 1960/3094/2742 1993/3093/2741 1994/3095/2743
f 1960/3094/2742 1994/3095/2743 1959/3096/2744
f 1959/3096/2744 1994/3095/2743 1995/3097/2745
f 1959/3096/2744 1995/3097/2745 1958/3098/2746
f 1958/3098/2746 1995/3097/2745 1996/3099/2747
f 1958/3098/2746 1996/3099/2747 1957/3100/2748
f 1957/3100/2748 1996/3099/2747 1997/3101/2749
f 1957/3100/2748 1997/3101/2749 1956/3102/2750
f 1956/3102/2750 1997/3101/2749 1998/3103/2751
f 1956/3102/2750 1998/3103/2751 1955/3104/2752
f 1955/3104/2752 1998/3103/2751 1999/3105/2753
f 1955/3104/2752 1999/3105/2753 1954/3106/2754
f 1954/3106/2754 1999/3105/2753 2000/3107/2755
f 1954/3106/2754 2000/3107/2755 1953/3108/2756
f 1953/3108/2756 2000/3107/2755 2001/3109/2757
f 1953/3108/2756 2001/3109/2757 1952/3110/2758
f 1952/3110/2758 2001/3109/2757 2002/3111/2759
f 1952/3110/2758 2002/3111/2759 1951/3112/2760
f 1951/3112/2760 2002/3111/2759 2003/3113/2761
f 1951/3112/2760 2003/3113/2761 1950/3114/2762
f 1950/3114/2762 2003/3113/2761 2004/3115/2763
f 1950/3114/2762 2004/3115/2763 1949/3116/2764
f 1949/3116/2764 2004/3115/2763 2005/3117/2765
f 1949/3116/2764 2005/3117/2765 1948/3118/2766
f 1948/3118/2766 2005/3117/2765 2006/3119/2767
f 1948/3118/2766 2006/3119/2767 1947/3120/2768
f 1947/3120/2768 2006/3119/2767 2007/3121/2769
f 1947/3120/2768 2007/3121/2769 1946/3122/2770
f 1946/3122/2770 2007/3121/2769 2008/3123/2771
f 1946/3122/2770 2008/3123/2771 1945/3124/2772
f 1945/3124/2772 2008/3123/2771 2009/3125/2773
f 1945/3124/2772 2009/3125/2773 1944/3126/2774
f 1944/3126/2774 2009/3125/2773 2010/3127/2775
f 1944/3126/2774 2010/3127/2775 1943/3128/2776
f 1943/3128/2776 2010/3127/2775 2011/3129/2777
f 1943/3128/2776 2011/3129/2777 1942/3130/2778
f 1942/3130/2778 2011/3129/2777 2012/3131/2779
f 1942/3130/2778 2012/3131/2779 1941/3132/2780
f 1941/3132/2780 2012/3131/2779 2013/3133/2781
f 1941/3132/2780 2013/3133/2781 1940/3134/2782
f 1940/3134/2782 2013/3133/2781 2014/3135/2783
f 1940/3134/2782 2014/3135/2783 1939/3136/2784
f 1939/3136/2784 2014/3135/2783 2015/3137/2785
f 1939/3136/2784 2015/3137/2785 1938/3138/2786
f 1938/3138/2786 2015/3137/2785 2016/3139/2787
f 1938/3138/2786 2016/3139/2787 1937/3140/2788
f 1937/3140/2788 2016/3139/2787 2017/3141/2789
f 1937/3140/2788 2017/3141/2789 1936/3056/2706
f 1936/3056/2706 2017/3141/2789 2018/3057/2707
f 2018/3142/2790 1999/3143/2791 1977/3144/2792
f 1977/3144/2792 1999/3143/2791 1998/3145/2793
f 1977/3144/2792 1998/3145/2793 1978/3146/2794
f 1978/3146/2794 1998/3145/2793 1997/3147/2795
f 1978/3146/2794 1997/3147/2795 1979/3148/2796
f 1979/3148/2796 1997/3147/2795 1996/3149/2797
f 1979/3148/2796 1996/3149/2797 1980/3150/2798
f 1980/3150/2798 1996/3149/2797 1995/3151/2799
f 1980/3150/2798 1995/3151/2799 1981/3152/2800
f 1981/3152/2800 1995/3151/2799 1994/3153/2801
f 1981/3152/2800 1994/3153/2801 1982/3154/2802
f 1982/3154/2802 1994/3153/2801 1993/3155/2803
f 1982/3154/2802 1993/3155/2803 1983/3156/2804
f 1983/3156/2804 1993/3155/2803 1992/3157/2805
f 1983/3156/2804 1992/3157/2805 1984/3158/2806
f 1984/3158/2806 1992/3157/2805 1991/3159/2807
f 1984/3158/2806 1991/3159/2807 1985/3160/2808
f 1985/3160/2808 1991/3159/2807 1990/3161/2809
f 1985/3160/2808 1990/3161/2809 1986/3162/2810
f 1986/3162/2810 1990/3161/2809 1989/3163/2811
f 1986/3162/2810 1989/3163/2811 1987/3164/2812
f 1987/3164/2812 1989/3163/2811 1988/3165/2813
f 1999/3143/2791 2018/3142/2790 2000/3166/2814
f 2000/3166/2814 2018/3142/2790 2017/3167/2815
f 2000/3166/2814 2017/3167/2815 2001/3168/2816
f 2001/3168/2816 2017/3167/2815 2016/3169/2817
f 2001/3168/2816 2016/3169/2817 2002/3170/2818
f 2002/3170/2818 2016/3169/2817 2015/3171/2819
f 2002/3170/2818 2015/3171/2819 2003/3172/2820
f 2003/3172/2820 2015/3171/2819 2014/3173/2821
f 2003/3172/2820 2014/3173/2821 2004/3174/2822
f 2004/3174/2822 2014/3173/2821 2013/3175/2823
f 2004/3174/2822 2013/3175/2823 2005/3176/2824
f 2005/3176/2824 2013/3175/2823 2012/3177/2825
f 2005/3176/2824 2012/3177/2825 2006/3178/2826
f 2006/3178/2826 2012/3177/2825 2011/3179/2827
f 2006/3178/2826 2011/3179/2827 2007/3180/2828
f 2007/3180/2828 2011/3179/2827 2010/3181/2829
f 2007/3180/2828 2010/3181/2829 2008/3182/2830
f 2008/3182/2830 2010/3181/2829 2009/3183/2831
f 1976/3184/2832 1957/3185/2833 1935/3186/2834
f 1935/3186/2834 1957/3185/2833 1956/3187/2835
f 1935/3186/2834 1956/3187/2835 1936/3188/2836
f 1936/3188/2836 1956/3187/2835 1955/3189/2837
f 1936/3188/2836 1955/3189/2837 1937/3190/2838
f 1937/3190/2838 1955/3189/2837 1954/3191/2839
f 1937/3190/2838 1954/3191/2839 1938/3192/2840
f 1938/3192/2840 1954/3191/2839 1953/3193/2841
f 1938/3192/2840 1953/3193/2841 1939/3194/2842
f 1939/3194/2842 1953/3193/2841 1952/3195/2843
f 1939/3194/2842 1952/3195/2843 1940/3196/2844
f 1940/3196/2844 1952/3195/2843 1951/3197/2845
f 1940/3196/2844 1951/3197/2845 1941/3198/2846
f 1941/3198/2846 1951/3197/2845 1950/3199/2847
f 1941/3198/2846 1950/3199/2847 1942/3200/2848
f 1942/3200/2848 1950/3199/2847 1949/3201/2849
f 1942/3200/2848 1949/3201/2849 1943/3202/2850
f 1943/3202/2850 1949/3201/2849 1948/3203/2851
f 1943/3202/2850 1948/3203/2851 1944/3204/2852
f 1944/3204/2852 1948/3203/2851 1947/3205/2853
f 1944/3204/2852 1947/3205/2853 1945/3206/2854
f 1945/3206/2854 1947/3205/2853 1946/3207/2855
f 1957/3185/2833 1976/3184/2832 1958/3208/2856
f 1958/3208/2856 1976/3184/2832 1975/3209/2857
f 1958/3208/2856 1975/3209/2857 1959/3210/2858
f 1959/3210/2858 1975/3209/2857 1974/3211/2859
f 1959/3210/2858 1974/3211/2859 1960/3212/2860
f 1960/3212/2860 1974/3211/2859 1973/3213/2861
f 1960/3212/2860 1973/3213/2861 1961/3214/2862
f 1961/3214/2862 1973/3213/2861 1972/3215/2863
f 1961/3214/2862 1972/3215/2863 1962/3216/2864
f 1962/3216/2864 1972/3215/2863 1971/3217/2865
f 1962/3216/2864 1971/3217/2865 1963/3218/2866
f 1963/3218/2866 1971/3217/2865 1970/3219/2867
f 1963/3218/2866 1970/3219/2867 1964/3220/2868
f 1964/3220/2868 1970/3219/2867 1969/3221/2869
f 1964/3220/2868 1969/3221/2869 1965/3222/2870
f 1965/3222/2870 1969/3221/2869 1968/3223/2871
f 1965/3222/2870 1968/3223/2871 1966/3224/2872
f 1966/3224/2872 1968/3223/2871 1967/3225/2873
g Body5

v 10.405000 3.950000 -0.300000
v 10.405000 3.950804 -0.291072
v 10.405000 3.953188 -0.282431
v 10.405000 3.957078 -0.274355
v 10.405000 3.962346 -0.267103
v 10.405000 3.968826 -0.260908
v 10.405000 3.976307 -0.255970
v 10.405000 3.984549 -0.252447
v 10.405000 3.993288 -0.250453
v 10.405000 4.002243 -0.250050
v 10.405000 4.011126 -0.251254
v 10.405000 4.019651 -0.254024
v 10.405000 4.027545 -0.258271
v 10.405000 4.034553 -0.263860
v 10.405000 4.040451 -0.270611
v 10.405000 4.045049 -0.278306
v 10.405000 4.048198 -0.286698
v 10.405000 4.049799 -0.295518
v 10.405000 4.049799 -0.304482
v 10.405000 4.048198 -0.313302
v 10.405000 4.045049 -0.321694
v 10.405000 4.040451 -0.329389
v 10.405000 4.034553 -0.336140
v 10.405000 4.027545 -0.341729
v 10.405000 4.019651 -0.345976
v 10.405000 4.011126 -0.348746
v 10.405000 4.002243 -0.349950
v 10.405000 3.993288 -0.349547
v 10.405000 3.984549 -0.347553
v 10.405000 3.976307 -0.344030
v 10.405000 3.968826 -0.339092
v 10.405000 3.962346 -0.332897
v 10.405000 3.957078 -0.325645
v 10.405000 3.953188 -0.317569
v 10.405000 3.950804 -0.308928
v 10.255000 3.950000 -0.300000
v 10.255000 3.950804 -0.308928
v 10.255000 3.953188 -0.317569
v 10.255000 3.957078 -0.325645
v 10.255000 3.962346 -0.332897
v 10.255000 3.968826 -0.339092
v 10.255000 3.976307 -0.344030
v 10.255000 3.984549 -0.347553
v 10.255000 3.993288 -0.349547
v 10.255000 4.002243 -0.349950
v 10.255000 4.011126 -0.348746
v 10.255000 4.019651 -0.345976
v 10.255000 4.027545 -0.341729
v 10.255000 4.034553 -0.336140
v 10.255000 4.040451 -0.329389
v 10.255000 4.045049 -0.321694
v 10.255000 4.048198 -0.313302
v 10.255000 4.049799 -0.304482
v 10.255000 4.049799 -0.295518
v 10.255000 4.048198 -0.286698
v 10.255000 4.045049 -0.278306
v 10.255000 4.040451 -0.270611
v 10.255000 4.034553 -0.263860
v 10.255000 4.027545 -0.258271
v 10.255000 4.019651 -0.254024
v 10.255000 4.011126 -0.251254
v 10.255000 4.002243 -0.250050
v 10.255000 3.993288 -0.250453
v 10.255000 3.984549 -0.252447
v 10.255000 3.976307 -0.255970
v 10.255000 3.968826 -0.260908
v 10.255000 3.962346 -0.267103
v 10.255000 3.957078 -0.274355
v 10.255000 3.953188 -0.282431
v 10.255000 3.950804 -0.291072
vt -0.150000 0.148104 0.000000
vt -0.000000 0.148104 0.000000
vt -0.150000 0.157080 0.000000
vt -0.000000 0.157080 0.000000
vt -0.150000 -0.157080 0.000000
vt -0.000000 -0.157080 0.000000
vt -0.150000 -0.148104 0.000000
vt -0.000000 -0.148104 0.000000
vt -0.150000 -0.139128 0.000000
vt -0.000000 -0.139128 0.000000
vt -0.150000 -0.130152 0.000000
vt -0.000000 -0.130152 0.000000
vt -0.150000 -0.121176 0.000000
vt -0.000000 -0.121176 0.000000
vt -0.150000 -0.112200 0.000000
vt -0.000000 -0.112200 0.000000
vt -0.150000 -0.103224 0.000000
vt -0.000000 -0.103224 0.000000
vt -0.150000 -0.094248 0.000000
vt -0.000000 -0.094248 0.000000
vt -0.150000 -0.085272 0.000000
vt -0.000000 -0.085272 0.000000
vt -0.150000 -0.076296 0.000000
vt -0.000000 -0.076296 0.000000
vt -0.150000 -0.067320 0.000000
vt -0.000000 -0.067320 0.000000
vt -0.150000 -0.058344 0.000000
vt -0.000000 -0.058344 0.000000
vt -0.150000 -0.049368 0.000000
vt -0.000000 -0.049368 0.000000
vt -0.150000 -0.040392 0.000000
vt -0.000000 -0.040392 0.000000
vt -0.150000 -0.031416 0.000000
vt -0.000000 -0.031416 0.000000
vt -0.150000 -0.022440 0.000000
vt -0.000000 -0.022440 0.000000
vt -0.150000 -0.013464 0.000000
vt -0.000000 -0.013464 0.000000
vt -0.150000 -0.004488 0.000000
vt -0.000000 -0.004488 0.000000
vt -0.150000 0.004488 0.000000
vt -0.000000 0.004488 0.000000
vt -0.150000 0.013464 0.000000
vt -0.000000 0.013464 0.000000
vt -0.150000 0.022440 0.000000
vt -0.000000 0.022440 0.000000
vt -0.150000 0.031416 0.000000
vt -0.000000 0.031416 0.000000
vt -0.150000 0.040392 0.000000
vt -0.000000 0.040392 0.000000
vt -0.150000 0.049368 0.000000
vt -0.000000 0.049368 0.000000
vt -0.150000 0.058344 0.000000
vt -0.000000 0.058344 0.000000
vt -0.150000 0.067320 0.000000
vt -0.000000 0.067320 0.000000
vt -0.150000 0.076296 0.000000
vt -0.000000 0.076296 0.000000
vt -0.150000 0.085272 0.000000
vt -0.000000 0.085272 0.000000
vt -0.150000 0.094248 0.000000
vt -0.000000 0.094248 0.000000
vt -0.150000 0.103224 0.000000
vt -0.000000 0.103224 0.000000
vt -0.150000 0.112200 0.000000
vt -0.000000 0.112200 0.000000
vt -0.150000 0.121176 0.000000
vt -0.000000 0.121176 0.000000
vt -0.150000 0.130152 0.000000
vt -0.000000 0.130152 0.000000
vt -0.150000 0.139128 0.000000
vt -0.000000 0.139128 0.000000
vt -0.050000 0.000000 0.000000
vt -0.049196 -0.008928 0.000000
vt -0.049196 0.008928 0.000000
vt -0.046812 0.017569 0.000000
vt -0.046812 -0.017569 0.000000
vt -0.042922 0.025645 0.000000
vt -0.042922 -0.025645 0.000000
vt -0.037654 0.032897 0.000000
vt -0.031174 0.039092 0.000000
vt -0.023693 0.044030 0.000000
vt -0.015451 0.047553 0.000000
vt -0.006712 0.049547 0.000000
vt 0.002243 0.049950 0.000000
vt 0.011126 0.048746 0.000000
vt 0.019651 0.045976 0.000000
vt 0.027545 0.041729 0.000000
vt 0.034553 0.036140 0.000000
vt -0.037654 -0.032897 0.000000
vt 0.040451 0.029389 0.000000
vt 0.045048 0.021694 0.000000
vt 0.048198 0.013302 0.000000
vt 0.049799 0.004482 0.000000
vt 0.049799 -0.004482 0.000000
vt 0.048198 -0.013302 0.000000
vt 0.045048 -0.021694 0.000000
vt 0.040451 -0.029389 0.000000
vt 0.034553 -0.036140 0.000000
vt -0.031174 -0.039092 0.000000
vt 0.027545 -0.041729 0.000000
vt -0.023693 -0.044030 0.000000
vt 0.019651 -0.045976 0.000000
vt -0.015451 -0.047553 0.000000
vt 0.011126 -0.048746 0.000000
vt -0.006712 -0.049547 0.000000
vt 0.002243 -0.049950 0.000000
vt 0.050000 0.000000 0.000000
vt 0.049196 0.008928 0.000000
vt 0.049196 -0.008928 0.000000
vt 0.046812 0.017569 0.000000
vt 0.046812 -0.017569 0.000000
vt 0.042922 0.025645 0.000000
vt 0.042922 -0.025645 0.000000
vt 0.037654 0.032897 0.000000
vt 0.031174 0.039092 0.000000
vt 0.023693 0.044030 0.000000
vt 0.015451 0.047553 0.000000
vt 0.006712 0.049547 0.000000
vt -0.002243 0.049950 0.000000
vt -0.011126 0.048746 0.000000
vt -0.019651 0.045976 0.000000
vt -0.027545 0.041729 0.000000
vt -0.034553 0.036140 0.000000
vt 0.037654 -0.032897 0.000000
vt -0.040451 0.029389 0.000000
vt -0.045048 0.021694 0.000000
vt -0.048198 0.013302 0.000000
vt -0.049799 0.004482 0.000000
vt -0.049799 -0.004482 0.000000
vt -0.048198 -0.013302 0.000000
vt -0.045048 -0.021694 0.000000
vt -0.040451 -0.029389 0.000000
vt -0.034553 -0.036140 0.000000
vt 0.031174 -0.039092 0.000000
vt -0.027545 -0.041729 0.000000
vt 0.023693 -0.044030 0.000000
vt -0.019651 -0.045976 0.000000
vt 0.015451 -0.047553 0.000000
vt -0.011126 -0.048746 0.000000
vt 0.006712 -0.049547 0.000000
vt -0.002243 -0.049950 0.000000
vn -0.000000 -0.983930 0.178557
vn -0.000000 -0.983930 0.178557
vn -0.000000 -1.000000 0.000000
vn -0.000000 -1.000000 0.000000
vn 0.000000 -0.983930 -0.178557
vn 0.000000 -0.983930 -0.178557
vn 0.000000 -0.936235 -0.351375
vn 0.000000 -0.936235 -0.351375
vn 0.000000 -0.858449 -0.512899
vn 0.000000 -0.858449 -0.512899
vn 0.000000 -0.753071 -0.657939
vn 0.000000 -0.753071 -0.657939
vn 0.000000 -0.623490 -0.781831
vn 0.000000 -0.623490 -0.781831
vn 0.000000 -0.473869 -0.880596
vn 0.000000 -0.473869 -0.880596
vn 0.000000 -0.309017 -0.951057
vn 0.000000 -0.309017 -0.951057
vn 0.000000 -0.134233 -0.990950
vn 0.000000 -0.134233 -0.990950
vn -0.000000 0.044865 -0.998993
vn -0.000000 0.044865 -0.998993
vn -0.000000 0.222521 -0.974928
vn -0.000000 0.222521 -0.974928
vn -0.000000 0.393025 -0.919528
vn -0.000000 0.393025 -0.919528
vn -0.000000 0.550897 -0.834573
vn -0.000000 0.550897 -0.834573
vn -0.000000 0.691063 -0.722795
vn -0.000000 0.691063 -0.722795
vn -0.000000 0.809017 -0.587785
vn -0.000000 0.809017 -0.587785
vn -0.000000 0.900969 -0.433884
vn -0.000000 0.900969 -0.433884
vn -0.000000 0.963963 -0.266037
vn -0.000000 0.963963 -0.266037
vn -0.000000 0.995974 -0.089639
vn -0.000000 0.995974 -0.089639
vn -0.000000 0.995974 0.089639
vn -0.000000 0.995974 0.089639
vn -0.000000 0.963963 0.266037
vn -0.000000 0.963963 0.266037
vn -0.000000 0.900969 0.433884
vn -0.000000 0.900969 0.433884
vn -0.000000 0.809017 0.587785
vn -0.000000 0.809017 0.587785
vn -0.000000 0.691063 0.722795
vn -0.000000 0.691063 0.722795
vn -0.000000 0.550897 0.834573
vn -0.000000 0.550897 0.834573
vn -0.000000 0.393025 0.919528
vn -0.000000 0.393025 0.919528
vn -0.000000 0.222521 0.974928
vn -0.000000 0.222521 0.974928
vn -0.000000 0.044865 0.998993
vn -0.000000 0.044865 0.998993
vn -0.000000 -0.134233 0.990950
vn -0.000000 -0.134233 0.990950
vn -0.000000 -0.309017 0.951057
vn -0.000000 -0.309017 0.951057
vn -0.000000 -0.473869 0.880596
vn -0.000000 -0.473869 0.880596
vn -0.000000 -0.623490 0.781831
vn -0.000000 -0.623490 0.781831
vn -0.000000 -0.753071 0.657939
vn -0.000000 -0.753071 0.657939
vn -0.000000 -0.858449 0.512899
vn -0.000000 -0.858449 0.512899
vn -0.000000 -0.936235 0.351375
vn -0.000000 -0.936235 0.351375
vn 1.000000 0.000000 0.000000
vn 1.000000 0.000000 0.000000
vn 1.000000 0.000000 0.000000
vn 1.000000 0.000000 0.000000
vn 1.000000 0.000000 0.000000
vn 1.000000 0.000000 0.000000
vn 1.000000 0.000000 0.000000
vn 1.000000 0.000000 0.000000
vn 1.000000 0.000000 0.000000
vn 1.000000 0.000000 0.000000
vn 1.000000 0.000000 0.000000
vn 1.000000 0.000000 0.000000
vn 1.000000 0.000000 0.000000
vn 1.000000 0.000000 0.000000
vn 1.000000 0.000000 0.000000
vn 1.000000 0.000000 0.000000
vn 1.000000 0.000000 0.000000
vn 1.000000 0.000000 0.000000
vn 1.000000 0.000000 0.000000
vn 1.000000 0.000000 0.000000
vn 1.000000 0.000000 0.000000
vn 1.000000 0.000000 0.000000
vn 1.000000 0.000000 0.000000
vn 1.000000 0.000000 0.000000
vn 1.000000 0.000000 0.000000
vn 1.000000 0.000000 0.000000
vn 1.000000 0.000000 0.000000
vn 1.000000 0.000000 0.000000
vn 1.000000 0.000000 0.000000
vn 1.000000 0.000000 0.000000
vn 1.000000 0.000000 0.000000
vn 1.000000 0.000000 0.000000
vn 1.000000 0.000000 0.000000
vn 1.000000 0.000000 0.000000
vn 1.000000 0.000000 0.000000
vn -1.000000 -0.000000 -0.000000
vn -1.000000 -0.000000 -0.000000
vn -1.000000 -0.000000 -0.000000
vn -1.000000 -0.000000 -0.000000
vn -1.000000 -0.000000 -0.000000
vn -1.000000 -0.000000 -0.000000
vn -1.000000 -0.000000 -0.000000
vn -1.000000 -0.000000 -0.000000
vn -1.000000 -0.000000 -0.000000
vn -1.000000 -0.000000 -0.000000
vn -1.000000 -0.000000 -0.000000
vn -1.000000 -0.000000 -0.000000
vn -1.000000 -0.000000 -0.000000
vn -1.000000 -0.000000 -0.000000
vn -1.000000 -0.000000 -0.000000
vn -1.000000 -0.000000 -0.000000
vn -1.000000 -0.000000 -0.000000
vn -1.000000 -0.000000 -0.000000
vn -1.000000 -0.000000 -0.000000
vn -1.000000 -0.000000 -0.000000
vn -1.000000 -0.000000 -0.000000
vn -1.000000 -0.000000 -0.000000
vn -1.000000 -0.000000 -0.000000
vn -1.000000 -0.000000 -0.000000
vn -1.000000 -0.000000 -0.000000
vn -1.000000 -0.000000 -0.000000
vn -1.000000 -0.000000 -0.000000
vn -1.000000 -0.000000 -0.000000
vn -1.000000 -0.000000 -0.000000
vn -1.000000 -0.000000 -0.000000
vn -1.000000 -0.000000 -0.000000
vn -1.000000 -0.000000 -0.000000
vn -1.000000 -0.000000 -0.000000
vn -1.000000 -0.000000 -0.000000
vn -1.000000 -0.000000 -0.000000
f 2020/3226/2874 2088/3227/2875 2019/3228/2876
f 2019/3228/2876 2088/3227/2875 2054/3229/2877
f 2019/3230/2876 2054/3231/2877 2053/3232/2878
f 2053/3232/2878 2054/3231/2877 2055/3233/2879
f 2053/3232/2878 2055/3233/2879 2052/3234/2880
f 2052/3234/2880 2055/3233/2879 2056/3235/2881
f 2052/3234/2880 2056/3235/2881 2051/3236/2882
f 2051/3236/2882 2056/3235/2881 2057/3237/2883
f 2051/3236/2882 2057/3237/2883 2050/3238/2884
f 2050/3238/2884 2057/3237/2883 2058/3239/2885
f 2050/3238/2884 2058/3239/2885 2049/3240/2886
f 2049/3240/2886 2058/3239/2885 2059/3241/2887
f 2049/3240/2886 2059/3241/2887 2048/3242/2888
f 2048/3242/2888 2059/3241/2887 2060/3243/2889
f 2048/3242/2888 2060/3243/2889 2047/3244/2890
f 2047/3244/2890 2060/3243/2889 2061/3245/2891
f 2047/3244/2890 2061/3245/2891 2046/3246/2892
f 2046/3246/2892 2061/3245/2891 2062/3247/2893
f 2046/3246/2892 2062/3247/2893 2045/3248/2894
f 2045/3248/2894 2062/3247/2893 2063/3249/2895
f 2045/3248/2894 2063/3249/2895 2044/3250/2896
f 2044/3250/2896 2063/3249/2895 2064/3251/2897
f 2044/3250/2896 2064/3251/2897 2043/3252/2898
f 2043/3252/2898 2064/3251/2897 2065/3253/2899
f 2043/3252/2898 2065/3253/2899 2042/3254/2900
f 2042/3254/2900 2065/3253/2899 2066/3255/2901
f 2042/3254/2900 2066/3255/2901 2041/3256/2902
f 2041/3256/2902 2066/3255/2901 2067/3257/2903
f 2041/3256/2902 2067/3257/2903 2040/3258/2904
f 2040/3258/2904 2067/3257/2903 2068/3259/2905
f 2040/3258/2904 2068/3259/2905 2039/3260/2906
f 2039/3260/2906 2068/3259/2905 2069/3261/2907
f 2039/3260/2906 2069/3261/2907 2038/3262/2908
f 2038/3262/2908 2069/3261/2907 2070/3263/2909
f 2038/3262/2908 2070/3263/2909 2037/3264/2910
f 2037/3264/2910 2070/3263/2909 2071/3265/2911
f 2037/3264/2910 2071/3265/2911 2036/3266/2912
f 2036/3266/2912 2071/3265/2911 2072/3267/2913
f 2036/3266/2912 2072/3267/2913 2035/3268/2914
f 2035/3268/2914 2072/3267/2913 2073/3269/2915
f 2035/3268/2914 2073/3269/2915 2034/3270/2916
f 2034/3270/2916 2073/3269/2915 2074/3271/2917
f 2034/3270/2916 2074/3271/2917 2033/3272/2918
f 2033/3272/2918 2074/3271/2917 2075/3273/2919
f 2033/3272/2918 2075/3273/2919 2032/3274/2920
f 2032/3274/2920 2075/3273/2919 2076/3275/2921
f 2032/3274/2920 2076/3275/2921 2031/3276/2922
f 2031/3276/2922 2076/3275/2921 2077/3277/2923
f 2031/3276/2922 2077/3277/2923 2030/3278/2924
f 2030/3278/2924 2077/3277/2923 2078/3279/2925
f 2030/3278/2924 2078/3279/2925 2029/3280/2926
f 2029/3280/2926 2078/3279/2925 2079/3281/2927
f 2029/3280/2926 2079/3281/2927 2028/3282/2928
f 2028/3282/2928 2079/3281/2927 2080/3283/2929
f 2028/3282/2928 2080/3283/2929 2027/3284/2930
f 2027/3284/2930 2080/3283/2929 2081/3285/2931
f 2027/3284/2930 2081/3285/2931 2026/3286/2932
f 2026/3286/2932 2081/3285/2931 2082/3287/2933
f 2026/3286/2932 2082/3287/2933 2025/3288/2934
f 2025/3288/2934 2082/3287/2933 2083/3289/2935
f 2025/3288/2934 2083/3289/2935 2024/3290/2936
f 2024/3290/2936 2083/3289/2935 2084/3291/2937
f 2024/3290/2936 2084/3291/2937 2023/3292/2938
f 2023/3292/2938 2084/3291/2937 2085/3293/2939
f 2023/3292/2938 2085/3293/2939 2022/3294/2940
f 2022/3294/2940 2085/3293/2939 2086/3295/2941
f 2022/3294/2940 2086/3295/2941 2021/3296/2942
f 2021/3296/2942 2086/3295/2941 2087/3297/2943
f 2021/3296/2942 2087/3297/2943 2020/3226/2874
f 2020/3226/2874 2087/3297/2943 2088/3227/2875
f 2019/3298/2944 2053/3299/2945 2020/3300/2946
f 2020/3300/2946 2053/3299/2945 2021/3301/2947
f 2021/3301/2947 2053/3299/2945 2052/3302/2948
f 2021/3301/2947 2052/3302/2948 2022/3303/2949
f 2022/3303/2949 2052/3302/2948 2051/3304/2950
f 2022/3303/2949 2051/3304/2950 2023/3305/2951
f 2023/3305/2951 2051/3304/2950 2024/3306/2952
f 2024/3306/2952 2051/3304/2950 2025/3307/2953
f 2025/3307/2953 2051/3304/2950 2026/3308/2954
f 2026/3308/2954 2051/3304/2950 2027/3309/2955
f 2027/3309/2955 2051/3304/2950 2028/3310/2956
f 2028/3310/2956 2051/3304/2950 2029/3311/2957
f 2029/3311/2957 2051/3304/2950 2030/3312/2958
f 2030/3312/2958 2051/3304/2950 2031/3313/2959
f 2031/3313/2959 2051/3304/2950 2032/3314/2960
f 2032/3314/2960 2051/3304/2950 2050/3315/2961
f 2032/3314/2960 2050/3315/2961 2033/3316/2962
f 2033/3316/2962 2050/3315/2961 2034/3317/2963
f 2034/3317/2963 2050/3315/2961 2035/3318/2964
f 2035/3318/2964 2050/3315/2961 2036/3319/2965
f 2036/3319/2965 2050/3315/2961 2037/3320/2966
f 2037/3320/2966 2050/3315/2961 2038/3321/2967
f 2038/3321/2967 2050/3315/2961 2039/3322/2968
f 2039/3322/2968 2050/3315/2961 2040/3323/2969
f 2040/3323/2969 2050/3315/2961 2041/3324/2970
f 2041/3324/2970 2050/3315/2961 2049/3325/2971
f 2041/3324/2970 2049/3325/2971 2042/3326/2972
f 2042/3326/2972 2049/3325/2971 2048/3327/2973
f 2042/3326/2972 2048/3327/2973 2043/3328/2974
f 2043/3328/2974 2048/3327/2973 2047/3329/2975
f 2043/3328/2974 2047/3329/2975 2044/3330/2976
f 2044/3330/2976 2047/3329/2975 2046/3331/2977
f 2044/3330/2976 2046/3331/2977 2045/3332/2978
f 2054/3333/2979 2088/3334/2980 2055/3335/2981
f 2055/3335/2981 2088/3334/2980 2087/3336/2982
f 2055/3335/2981 2087/3336/2982 2056/3337/2983
f 2056/3337/2983 2087/3336/2982 2086/3338/2984
f 2056/3337/2983 2086/3338/2984 2057/3339/2985
f 2057/3339/2985 2086/3338/2984 2085/3340/2986
f 2057/3339/2985 2085/3340/2986 2084/3341/2987
f 2084/3341/2987 2083/3342/2988 2057/3339/2985
f 2057/3339/2985 2083/3342/2988 2082/3343/2989
f 2057/3339/2985 2082/3343/2989 2081/3344/2990
f 2081/3344/2990 2080/3345/2991 2057/3339/2985
f 2057/3339/2985 2080/3345/2991 2079/3346/2992
f 2057/3339/2985 2079/3346/2992 2078/3347/2993
f 2078/3347/2993 2077/3348/2994 2057/3339/2985
f 2057/3339/2985 2077/3348/2994 2076/3349/2995
f 2057/3339/2985 2076/3349/2995 2058/3350/2996
f 2058/3350/2996 2076/3349/2995 2075/3351/2997
f 2058/3350/2996 2075/3351/2997 2074/3352/2998
f 2074/3352/2998 2073/3353/2999 2058/3350/2996
f 2058/3350/2996 2073/3353/2999 2072/3354/3000
f 2058/3350/2996 2072/3354/3000 2071/3355/3001
f 2071/3355/3001 2070/3356/3002 2058/3350/2996
f 2058/3350/2996 2070/3356/3002 2069/3357/3003
f 2058/3350/2996 2069/3357/3003 2068/3358/3004
f 2068/3358/3004 2067/3359/3005 2058/3350/2996
f 2058/3350/2996 2067/3359/3005 2059/3360/3006
f 2059/3360/3006 2067/3359/3005 2066/3361/3007
f 2059/3360/3006 2066/3361/3007 2060/3362/3008
f 2060/3362/3008 2066/3361/3007 2065/3363/3009
f 2060/3362/3008 2065/3363/3009 2061/3364/3010
f 2061/3364/3010 2065/3363/3009 2064/3365/3011
f 2061/3364/3010 2064/3365/3011 2062/3366/3012
f 2062/3366/3012 2064/3365/3011 2063/3367/3013
g Body8

v 10.405000 6.085000 -0.300000
v 10.405000 6.085803 -0.291072
v 10.405000 6.088188 -0.282431
v 10.405000 6.092077 -0.274355
v 10.405000 6.097346 -0.267103
v 10.405000 6.103825 -0.260908
v 10.405000 6.111306 -0.255970
v 10.405000 6.119549 -0.252447
v 10.405000 6.128288 -0.250453
v 10.405000 6.137243 -0.250050
v 10.405000 6.146126 -0.251254
v 10.405000 6.154651 -0.254024
v 10.405000 6.162545 -0.258271
v 10.405000 6.169553 -0.263860
v 10.405000 6.175451 -0.270611
v 10.405000 6.180048 -0.278306
v 10.405000 6.183198 -0.286698
v 10.405000 6.184799 -0.295518
v 10.405000 6.184799 -0.304482
v 10.405000 6.183198 -0.313302
v 10.405000 6.180048 -0.321694
v 10.405000 6.175451 -0.329389
v 10.405000 6.169553 -0.336140
v 10.405000 6.162545 -0.341729
v 10.405000 6.154651 -0.345976
v 10.405000 6.146126 -0.348746
v 10.405000 6.137243 -0.349950
v 10.405000 6.128288 -0.349547
v 10.405000 6.119549 -0.347553
v 10.405000 6.111306 -0.344030
v 10.405000 6.103825 -0.339092
v 10.405000 6.097346 -0.332897
v 10.405000 6.092077 -0.325645
v 10.405000 6.088188 -0.317569
v 10.405000 6.085803 -0.308928
v 10.255000 6.085000 -0.300000
v 10.255000 6.085803 -0.308928
v 10.255000 6.088188 -0.317569
v 10.255000 6.092077 -0.325645
v 10.255000 6.097346 -0.332897
v 10.255000 6.103825 -0.339092
v 10.255000 6.111306 -0.344030
v 10.255000 6.119549 -0.347553
v 10.255000 6.128288 -0.349547
v 10.255000 6.137243 -0.349950
v 10.255000 6.146126 -0.348746
v 10.255000 6.154651 -0.345976
v 10.255000 6.162545 -0.341729
v 10.255000 6.169553 -0.336140
v 10.255000 6.175451 -0.329389
v 10.255000 6.180048 -0.321694
v 10.255000 6.183198 -0.313302
v 10.255000 6.184799 -0.304482
v 10.255000 6.184799 -0.295518
v 10.255000 6.183198 -0.286698
v 10.255000 6.180048 -0.278306
v 10.255000 6.175451 -0.270611
v 10.255000 6.169553 -0.263860
v 10.255000 6.162545 -0.258271
v 10.255000 6.154651 -0.254024
v 10.255000 6.146126 -0.251254
v 10.255000 6.137243 -0.250050
v 10.255000 6.128288 -0.250453
v 10.255000 6.119549 -0.252447
v 10.255000 6.111306 -0.255970
v 10.255000 6.103825 -0.260908
v 10.255000 6.097346 -0.267103
v 10.255000 6.092077 -0.274355
v 10.255000 6.088188 -0.282431
v 10.255000 6.085803 -0.291072
vt -0.150000 0.148104 0.000000
vt -0.000000 0.148104 0.000000
vt -0.150000 0.157080 0.000000
vt -0.000000 0.157080 0.000000
vt -0.150000 -0.157080 0.000000
vt -0.000000 -0.157080 0.000000
vt -0.150000 -0.148104 0.000000
vt -0.000000 -0.148104 0.000000
vt -0.150000 -0.139128 0.000000
vt -0.000000 -0.139128 0.000000
vt -0.150000 -0.130152 0.000000
vt -0.000000 -0.130152 0.000000
vt -0.150000 -0.121176 0.000000
vt -0.000000 -0.121176 0.000000
vt -0.150000 -0.112200 0.000000
vt -0.000000 -0.112200 0.000000
vt -0.150000 -0.103224 0.000000
vt -0.000000 -0.103224 0.000000
vt -0.150000 -0.094248 0.000000
vt -0.000000 -0.094248 0.000000
vt -0.150000 -0.085272 0.000000
vt -0.000000 -0.085272 0.000000
vt -0.150000 -0.076296 0.000000
vt -0.000000 -0.076296 0.000000
vt -0.150000 -0.067320 0.000000
vt -0.000000 -0.067320 0.000000
vt -0.150000 -0.058344 0.000000
vt -0.000000 -0.058344 0.000000
vt -0.150000 -0.049368 0.000000
vt -0.000000 -0.049368 0.000000
vt -0.150000 -0.040392 0.000000
vt -0.000000 -0.040392 0.000000
vt -0.150000 -0.031416 0.000000
vt -0.000000 -0.031416 0.000000
vt -0.150000 -0.022440 0.000000
vt -0.000000 -0.022440 0.000000
vt -0.150000 -0.013464 0.000000
vt -0.000000 -0.013464 0.000000
vt -0.150000 -0.004488 0.000000
vt -0.000000 -0.004488 0.000000
vt -0.150000 0.004488 0.000000
vt -0.000000 0.004488 0.000000
vt -0.150000 0.013464 0.000000
vt -0.000000 0.013464 0.000000
vt -0.150000 0.022440 0.000000
vt -0.000000 0.022440 0.000000
vt -0.150000 0.031416 0.000000
vt -0.000000 0.031416 0.000000
vt -0.150000 0.040392 0.000000
vt -0.000000 0.040392 0.000000
vt -0.150000 0.049368 0.000000
vt -0.000000 0.049368 0.000000
vt -0.150000 0.058344 0.000000
vt -0.000000 0.058344 0.000000
vt -0.150000 0.067320 0.000000
vt -0.000000 0.067320 0.000000
vt -0.150000 0.076296 0.000000
vt -0.000000 0.076296 0.000000
vt -0.150000 0.085272 0.000000
vt -0.000000 0.085272 0.000000
vt -0.150000 0.094248 0.000000
vt -0.000000 0.094248 0.000000
vt -0.150000 0.103224 0.000000
vt -0.000000 0.103224 0.000000
vt -0.150000 0.112200 0.000000
vt -0.000000 0.112200 0.000000
vt -0.150000 0.121176 0.000000
vt -0.000000 0.121176 0.000000
vt -0.150000 0.130152 0.000000
vt -0.000000 0.130152 0.000000
vt -0.150000 0.139128 0.000000
vt -0.000000 0.139128 0.000000
vt -0.050000 0.000000 0.000000
vt -0.049196 -0.008928 0.000000
vt -0.049196 0.008928 0.000000
vt -0.046812 0.017569 0.000000
vt -0.046812 -0.017569 0.000000
vt -0.042922 0.025645 0.000000
vt -0.042922 -0.025645 0.000000
vt -0.037654 0.032897 0.000000
vt -0.031174 0.039092 0.000000
vt -0.023693 0.044030 0.000000
vt -0.015451 0.047553 0.000000
vt -0.006712 0.049547 0.000000
vt 0.002243 0.049950 0.000000
vt 0.011126 0.048746 0.000000
vt 0.019651 0.045976 0.000000
vt 0.027545 0.041729 0.000000
vt 0.034553 0.036140 0.000000
vt -0.037654 -0.032897 0.000000
vt 0.040451 0.029389 0.000000
vt 0.045048 0.021694 0.000000
vt 0.048198 0.013302 0.000000
vt 0.049799 0.004482 0.000000
vt 0.049799 -0.004482 0.000000
vt 0.048198 -0.013302 0.000000
vt 0.045048 -0.021694 0.000000
vt 0.040451 -0.029389 0.000000
vt 0.034553 -0.036140 0.000000
vt -0.031174 -0.039092 0.000000
vt 0.027545 -0.041729 0.000000
vt -0.023693 -0.044030 0.000000
vt 0.019651 -0.045976 0.000000
vt -0.015451 -0.047553 0.000000
vt 0.011126 -0.048746 0.000000
vt -0.006712 -0.049547 0.000000
vt 0.002243 -0.049950 0.000000
vt 0.050000 0.000000 0.000000
vt 0.049196 0.008928 0.000000
vt 0.049196 -0.008928 0.000000
vt 0.046812 0.017569 0.000000
vt 0.046812 -0.017569 0.000000
vt 0.042922 0.025645 0.000000
vt 0.042922 -0.025645 0.000000
vt 0.037654 0.032897 0.000000
vt 0.031174 0.039092 0.000000
vt 0.023693 0.044030 0.000000
vt 0.015451 0.047553 0.000000
vt 0.006712 0.049547 0.000000
vt -0.002243 0.049950 0.000000
vt -0.011126 0.048746 0.000000
vt -0.019651 0.045976 0.000000
vt -0.027545 0.041729 0.000000
vt -0.034553 0.036140 0.000000
vt 0.037654 -0.032897 0.000000
vt -0.040451 0.029389 0.000000
vt -0.045048 0.021694 0.000000
vt -0.048198 0.013302 0.000000
vt -0.049799 0.004482 0.000000
vt -0.049799 -0.004482 0.000000
vt -0.048198 -0.013302 0.000000
vt -0.045048 -0.021694 0.000000
vt -0.040451 -0.029389 0.000000
vt -0.034553 -0.036140 0.000000
vt 0.031174 -0.039092 0.000000
vt -0.027545 -0.041729 0.000000
vt 0.023693 -0.044030 0.000000
vt -0.019651 -0.045976 0.000000
vt 0.015451 -0.047553 0.000000
vt -0.011126 -0.048746 0.000000
vt 0.006712 -0.049547 0.000000
vt -0.002243 -0.049950 0.000000
vn -0.000000 -0.983930 0.178557
vn -0.000000 -0.983930 0.178557
vn -0.000000 -1.000000 0.000000
vn -0.000000 -1.000000 0.000000
vn 0.000000 -0.983930 -0.178557
vn 0.000000 -0.983930 -0.178557
vn 0.000000 -0.936235 -0.351375
vn 0.000000 -0.936235 -0.351375
vn 0.000000 -0.858449 -0.512899
vn 0.000000 -0.858449 -0.512899
vn 0.000000 -0.753071 -0.657939
vn 0.000000 -0.753071 -0.657939
vn 0.000000 -0.623490 -0.781831
vn 0.000000 -0.623490 -0.781831
vn 0.000000 -0.473869 -0.880596
vn 0.000000 -0.473869 -0.880596
vn 0.000000 -0.309017 -0.951057
vn 0.000000 -0.309017 -0.951057
vn 0.000000 -0.134233 -0.990950
vn 0.000000 -0.134233 -0.990950
vn -0.000000 0.044865 -0.998993
vn -0.000000 0.044865 -0.998993
vn -0.000000 0.222521 -0.974928
vn -0.000000 0.222521 -0.974928
vn -0.000000 0.393025 -0.919528
vn -0.000000 0.393025 -0.919528
vn -0.000000 0.550897 -0.834573
vn -0.000000 0.550897 -0.834573
vn -0.000000 0.691063 -0.722795
vn -0.000000 0.691063 -0.722795
vn -0.000000 0.809017 -0.587785
vn -0.000000 0.809017 -0.587785
vn -0.000000 0.900969 -0.433884
vn -0.000000 0.900969 -0.433884
vn -0.000000 0.963963 -0.266037
vn -0.000000 0.963963 -0.266037
vn -0.000000 0.995974 -0.089639
vn -0.000000 0.995974 -0.089639
vn -0.000000 0.995974 0.089639
vn -0.000000 0.995974 0.089639
vn -0.000000 0.963963 0.266037
vn -0.000000 0.963963 0.266037
vn -0.000000 0.900969 0.433884
vn -0.000000 0.900969 0.433884
vn -0.000000 0.809017 0.587785
vn -0.000000 0.809017 0.587785
vn -0.000000 0.691063 0.722795
vn -0.000000 0.691063 0.722795
vn -0.000000 0.550897 0.834573
vn -0.000000 0.550897 0.834573
vn -0.000000 0.393025 0.919528
vn -0.000000 0.393025 0.919528
vn -0.000000 0.222521 0.974928
vn -0.000000 0.222521 0.974928
vn -0.000000 0.044865 0.998993
vn -0.000000 0.044865 0.998993
vn -0.000000 -0.134233 0.990950
vn -0.000000 -0.134233 0.990950
vn -0.000000 -0.309017 0.951057
vn -0.000000 -0.309017 0.951057
vn -0.000000 -0.473869 0.880596
vn -0.000000 -0.473869 0.880596
vn -0.000000 -0.623490 0.781831
vn -0.000000 -0.623490 0.781831
vn -0.000000 -0.753071 0.657939
vn -0.000000 -0.753071 0.657939
vn -0.000000 -0.858449 0.512899
vn -0.000000 -0.858449 0.512899
vn -0.000000 -0.936235 0.351375
vn -0.000000 -0.936235 0.351375
vn 1.000000 0.000000 0.000000
vn 1.000000 0.000000 0.000000
vn 1.000000 0.000000 0.000000
vn 1.000000 0.000000 0.000000
vn 1.000000 0.000000 0.000000
vn 1.000000 0.000000 0.000000
vn 1.000000 0.000000 0.000000
vn 1.000000 0.000000 0.000000
vn 1.000000 0.000000 0.000000
vn 1.000000 0.000000 0.000000
vn 1.000000 0.000000 0.000000
vn 1.000000 0.000000 0.000000
vn 1.000000 0.000000 0.000000
vn 1.000000 0.000000 0.000000
vn 1.000000 0.000000 0.000000
vn 1.000000 0.000000 0.000000
vn 1.000000 0.000000 0.000000
vn 1.000000 0.000000 0.000000
vn 1.000000 0.000000 0.000000
vn 1.000000 0.000000 0.000000
vn 1.000000 0.000000 0.000000
vn 1.000000 0.000000 0.000000
vn 1.000000 0.000000 0.000000
vn 1.000000 0.000000 0.000000
vn 1.000000 0.000000 0.000000
vn 1.000000 0.000000 0.000000
vn 1.000000 0.000000 0.000000
vn 1.000000 0.000000 0.000000
vn 1.000000 0.000000 0.000000
vn 1.000000 0.000000 0.000000
vn 1.000000 0.000000 0.000000
vn 1.000000 0.000000 0.000000
vn 1.000000 0.000000 0.000000
vn 1.000000 0.000000 0.000000
vn 1.000000 0.000000 0.000000
vn -1.000000 -0.000000 -0.000000
vn -1.000000 -0.000000 -0.000000
vn -1.000000 -0.000000 -0.000000
vn -1.000000 -0.000000 -0.000000
vn -1.000000 -0.000000 -0.000000
vn -1.000000 -0.000000 -0.000000
vn -1.000000 -0.000000 -0.000000
vn -1.000000 -0.000000 -0.000000
vn -1.000000 -0.000000 -0.000000
vn -1.000000 -0.000000 -0.000000
vn -1.000000 -0.000000 -0.000000
vn -1.000000 -0.000000 -0.000000
vn -1.000000 -0.000000 -0.000000
vn -1.000000 -0.000000 -0.000000
vn -1.000000 -0.000000 -0.000000
vn -1.000000 -0.000000 -0.000000
vn -1.000000 -0.000000 -0.000000
vn -1.000000 -0.000000 -0.000000
vn -1.000000 -0.000000 -0.000000
vn -1.000000 -0.000000 -0.000000
vn -1.000000 -0.000000 -0.000000
vn -1.000000 -0.000000 -0.000000
vn -1.000000 -0.000000 -0.000000
vn -1.000000 -0.000000 -0.000000
vn -1.000000 -0.000000 -0.000000
vn -1.000000 -0.000000 -0.000000
vn -1.000000 -0.000000 -0.000000
vn -1.000000 -0.000000 -0.000000
vn -1.000000 -0.000000 -0.000000
vn -1.000000 -0.000000 -0.000000
vn -1.000000 -0.000000 -0.000000
vn -1.000000 -0.000000 -0.000000
vn -1.000000 -0.000000 -0.000000
vn -1.000000 -0.000000 -0.000000
vn -1.000000 -0.000000 -0.000000
f 2090/3368/3014 2158/3369/3015 2089/3370/3016
f 2089/3370/3016 2158/3369/3015 2124/3371/3017
f 2089/3372/3016 2124/3373/3017 2123/3374/3018
f 2123/3374/3018 2124/3373/3017 2125/3375/3019
f 2123/3374/3018 2125/3375/3019 2122/3376/3020
f 2122/3376/3020 2125/3375/3019 2126/3377/3021
f 2122/3376/3020 2126/3377/3021 2121/3378/3022
f 2121/3378/3022 2126/3377/3021 2127/3379/3023
f 2121/3378/3022 2127/3379/3023 2120/3380/3024
f 2120/3380/3024 2127/3379/3023 2128/3381/3025
f 2120/3380/3024 2128/3381/3025 2119/3382/3026
f 2119/3382/3026 2128/3381/3025 2129/3383/3027
f 2119/3382/3026 2129/3383/3027 2118/3384/3028
f 2118/3384/3028 2129/3383/3027 2130/3385/3029
f 2118/3384/3028 2130/3385/3029 2117/3386/3030
f 2117/3386/3030 2130/3385/3029 2131/3387/3031
f 2117/3386/3030 2131/3387/3031 2116/3388/3032
f 2116/3388/3032 2131/3387/3031 2132/3389/3033
f 2116/3388/3032 2132/3389/3033 2115/3390/3034
f 2115/3390/3034 2132/3389/3033 2133/3391/3035
f 2115/3390/3034 2133/3391/3035 2114/3392/3036
f 2114/3392/3036 2133/3391/3035 2134/3393/3037
f 2114/3392/3036 2134/3393/3037 2113/3394/3038
f 2113/3394/3038 2134/3393/3037 2135/3395/3039
f 2113/3394/3038 2135/3395/3039 2112/3396/3040
f 2112/3396/3040 2135/3395/3039 2136/3397/3041
f 2112/3396/3040 2136/3397/3041 2111/3398/3042
f 2111/3398/3042 2136/3397/3041 2137/3399/3043
f 2111/3398/3042 2137/3399/3043 2110/3400/3044
f 2110/3400/3044 2137/3399/3043 2138/3401/3045
f 2110/3400/3044 2138/3401/3045 2109/3402/3046
f 2109/3402/3046 2138/3401/3045 2139/3403/3047
f 2109/3402/3046 2139/3403/3047 2108/3404/3048
f 2108/3404/3048 2139/3403/3047 2140/3405/3049
f 2108/3404/3048 2140/3405/3049 2107/3406/3050
f 2107/3406/3050 2140/3405/3049 2141/3407/3051
f 2107/3406/3050 2141/3407/3051 2106/3408/3052
f 2106/3408/3052 2141/3407/3051 2142/3409/3053
f 2106/3408/3052 2142/3409/3053 2105/3410/3054
f 2105/3410/3054 2142/3409/3053 2143/3411/3055
f 2105/3410/3054 2143/3411/3055 2104/3412/3056
f 2104/3412/3056 2143/3411/3055 2144/3413/3057
f 2104/3412/3056 2144/3413/3057 2103/3414/3058
f 2103/3414/3058 2144/3413/3057 2145/3415/3059
f 2103/3414/3058 2145/3415/3059 2102/3416/3060
f 2102/3416/3060 2145/3415/3059 2146/3417/3061
f 2102/3416/3060 2146/3417/3061 2101/3418/3062
f 2101/3418/3062 2146/3417/3061 2147/3419/3063
f 2101/3418/3062 2147/3419/3063 2100/3420/3064
f 2100/3420/3064 2147/3419/3063 2148/3421/3065
f 2100/3420/3064 2148/3421/3065 2099/3422/3066
f 2099/3422/3066 2148/3421/3065 2149/3423/3067
f 2099/3422/3066 2149/3423/3067 2098/3424/3068
f 2098/3424/3068 2149/3423/3067 2150/3425/3069
f 2098/3424/3068 2150/3425/3069 2097/3426/3070
f 2097/3426/3070 2150/3425/3069 2151/3427/3071
f 2097/3426/3070 2151/3427/3071 2096/3428/3072
f 2096/3428/3072 2151/3427/3071 2152/3429/3073
f 2096/3428/3072 2152/3429/3073 2095/3430/3074
f 2095/3430/3074 2152/3429/3073 2153/3431/3075
f 2095/3430/3074 2153/3431/3075 2094/3432/3076
f 2094/3432/3076 2153/3431/3075 2154/3433/3077
f 2094/3432/3076 2154/3433/3077 2093/3434/3078
f 2093/3434/3078 2154/3433/3077 2155/3435/3079
f 2093/3434/3078 2155/3435/3079 2092/3436/3080
f 2092/3436/3080 2155/3435/3079 2156/3437/3081
f 2092/3436/3080 2156/3437/3081 2091/3438/3082
f 2091/3438/3082 2156/3437/3081 2157/3439/3083
f 2091/3438/3082 2157/3439/3083 2090/3368/3014
f 2090/3368/3014 2157/3439/3083 2158/3369/3015
f 2089/3440/3084 2123/3441/3085 2090/3442/3086
f 2090/3442/3086 2123/3441/3085 2091/3443/3087
f 2091/3443/3087 2123/3441/3085 2122/3444/3088
f 2091/3443/3087 2122/3444/3088 2092/3445/3089
f 2092/3445/3089 2122/3444/3088 2121/3446/3090
f 2092/3445/3089 2121/3446/3090 2093/3447/3091
f 2093/3447/3091 2121/3446/3090 2094/3448/3092
f 2094/3448/3092 2121/3446/3090 2095/3449/3093
f 2095/3449/3093 2121/3446/3090 2096/3450/3094
f 2096/3450/3094 2121/3446/3090 2097/3451/3095
f 2097/3451/3095 2121/3446/3090 2098/3452/3096
f 2098/3452/3096 2121/3446/3090 2099/3453/3097
f 2099/3453/3097 2121/3446/3090 2100/3454/3098
f 2100/3454/3098 2121/3446/3090 2101/3455/3099
f 2101/3455/3099 2121/3446/3090 2102/3456/3100
f 2102/3456/3100 2121/3446/3090 2120/3457/3101
f 2102/3456/3100 2120/3457/3101 2103/3458/3102
f 2103/3458/3102 2120/3457/3101 2104/3459/3103
f 2104/3459/3103 2120/3457/3101 2105/3460/3104
f 2105/3460/3104 2120/3457/3101 2106/3461/3105
f 2106/3461/3105 2120/3457/3101 2107/3462/3106
f 2107/3462/3106 2120/3457/3101 2108/3463/3107
f 2108/3463/3107 2120/3457/3101 2109/3464/3108
f 2109/3464/3108 2120/3457/3101 2110/3465/3109
f 2110/3465/3109 2120/3457/3101 2111/3466/3110
f 2111/3466/3110 2120/3457/3101 2119/3467/3111
f 2111/3466/3110 2119/3467/3111 2112/3468/3112
f 2112/3468/3112 2119/3467/3111 2118/3469/3113
f 2112/3468/3112 2118/3469/3113 2113/3470/3114
f 2113/3470/3114 2118/3469/3113 2117/3471/3115
f 2113/3470/3114 2117/3471/3115 2114/3472/3116
f 2114/3472/3116 2117/3471/3115 2116/3473/3117
f 2114/3472/3116 2116/3473/3117 2115/3474/3118
f 2124/3475/3119 2158/3476/3120 2125/3477/3121
f 2125/3477/3121 2158/3476/3120 2157/3478/3122
f 2125/3477/3121 2157/3478/3122 2126/3479/3123
f 2126/3479/3123 2157/3478/3122 2156/3480/3124
f 2126/3479/3123 2156/3480/3124 2127/3481/3125
f 2127/3481/3125 2156/3480/3124 2155/3482/3126
f 2127/3481/3125 2155/3482/3126 2154/3483/3127
f 2154/3483/3127 2153/3484/3128 2127/3481/3125
f 2127/3481/3125 2153/3484/3128 2152/3485/3129
f 2127/3481/3125 2152/3485/3129 2151/3486/3130
f 2151/3486/3130 2150/3487/3131 2127/3481/3125
f 2127/3481/3125 2150/3487/3131 2149/3488/3132
f 2127/3481/3125 2149/3488/3132 2148/3489/3133
f 2148/3489/3133 2147/3490/3134 2127/3481/3125
f 2127/3481/3125 2147/3490/3134 2146/3491/3135
f 2127/3481/3125 2146/3491/3135 2128/3492/3136
f 2128/3492/3136 2146/3491/3135 2145/3493/3137
f 2128/3492/3136 2145/3493/3137 2144/3494/3138
f 2144/3494/3138 2143/3495/3139 2128/3492/3136
f 2128/3492/3136 2143/3495/3139 2142/3496/3140
f 2128/3492/3136 2142/3496/3140 2141/3497/3141
f 2141/3497/3141 2140/3498/3142 2128/3492/3136
f 2128/3492/3136 2140/3498/3142 2139/3499/3143
f 2128/3492/3136 2139/3499/3143 2138/3500/3144
f 2138/3500/3144 2137/3501/3145 2128/3492/3136
f 2128/3492/3136 2137/3501/3145 2129/3502/3146
f 2129/3502/3146 2137/3501/3145 2136/3503/3147
f 2129/3502/3146 2136/3503/3147 2130/3504/3148
f 2130/3504/3148 2136/3503/3147 2135/3505/3149
f 2130/3504/3148 2135/3505/3149 2131/3506/3150
f 2131/3506/3150 2135/3505/3149 2134/3507/3151
f 2131/3506/3150 2134/3507/3151 2132/3508/3152
f 2132/3508/3152 2134/3507/3151 2133/3509/3153
g Body9

v 10.305000 3.979086 -0.254584
v 10.305000 3.970843 -0.259381
v 10.305000 3.963661 -0.265656
v 10.305000 3.957801 -0.273181
v 10.305000 3.953477 -0.281682
v 10.305000 3.950845 -0.290849
v 10.305000 3.950001 -0.300349
v 10.305000 3.950977 -0.309836
v 10.305000 3.947128 -0.305584
v 10.305000 3.942849 -0.301762
v 10.305000 3.938123 -0.298539
v 10.305000 3.933006 -0.296108
v 10.305000 3.927592 -0.294602
v 10.305000 3.921927 -0.294071
v 10.305000 3.916276 -0.294480
v 10.305000 3.910692 -0.295696
v 10.305000 3.905145 -0.297604
v 10.305000 3.899635 -0.300101
v 10.305000 3.888738 -0.306474
v 10.305000 3.877772 -0.314289
v 10.305000 3.866663 -0.323024
v 10.305000 3.843858 -0.341106
v 10.305000 3.832121 -0.349311
v 10.305000 3.820277 -0.356049
v 10.305000 3.814087 -0.358743
v 10.305000 3.807652 -0.360800
v 10.305000 3.801083 -0.361975
v 10.305000 3.794488 -0.362025
v 10.305000 3.788024 -0.360711
v 10.305000 3.782096 -0.357947
v 10.305000 3.776965 -0.353814
v 10.305000 3.772892 -0.348630
v 10.305000 3.769920 -0.342709
v 10.305000 3.768018 -0.336341
v 10.305000 3.767093 -0.329527
v 10.305000 3.767156 -0.322177
v 10.305000 3.768290 -0.314385
v 10.305000 3.770578 -0.306249
v 10.305000 3.774103 -0.297846
v 10.305000 3.778867 -0.289386
v 10.305000 3.784543 -0.281394
v 10.305000 3.790954 -0.273937
v 10.305000 3.797942 -0.267035
v 10.305000 3.805427 -0.260649
v 10.305000 3.813381 -0.254728
v 10.305000 3.821720 -0.249282
v 10.305000 3.830361 -0.244322
v 10.305000 3.839220 -0.239856
v 10.305000 3.857480 -0.232373
v 10.305000 3.866917 -0.229336
v 10.305000 3.876473 -0.226819
v 10.305000 3.886077 -0.224860
v 10.305000 3.895655 -0.223501
v 10.305000 3.905136 -0.222782
v 10.305000 3.914506 -0.222745
v 10.305000 3.923841 -0.223460
v 10.305000 3.933056 -0.225017
v 10.305000 3.942059 -0.227507
v 10.305000 3.950720 -0.231003
v 10.305000 3.958841 -0.235503
v 10.305000 3.966367 -0.241022
v 10.305000 3.973121 -0.247417
v 10.355000 3.950977 -0.309836
v 10.355000 3.946384 -0.304853
v 10.355000 3.941605 -0.300817
v 10.355000 3.936642 -0.297728
v 10.355000 3.931493 -0.295582
v 10.355000 3.926159 -0.294372
v 10.355000 3.920643 -0.294085
v 10.355000 3.914945 -0.294700
v 10.355000 3.909070 -0.296186
v 10.355000 3.903023 -0.298500
v 10.355000 3.896809 -0.301586
v 10.355000 3.890437 -0.305374
v 10.355000 3.883917 -0.309773
v 10.355000 3.870489 -0.319960
v 10.355000 3.856660 -0.331109
v 10.355000 3.842616 -0.342028
v 10.355000 3.828601 -0.351502
v 10.355000 3.821700 -0.355342
v 10.355000 3.814929 -0.358416
v 10.355000 3.808340 -0.360620
v 10.355000 3.801989 -0.361875
v 10.355000 3.795939 -0.362123
v 10.355000 3.790258 -0.361340
v 10.355000 3.785020 -0.359530
v 10.355000 3.780302 -0.356725
v 10.355000 3.776182 -0.352983
v 10.355000 3.772737 -0.348382
v 10.355000 3.770041 -0.343014
v 10.355000 3.768161 -0.336986
v 10.355000 3.767156 -0.330411
v 10.355000 3.767075 -0.323406
v 10.355000 3.767952 -0.316092
v 10.355000 3.769808 -0.308584
v 10.355000 3.772645 -0.300991
v 10.355000 3.776446 -0.293411
v 10.355000 3.781176 -0.285933
v 10.355000 3.786785 -0.278636
v 10.355000 3.793209 -0.271592
v 10.355000 3.800372 -0.264862
v 10.355000 3.808191 -0.258502
v 10.355000 3.816575 -0.252560
v 10.355000 3.825428 -0.247076
v 10.355000 3.834650 -0.242086
v 10.355000 3.844142 -0.237621
v 10.355000 3.853807 -0.233705
v 10.355000 3.863548 -0.230359
v 10.355000 3.873278 -0.227600
v 10.355000 3.882914 -0.225443
v 10.355000 3.892385 -0.223897
v 10.355000 3.901629 -0.222972
v 10.355000 3.910596 -0.222674
v 10.355000 3.919243 -0.223007
v 10.355000 3.927537 -0.223974
v 10.355000 3.935450 -0.225578
v 10.355000 3.942964 -0.227818
v 10.355000 3.950062 -0.230694
v 10.355000 3.956735 -0.234206
v 10.355000 3.962976 -0.238352
v 10.355000 3.968783 -0.243131
v 10.355000 3.974153 -0.248542
v 10.355000 3.979086 -0.254584
v 10.355000 3.970843 -0.259381
v 10.355000 3.963661 -0.265656
v 10.355000 3.957801 -0.273181
v 10.355000 3.953477 -0.281682
v 10.355000 3.950845 -0.290849
v 10.355000 3.950001 -0.300349
vt -0.106801 0.038002 0.000000
vt -0.098557 0.033205 0.000000
vt -0.100835 0.045168 0.000000
vt -0.094081 0.051564 0.000000
vt -0.091375 0.026929 0.000000
vt -0.086555 0.057083 0.000000
vt -0.078434 0.061582 0.000000
vt -0.069773 0.065078 0.000000
vt -0.085515 0.019405 0.000000
vt -0.060770 0.067569 0.000000
vt -0.051555 0.069126 0.000000
vt -0.042220 0.069841 0.000000
vt -0.032850 0.069804 0.000000
vt -0.043990 -0.001894 0.000000
vt -0.023369 0.069084 0.000000
vt -0.013791 0.067725 0.000000
vt -0.004187 0.065767 0.000000
vt -0.038406 -0.003110 0.000000
vt 0.005369 0.063249 0.000000
vt 0.014805 0.060213 0.000000
vt -0.032859 -0.005018 0.000000
vt 0.033066 0.052730 0.000000
vt -0.027349 -0.007515 0.000000
vt 0.041925 0.048264 0.000000
vt 0.050566 0.043303 0.000000
vt -0.016452 -0.013888 0.000000
vt 0.058905 0.037857 0.000000
vt 0.066859 0.031937 0.000000
vt 0.074344 0.025551 0.000000
vt -0.005486 -0.021704 0.000000
vt 0.081332 0.018649 0.000000
vt 0.087743 0.011191 0.000000
vt 0.005623 -0.030439 0.000000
vt 0.093419 0.003200 0.000000
vt 0.098183 -0.005260 0.000000
vt 0.101708 -0.013663 0.000000
vt 0.028428 -0.048520 0.000000
vt 0.103996 -0.021800 0.000000
vt 0.105130 -0.029591 0.000000
vt 0.105193 -0.036942 0.000000
vt 0.040165 -0.056726 0.000000
vt 0.104268 -0.043755 0.000000
vt 0.102366 -0.050123 0.000000
vt 0.052009 -0.063463 0.000000
vt 0.099394 -0.056044 0.000000
vt 0.058199 -0.066158 0.000000
vt 0.095321 -0.061228 0.000000
vt 0.064634 -0.068214 0.000000
vt 0.071203 -0.069389 0.000000
vt -0.049641 -0.001485 0.000000
vt -0.081191 0.010904 0.000000
vt -0.078559 0.001737 0.000000
vt -0.077715 -0.007763 0.000000
vt -0.065837 -0.005954 0.000000
vt -0.060720 -0.003522 0.000000
vt -0.055306 -0.002017 0.000000
vt -0.078691 -0.017251 0.000000
vt -0.074842 -0.012998 0.000000
vt -0.070563 -0.009177 0.000000
vt 0.077798 -0.069440 0.000000
vt 0.084262 -0.068126 0.000000
vt 0.090190 -0.065361 0.000000
vt -0.415033 0.100000 0.000000
vt -0.415033 0.050000 0.000000
vt -0.408548 0.100000 0.000000
vt -0.407261 0.050000 0.000000
vt -0.402063 0.100000 0.000000
vt -0.399306 0.050000 0.000000
vt -0.395579 0.100000 0.000000
vt -0.391232 0.050000 0.000000
vt -0.389094 0.100000 0.000000
vt -0.383231 0.050000 0.000000
vt -0.382609 0.100000 0.000000
vt -0.376124 0.100000 0.000000
vt -0.375324 0.050000 0.000000
vt -0.369639 0.100000 0.000000
vt -0.367643 0.050000 0.000000
vt -0.363154 0.100000 0.000000
vt -0.360228 0.050000 0.000000
vt -0.356669 0.100000 0.000000
vt -0.353085 0.050000 0.000000
vt -0.350184 0.100000 0.000000
vt -0.346209 0.050000 0.000000
vt -0.343699 0.100000 0.000000
vt -0.339488 0.050000 0.000000
vt -0.337215 0.100000 0.000000
vt -0.332880 0.050000 0.000000
vt -0.330730 0.100000 0.000000
vt -0.326386 0.050000 0.000000
vt -0.324245 0.100000 0.000000
vt -0.320002 0.050000 0.000000
vt -0.317760 0.100000 0.000000
vt -0.313724 0.050000 0.000000
vt -0.311275 0.100000 0.000000
vt -0.304790 0.100000 0.000000
vt -0.301446 0.050000 0.000000
vt -0.298305 0.100000 0.000000
vt -0.295317 0.050000 0.000000
vt -0.291820 0.100000 0.000000
vt -0.289141 0.050000 0.000000
vt -0.285335 0.100000 0.000000
vt -0.282912 0.050000 0.000000
vt -0.278850 0.100000 0.000000
vt -0.276615 0.050000 0.000000
vt -0.272366 0.100000 0.000000
vt -0.270235 0.050000 0.000000
vt -0.265881 0.100000 0.000000
vt -0.263692 0.050000 0.000000
vt -0.259396 0.100000 0.000000
vt -0.256920 0.050000 0.000000
vt -0.252911 0.100000 0.000000
vt -0.249900 0.050000 0.000000
vt -0.246426 0.100000 0.000000
vt -0.242626 0.050000 0.000000
vt -0.239941 0.100000 0.000000
vt -0.235454 0.050000 0.000000
vt -0.233456 0.100000 0.000000
vt -0.228457 0.050000 0.000000
vt -0.226971 0.100000 0.000000
vt -0.221593 0.050000 0.000000
vt -0.220486 0.100000 0.000000
vt -0.214839 0.050000 0.000000
vt -0.214002 0.100000 0.000000
vt -0.208176 0.050000 0.000000
vt -0.207517 0.100000 0.000000
vt -0.201378 0.050000 0.000000
vt -0.201032 0.100000 0.000000
vt -0.194224 0.050000 0.000000
vt -0.194547 0.100000 0.000000
vt -0.188062 0.100000 0.000000
vt -0.186747 0.050000 0.000000
vt -0.181577 0.100000 0.000000
vt -0.179019 0.050000 0.000000
vt -0.175092 0.100000 0.000000
vt -0.171301 0.050000 0.000000
vt -0.168607 0.100000 0.000000
vt -0.163736 0.050000 0.000000
vt -0.162122 0.100000 0.000000
vt -0.156587 0.050000 0.000000
vt -0.155637 0.100000 0.000000
vt -0.149842 0.050000 0.000000
vt -0.149153 0.100000 0.000000
vt -0.143485 0.050000 0.000000
vt -0.142668 0.100000 0.000000
vt -0.137534 0.050000 0.000000
vt -0.136183 0.100000 0.000000
vt -0.129698 0.100000 0.000000
vt -0.126424 0.050000 0.000000
vt -0.116728 0.100000 0.000000
vt -0.115584 0.050000 0.000000
vt -0.103758 0.100000 0.000000
vt -0.094409 0.050000 0.000000
vt -0.090789 0.100000 0.000000
vt -0.083812 0.050000 0.000000
vt -0.077819 0.100000 0.000000
vt -0.073037 0.050000 0.000000
vt -0.071334 0.100000 0.000000
vt -0.064849 0.100000 0.000000
vt -0.061920 0.050000 0.000000
vt -0.058364 0.100000 0.000000
vt -0.056109 0.050000 0.000000
vt -0.051879 0.100000 0.000000
vt -0.050109 0.050000 0.000000
vt -0.045394 0.100000 0.000000
vt -0.043898 0.050000 0.000000
vt -0.038909 0.100000 0.000000
vt -0.037418 0.050000 0.000000
vt -0.032424 0.100000 0.000000
vt -0.030704 0.050000 0.000000
vt -0.025940 0.100000 0.000000
vt -0.024058 0.050000 0.000000
vt -0.019455 0.100000 0.000000
vt -0.017545 0.050000 0.000000
vt -0.012970 0.100000 0.000000
vt -0.011306 0.050000 0.000000
vt -0.006485 0.100000 0.000000
vt -0.005451 0.050000 0.000000
vt 0.000000 0.100000 0.000000
vt 0.000000 0.050000 0.000000
vt 0.100000 -0.147179 0.000000
vt 0.050000 -0.147179 0.000000
vt 0.100000 -0.156731 0.000000
vt 0.050000 -0.156731 0.000000
vt 0.100000 -0.166283 0.000000
vt 0.050000 -0.166283 0.000000
vt 0.100000 -0.175835 0.000000
vt 0.050000 -0.175835 0.000000
vt 0.100000 -0.185387 0.000000
vt 0.050000 -0.185387 0.000000
vt 0.100000 -0.194939 0.000000
vt 0.050000 -0.194939 0.000000
vt 0.100000 -0.204490 0.000000
vt 0.050000 -0.204490 0.000000
vt 0.100000 -0.214042 0.000000
vt 0.050000 -0.214042 0.000000
vt 0.078691 -0.017251 0.000000
vt 0.077715 -0.007763 0.000000
vt 0.074098 -0.012268 0.000000
vt 0.069319 -0.008232 0.000000
vt 0.078559 0.001737 0.000000
vt 0.064356 -0.005142 0.000000
vt 0.059207 -0.002996 0.000000
vt 0.081191 0.010904 0.000000
vt 0.053873 -0.001786 0.000000
vt 0.048357 -0.001500 0.000000
vt 0.085515 0.019405 0.000000
vt 0.042659 -0.002115 0.000000
vt 0.029344 0.069614 0.000000
vt 0.020099 0.068689 0.000000
vt 0.091375 0.026929 0.000000
vt 0.063164 0.067008 0.000000
vt 0.055251 0.068611 0.000000
vt 0.046957 0.069579 0.000000
vt 0.098557 0.033205 0.000000
vt 0.096497 0.049455 0.000000
vt 0.090690 0.054234 0.000000
vt 0.084449 0.058380 0.000000
vt 0.106801 0.038002 0.000000
vt 0.101867 0.044044 0.000000
vt 0.077776 0.061892 0.000000
vt 0.070678 0.064768 0.000000
vt 0.038310 0.069912 0.000000
vt 0.010628 0.067143 0.000000
vt 0.000992 0.064986 0.000000
vt 0.036785 -0.003600 0.000000
vt -0.008738 0.062227 0.000000
vt -0.018479 0.058881 0.000000
vt -0.028144 0.054965 0.000000
vt 0.030737 -0.005914 0.000000
vt -0.037636 0.050500 0.000000
vt -0.046858 0.045510 0.000000
vt -0.055711 0.040026 0.000000
vt -0.064094 0.034083 0.000000
vt -0.071914 0.027723 0.000000
vt -0.079077 0.020994 0.000000
vt -0.085501 0.013950 0.000000
vt 0.024523 -0.009000 0.000000
vt 0.018151 -0.012788 0.000000
vt 0.011631 -0.017187 0.000000
vt -0.001797 -0.027374 0.000000
vt -0.091110 0.006653 0.000000
vt -0.095840 -0.000825 0.000000
vt -0.015626 -0.038523 0.000000
vt -0.099641 -0.008405 0.000000
vt -0.102478 -0.015999 0.000000
vt -0.104334 -0.023507 0.000000
vt -0.029670 -0.049442 0.000000
vt -0.105211 -0.030821 0.000000
vt -0.105130 -0.037825 0.000000
vt -0.043685 -0.058917 0.000000
vt -0.104125 -0.044400 0.000000
vt -0.102245 -0.050429 0.000000
vt -0.050586 -0.062756 0.000000
vt -0.099548 -0.055796 0.000000
vt -0.057357 -0.065830 0.000000
vt -0.096104 -0.060397 0.000000
vt -0.063946 -0.068035 0.000000
vt -0.091984 -0.064139 0.000000
vt -0.070297 -0.069289 0.000000
vt -0.087266 -0.066944 0.000000
vt -0.076347 -0.069537 0.000000
vt -0.082028 -0.068754 0.000000
vn -1.000000 -0.000000 -0.000000
vn -1.000000 -0.000000 -0.000000
vn -1.000000 -0.000000 -0.000000
vn -1.000000 -0.000000 -0.000000
vn -1.000000 -0.000000 -0.000000
vn -1.000000 -0.000000 -0.000000
vn -1.000000 -0.000000 -0.000000
vn -1.000000 -0.000000 -0.000000
vn -1.000000 -0.000000 -0.000000
vn -1.000000 -0.000000 -0.000000
vn -1.000000 -0.000000 -0.000000
vn -1.000000 -0.000000 -0.000000
vn -1.000000 -0.000000 -0.000000
vn -1.000000 -0.000000 -0.000000
vn -1.000000 -0.000000 -0.000000
vn -1.000000 -0.000000 -0.000000
vn -1.000000 -0.000000 -0.000000
vn -1.000000 -0.000000 -0.000000
vn -1.000000 -0.000000 -0.000000
vn -1.000000 -0.000000 -0.000000
vn -1.000000 -0.000000 -0.000000
vn -1.000000 -0.000000 -0.000000
vn -1.000000 -0.000000 -0.000000
vn -1.000000 -0.000000 -0.000000
vn -1.000000 -0.000000 -0.000000
vn -1.000000 -0.000000 -0.000000
vn -1.000000 -0.000000 -0.000000
vn -1.000000 -0.000000 -0.000000
vn -1.000000 -0.000000 -0.000000
vn -1.000000 -0.000000 -0.000000
vn -1.000000 -0.000000 -0.000000
vn -1.000000 -0.000000 -0.000000
vn -1.000000 -0.000000 -0.000000
vn -1.000000 -0.000000 -0.000000
vn -1.000000 -0.000000 -0.000000
vn -1.000000 -0.000000 -0.000000
vn -1.000000 -0.000000 -0.000000
vn -1.000000 -0.000000 -0.000000
vn -1.000000 -0.000000 -0.000000
vn -1.000000 -0.000000 -0.000000
vn -1.000000 -0.000000 -0.000000
vn -1.000000 -0.000000 -0.000000
vn -1.000000 -0.000000 -0.000000
vn -1.000000 -0.000000 -0.000000
vn -1.000000 -0.000000 -0.000000
vn -1.000000 -0.000000 -0.000000
vn -1.000000 -0.000000 -0.000000
vn -1.000000 -0.000000 -0.000000
vn -1.000000 -0.000000 -0.000000
vn -1.000000 -0.000000 -0.000000
vn -1.000000 -0.000000 -0.000000
vn -1.000000 -0.000000 -0.000000
vn -1.000000 -0.000000 -0.000000
vn -1.000000 -0.000000 -0.000000
vn -1.000000 -0.000000 -0.000000
vn -1.000000 -0.000000 -0.000000
vn -1.000000 -0.000000 -0.000000
vn -1.000000 -0.000000 -0.000000
vn -1.000000 -0.000000 -0.000000
vn -1.000000 -0.000000 -0.000000
vn -1.000000 -0.000000 -0.000000
vn -1.000000 -0.000000 -0.000000
vn -0.000000 0.803179 0.595737
vn -0.000000 0.803179 0.595737
vn -0.000000 0.743422 0.668823
vn -0.000000 0.730352 0.683070
vn -0.000000 0.673738 0.738970
vn -0.000000 0.641339 0.767257
vn -0.000000 0.595250 0.803540
vn -0.000000 0.538709 0.842492
vn -0.000000 0.510016 0.860165
vn -0.000000 0.429411 0.903109
vn -0.000000 0.420758 0.907173
vn -0.000000 0.330415 0.943836
vn -0.000000 0.319336 0.947642
vn -0.000000 0.241664 0.970360
vn -0.000000 0.215007 0.976612
vn -0.000000 0.156573 0.987666
vn -0.000000 0.119762 0.992803
vn -0.000000 0.076457 0.997073
vn -0.000000 0.034553 0.999403
vn -0.000000 0.001907 0.999998
vn 0.000000 -0.041013 0.999159
vn 0.000000 -0.067066 0.997749
vn 0.000000 -0.109052 0.994036
vn 0.000000 -0.130872 0.991399
vn 0.000000 -0.170970 0.985276
vn 0.000000 -0.190204 0.981745
vn 0.000000 -0.227869 0.973692
vn 0.000000 -0.245930 0.969288
vn 0.000000 -0.280885 0.959742
vn 0.000000 -0.298982 0.954259
vn 0.000000 -0.331052 0.943612
vn 0.000000 -0.350259 0.936653
vn 0.000000 -0.400581 0.916261
vn 0.000000 -0.426393 0.904538
vn 0.000000 -0.450659 0.892696
vn 0.000000 -0.473817 0.880623
vn 0.000000 -0.501070 0.865407
vn 0.000000 -0.522099 0.852885
vn 0.000000 -0.552244 0.833682
vn 0.000000 -0.571625 0.820515
vn 0.000000 -0.604435 0.796655
vn 0.000000 -0.622673 0.782482
vn 0.000000 -0.657676 0.753301
vn 0.000000 -0.675363 0.737486
vn 0.000000 -0.711717 0.702466
vn 0.000000 -0.730040 0.683404
vn 0.000000 -0.765943 0.642908
vn 0.000000 -0.786482 0.617613
vn 0.000000 -0.819279 0.573395
vn 0.000000 -0.843309 0.537430
vn 0.000000 -0.870115 0.492849
vn 0.000000 -0.897896 0.440207
vn 0.000000 -0.916277 0.400544
vn 0.000000 -0.944093 0.329679
vn 0.000000 -0.955092 0.296308
vn 0.000000 -0.978102 0.208126
vn 0.000000 -0.983542 0.180679
vn 0.000000 -0.997041 0.076868
vn 0.000000 -0.998504 0.054684
vn 0.000000 -0.998038 -0.062617
vn 0.000000 -0.996749 -0.080569
vn 0.000000 -0.977928 -0.208944
vn 0.000000 -0.974631 -0.223816
vn 0.000000 -0.930996 -0.365029
vn 0.000000 -0.927794 -0.373093
vn 0.000000 -0.846643 -0.532161
vn 0.000000 -0.851308 -0.524666
vn 0.000000 -0.740855 -0.671665
vn 0.000000 -0.714125 -0.700018
vn 0.000000 -0.595430 -0.803407
vn 0.000000 -0.529438 -0.848349
vn 0.000000 -0.420836 -0.907137
vn 0.000000 -0.310605 -0.950539
vn 0.000000 -0.231145 -0.972919
vn 0.000000 -0.090061 -0.995936
vn 0.000000 -0.045112 -0.998982
vn 0.000000 0.098460 -0.995141
vn 0.000000 0.121155 -0.992634
vn 0.000000 0.246158 -0.969230
vn 0.000000 0.259453 -0.965756
vn 0.000000 0.356614 -0.934252
vn 0.000000 0.368915 -0.929463
vn 0.000000 0.437204 -0.899362
vn 0.000000 0.452787 -0.891619
vn 0.000000 0.515610 -0.856824
vn 0.000000 0.540704 -0.841213
vn 0.000000 0.594066 -0.804416
vn 0.000000 0.598577 -0.801065
vn 0.000000 0.626771 -0.779204
vn 0.000000 0.627306 -0.778773
vn 0.000000 0.622395 -0.782703
vn 0.000000 0.604200 -0.796833
vn 0.000000 0.578271 -0.815845
vn 0.000000 0.549626 -0.835411
vn 0.000000 0.537493 -0.843268
vn 0.000000 0.480668 -0.876902
vn 0.000000 0.448824 -0.893620
vn 0.000000 0.404302 -0.914626
vn 0.000000 0.372482 -0.928039
vn 0.000000 0.304756 -0.952430
vn 0.000000 0.273163 -0.961968
vn 0.000000 0.179573 -0.983745
vn 0.000000 0.147056 -0.989128
vn 0.000000 0.030028 -0.999549
vn 0.000000 -0.007130 -0.999975
vn 0.000000 -0.136109 -0.990694
vn 0.000000 -0.181255 -0.983436
vn 0.000000 -0.304611 -0.952477
vn 0.000000 -0.351614 -0.936145
vn 0.000000 -0.459644 -0.888103
vn 0.000000 -0.500943 -0.865480
vn 0.000000 -0.590321 -0.807169
vn 0.000000 -0.619370 -0.785099
vn 0.000000 -0.693418 -0.720536
vn 0.000000 -0.707418 -0.706796
vn 0.000000 -0.771436 -0.636307
vn 0.000000 -0.771436 -0.636307
vn -0.000000 0.980459 0.196724
vn -0.000000 0.980459 0.196724
vn -0.000000 0.999976 0.006977
vn -0.000000 0.999976 0.006977
vn 0.000000 0.983108 -0.183024
vn 0.000000 0.983108 -0.183024
vn 0.000000 0.930471 -0.366366
vn 0.000000 0.930471 -0.366366
vn 0.000000 0.843978 -0.536378
vn 0.000000 0.843978 -0.536378
vn 0.000000 0.726777 -0.686873
vn 0.000000 0.726777 -0.686873
vn 0.000000 0.583133 -0.812377
vn 0.000000 0.583133 -0.812377
vn 0.000000 0.418271 -0.908322
vn 0.000000 0.418271 -0.908322
vn 1.000000 0.000000 0.000000
vn 1.000000 0.000000 0.000000
vn 1.000000 0.000000 0.000000
vn 1.000000 0.000000 0.000000
vn 1.000000 0.000000 0.000000
vn 1.000000 0.000000 0.000000
vn 1.000000 0.000000 0.000000
vn 1.000000 0.000000 0.000000
vn 1.000000 0.000000 0.000000
vn 1.000000 0.000000 0.000000
vn 1.000000 0.000000 0.000000
vn 1.000000 0.000000 0.000000
vn 1.000000 0.000000 0.000000
vn 1.000000 0.000000 0.000000
vn 1.000000 0.000000 0.000000
vn 1.000000 0.000000 0.000000
vn 1.000000 0.000000 0.000000
vn 1.000000 0.000000 0.000000
vn 1.000000 0.000000 0.000000
vn 1.000000 0.000000 0.000000
vn 1.000000 0.000000 0.000000
vn 1.000000 0.000000 0.000000
vn 1.000000 0.000000 0.000000
vn 1.000000 0.000000 0.000000
vn 1.000000 0.000000 0.000000
vn 1.000000 0.000000 0.000000
vn 1.000000 0.000000 0.000000
vn 1.000000 0.000000 0.000000
vn 1.000000 0.000000 0.000000
vn 1.000000 0.000000 0.000000
vn 1.000000 0.000000 0.000000
vn 1.000000 0.000000 0.000000
vn 1.000000 0.000000 0.000000
vn 1.000000 0.000000 0.000000
vn 1.000000 0.000000 0.000000
vn 1.000000 0.000000 0.000000
vn 1.000000 0.000000 0.000000
vn 1.000000 0.000000 0.000000
vn 1.000000 0.000000 0.000000
vn 1.000000 0.000000 0.000000
vn 1.000000 0.000000 0.000000
vn 1.000000 0.000000 0.000000
vn 1.000000 0.000000 0.000000
vn 1.000000 0.000000 0.000000
vn 1.000000 0.000000 0.000000
vn 1.000000 0.000000 0.000000
vn 1.000000 0.000000 0.000000
vn 1.000000 0.000000 0.000000
vn 1.000000 0.000000 0.000000
vn 1.000000 0.000000 0.000000
vn 1.000000 0.000000 0.000000
vn 1.000000 0.000000 0.000000
vn 1.000000 0.000000 0.000000
vn 1.000000 0.000000 0.000000
vn 1.000000 0.000000 0.000000
vn 1.000000 0.000000 0.000000
vn 1.000000 0.000000 0.000000
vn 1.000000 0.000000 0.000000
vn 1.000000 0.000000 0.000000
vn 1.000000 0.000000 0.000000
vn 1.000000 0.000000 0.000000
vn 1.000000 0.000000 0.000000
vn 1.000000 0.000000 0.000000
vn 1.000000 0.000000 0.000000
vn 1.000000 0.000000 0.000000
vn 1.000000 0.000000 0.000000
vn 1.000000 0.000000 0.000000
usemtl Paint_-_Metallic_(Red)
f 2159/3510/3154 2160/3511/3155 2220/3512/3156
f 2220/3512/3156 2160/3511/3155 2219/3513/3157
f 2219/3513/3157 2160/3511/3155 2161/3514/3158
f 2219/3513/3157 2161/3514/3158 2218/3515/3159
f 2218/3515/3159 2161/3514/3158 2217/3516/3160
f 2217/3516/3160 2161/3514/3158 2216/3517/3161
f 2216/3517/3161 2161/3514/3158 2162/3518/3162
f 2216/3517/3161 2162/3518/3162 2215/3519/3163
f 2215/3519/3163 2162/3518/3162 2214/3520/3164
f 2214/3520/3164 2162/3518/3162 2213/3521/3165
f 2213/3521/3165 2162/3518/3162 2212/3522/3166
f 2212/3522/3166 2162/3518/3162 2173/3523/3167
f 2212/3522/3166 2173/3523/3167 2211/3524/3168
f 2211/3524/3168 2173/3523/3167 2210/3525/3169
f 2210/3525/3169 2173/3523/3167 2209/3526/3170
f 2209/3526/3170 2173/3523/3167 2174/3527/3171
f 2209/3526/3170 2174/3527/3171 2208/3528/3172
f 2208/3528/3172 2174/3527/3171 2207/3529/3173
f 2207/3529/3173 2174/3527/3171 2175/3530/3174
f 2207/3529/3173 2175/3530/3174 2206/3531/3175
f 2206/3531/3175 2175/3530/3174 2176/3532/3176
f 2206/3531/3175 2176/3532/3176 2205/3533/3177
f 2205/3533/3177 2176/3532/3176 2204/3534/3178
f 2204/3534/3178 2176/3532/3176 2177/3535/3179
f 2204/3534/3178 2177/3535/3179 2203/3536/3180
f 2203/3536/3180 2177/3535/3179 2202/3537/3181
f 2202/3537/3181 2177/3535/3179 2201/3538/3182
f 2201/3538/3182 2177/3535/3179 2178/3539/3183
f 2201/3538/3182 2178/3539/3183 2200/3540/3184
f 2200/3540/3184 2178/3539/3183 2199/3541/3185
f 2199/3541/3185 2178/3539/3183 2179/3542/3186
f 2199/3541/3185 2179/3542/3186 2198/3543/3187
f 2198/3543/3187 2179/3542/3186 2197/3544/3188
f 2197/3544/3188 2179/3542/3186 2196/3545/3189
f 2196/3545/3189 2179/3542/3186 2180/3546/3190
f 2196/3545/3189 2180/3546/3190 2195/3547/3191
f 2195/3547/3191 2180/3546/3190 2194/3548/3192
f 2194/3548/3192 2180/3546/3190 2193/3549/3193
f 2193/3549/3193 2180/3546/3190 2181/3550/3194
f 2193/3549/3193 2181/3550/3194 2192/3551/3195
f 2192/3551/3195 2181/3550/3194 2191/3552/3196
f 2191/3552/3196 2181/3550/3194 2182/3553/3197
f 2191/3552/3196 2182/3553/3197 2190/3554/3198
f 2190/3554/3198 2182/3553/3197 2183/3555/3199
f 2190/3554/3198 2183/3555/3199 2189/3556/3200
f 2189/3556/3200 2183/3555/3199 2184/3557/3201
f 2189/3556/3200 2184/3557/3201 2185/3558/3202
f 2173/3523/3167 2162/3518/3162 2172/3559/3203
f 2172/3559/3203 2162/3518/3162 2163/3560/3204
f 2172/3559/3203 2163/3560/3204 2164/3561/3205
f 2165/3562/3206 2169/3563/3207 2164/3561/3205
f 2164/3561/3205 2169/3563/3207 2170/3564/3208
f 2164/3561/3205 2170/3564/3208 2171/3565/3209
f 2166/3566/3210 2167/3567/3211 2165/3562/3206
f 2165/3562/3206 2167/3567/3211 2168/3568/3212
f 2165/3562/3206 2168/3568/3212 2169/3563/3207
f 2171/3565/3209 2172/3559/3203 2164/3561/3205
f 2186/3569/3213 2187/3570/3214 2185/3558/3202
f 2185/3558/3202 2187/3570/3214 2188/3571/3215
f 2185/3558/3202 2188/3571/3215 2189/3556/3200
f 2281/3572/3216 2159/3573/3217 2280/3574/3218
f 2280/3574/3218 2159/3573/3217 2220/3575/3219
f 2280/3574/3218 2220/3575/3219 2279/3576/3220
f 2279/3576/3220 2220/3575/3219 2219/3577/3221
f 2279/3576/3220 2219/3577/3221 2278/3578/3222
f 2278/3578/3222 2219/3577/3221 2218/3579/3223
f 2278/3578/3222 2218/3579/3223 2277/3580/3224
f 2277/3580/3224 2218/3579/3223 2217/3581/3225
f 2277/3580/3224 2217/3581/3225 2276/3582/3226
f 2276/3582/3226 2217/3581/3225 2275/3583/3227
f 2275/3583/3227 2217/3581/3225 2216/3584/3228
f 2275/3583/3227 2216/3584/3228 2274/3585/3229
f 2274/3585/3229 2216/3584/3228 2215/3586/3230
f 2274/3585/3229 2215/3586/3230 2273/3587/3231
f 2273/3587/3231 2215/3586/3230 2214/3588/3232
f 2273/3587/3231 2214/3588/3232 2272/3589/3233
f 2272/3589/3233 2214/3588/3232 2213/3590/3234
f 2272/3589/3233 2213/3590/3234 2271/3591/3235
f 2271/3591/3235 2213/3590/3234 2212/3592/3236
f 2271/3591/3235 2212/3592/3236 2270/3593/3237
f 2270/3593/3237 2212/3592/3236 2211/3594/3238
f 2270/3593/3237 2211/3594/3238 2269/3595/3239
f 2269/3595/3239 2211/3594/3238 2210/3596/3240
f 2269/3595/3239 2210/3596/3240 2268/3597/3241
f 2268/3597/3241 2210/3596/3240 2209/3598/3242
f 2268/3597/3241 2209/3598/3242 2267/3599/3243
f 2267/3599/3243 2209/3598/3242 2208/3600/3244
f 2267/3599/3243 2208/3600/3244 2266/3601/3245
f 2266/3601/3245 2208/3600/3244 2207/3602/3246
f 2266/3601/3245 2207/3602/3246 2265/3603/3247
f 2265/3603/3247 2207/3602/3246 2264/3604/3248
f 2264/3604/3248 2207/3602/3246 2206/3605/3249
f 2264/3604/3248 2206/3605/3249 2263/3606/3250
f 2263/3606/3250 2206/3605/3249 2205/3607/3251
f 2263/3606/3250 2205/3607/3251 2262/3608/3252
f 2262/3608/3252 2205/3607/3251 2204/3609/3253
f 2262/3608/3252 2204/3609/3253 2261/3610/3254
f 2261/3610/3254 2204/3609/3253 2203/3611/3255
f 2261/3610/3254 2203/3611/3255 2260/3612/3256
f 2260/3612/3256 2203/3611/3255 2202/3613/3257
f 2260/3612/3256 2202/3613/3257 2259/3614/3258
f 2259/3614/3258 2202/3613/3257 2201/3615/3259
f 2259/3614/3258 2201/3615/3259 2258/3616/3260
f 2258/3616/3260 2201/3615/3259 2200/3617/3261
f 2258/3616/3260 2200/3617/3261 2257/3618/3262
f 2257/3618/3262 2200/3617/3261 2199/3619/3263
f 2257/3618/3262 2199/3619/3263 2256/3620/3264
f 2256/3620/3264 2199/3619/3263 2198/3621/3265
f 2256/3620/3264 2198/3621/3265 2255/3622/3266
f 2255/3622/3266 2198/3621/3265 2197/3623/3267
f 2255/3622/3266 2197/3623/3267 2254/3624/3268
f 2254/3624/3268 2197/3623/3267 2196/3625/3269
f 2254/3624/3268 2196/3625/3269 2253/3626/3270
f 2253/3626/3270 2196/3625/3269 2195/3627/3271
f 2253/3626/3270 2195/3627/3271 2252/3628/3272
f 2252/3628/3272 2195/3627/3271 2194/3629/3273
f 2252/3628/3272 2194/3629/3273 2251/3630/3274
f 2251/3630/3274 2194/3629/3273 2193/3631/3275
f 2251/3630/3274 2193/3631/3275 2250/3632/3276
f 2250/3632/3276 2193/3631/3275 2192/3633/3277
f 2250/3632/3276 2192/3633/3277 2249/3634/3278
f 2249/3634/3278 2192/3633/3277 2191/3635/3279
f 2249/3634/3278 2191/3635/3279 2248/3636/3280
f 2248/3636/3280 2191/3635/3279 2190/3637/3281
f 2248/3636/3280 2190/3637/3281 2247/3638/3282
f 2247/3638/3282 2190/3637/3281 2246/3639/3283
f 2246/3639/3283 2190/3637/3281 2189/3640/3284
f 2246/3639/3283 2189/3640/3284 2245/3641/3285
f 2245/3641/3285 2189/3640/3284 2188/3642/3286
f 2245/3641/3285 2188/3642/3286 2244/3643/3287
f 2244/3643/3287 2188/3642/3286 2187/3644/3288
f 2244/3643/3287 2187/3644/3288 2243/3645/3289
f 2243/3645/3289 2187/3644/3288 2186/3646/3290
f 2243/3645/3289 2186/3646/3290 2242/3647/3291
f 2242/3647/3291 2186/3646/3290 2185/3648/3292
f 2242/3647/3291 2185/3648/3292 2241/3649/3293
f 2241/3649/3293 2185/3648/3292 2184/3650/3294
f 2241/3649/3293 2184/3650/3294 2240/3651/3295
f 2240/3651/3295 2184/3650/3294 2183/3652/3296
f 2240/3651/3295 2183/3652/3296 2239/3653/3297
f 2239/3653/3297 2183/3652/3296 2182/3654/3298
f 2239/3653/3297 2182/3654/3298 2238/3655/3299
f 2238/3655/3299 2182/3654/3298 2237/3656/3300
f 2237/3656/3300 2182/3654/3298 2181/3657/3301
f 2237/3656/3300 2181/3657/3301 2236/3658/3302
f 2236/3658/3302 2181/3657/3301 2180/3659/3303
f 2236/3658/3302 2180/3659/3303 2235/3660/3304
f 2235/3660/3304 2180/3659/3303 2179/3661/3305
f 2235/3660/3304 2179/3661/3305 2234/3662/3306
f 2234/3662/3306 2179/3661/3305 2178/3663/3307
f 2234/3662/3306 2178/3663/3307 2233/3664/3308
f 2233/3664/3308 2178/3663/3307 2177/3665/3309
f 2233/3664/3308 2177/3665/3309 2232/3666/3310
f 2232/3666/3310 2177/3665/3309 2231/3667/3311
f 2231/3667/3311 2177/3665/3309 2176/3668/3312
f 2231/3667/3311 2176/3668/3312 2230/3669/3313
f 2230/3669/3313 2176/3668/3312 2175/3670/3314
f 2230/3669/3313 2175/3670/3314 2229/3671/3315
f 2229/3671/3315 2175/3670/3314 2174/3672/3316
f 2229/3671/3315 2174/3672/3316 2228/3673/3317
f 2228/3673/3317 2174/3672/3316 2173/3674/3318
f 2228/3673/3317 2173/3674/3318 2227/3675/3319
f 2227/3675/3319 2173/3674/3318 2172/3676/3320
f 2227/3675/3319 2172/3676/3320 2226/3677/3321
f 2226/3677/3321 2172/3676/3320 2171/3678/3322
f 2226/3677/3321 2171/3678/3322 2225/3679/3323
f 2225/3679/3323 2171/3678/3322 2170/3680/3324
f 2225/3679/3323 2170/3680/3324 2224/3681/3325
f 2224/3681/3325 2170/3680/3324 2169/3682/3326
f 2224/3681/3325 2169/3682/3326 2223/3683/3327
f 2223/3683/3327 2169/3682/3326 2168/3684/3328
f 2223/3683/3327 2168/3684/3328 2222/3685/3329
f 2222/3685/3329 2168/3684/3328 2167/3686/3330
f 2222/3685/3329 2167/3686/3330 2221/3687/3331
f 2221/3687/3331 2167/3686/3330 2166/3688/3332
f 2221/3689/3333 2166/3690/3334 2287/3691/3335
f 2287/3691/3335 2166/3690/3334 2165/3692/3336
f 2287/3691/3335 2165/3692/3336 2286/3693/3337
f 2286/3693/3337 2165/3692/3336 2164/3694/3338
f 2286/3693/3337 2164/3694/3338 2285/3695/3339
f 2285/3695/3339 2164/3694/3338 2163/3696/3340
f 2285/3695/3339 2163/3696/3340 2284/3697/3341
f 2284/3697/3341 2163/3696/3340 2162/3698/3342
f 2284/3697/3341 2162/3698/3342 2283/3699/3343
f 2283/3699/3343 2162/3698/3342 2161/3700/3344
f 2283/3699/3343 2161/3700/3344 2282/3701/3345
f 2282/3701/3345 2161/3700/3344 2160/3702/3346
f 2282/3701/3345 2160/3702/3346 2281/3703/3347
f 2281/3703/3347 2160/3702/3346 2159/3704/3348
f 2221/3705/3349 2287/3706/3350 2222/3707/3351
f 2222/3707/3351 2287/3706/3350 2223/3708/3352
f 2223/3708/3352 2287/3706/3350 2286/3709/3353
f 2223/3708/3352 2286/3709/3353 2224/3710/3354
f 2224/3710/3354 2286/3709/3353 2225/3711/3355
f 2225/3711/3355 2286/3709/3353 2285/3712/3356
f 2225/3711/3355 2285/3712/3356 2226/3713/3357
f 2226/3713/3357 2285/3712/3356 2227/3714/3358
f 2227/3714/3358 2285/3712/3356 2284/3715/3359
f 2227/3714/3358 2284/3715/3359 2228/3716/3360
f 2228/3716/3360 2284/3715/3359 2270/3717/3361
f 2228/3716/3360 2270/3717/3361 2269/3718/3362
f 2283/3719/3363 2274/3720/3364 2284/3715/3359
f 2284/3715/3359 2274/3720/3364 2273/3721/3365
f 2284/3715/3359 2273/3721/3365 2272/3722/3366
f 2282/3723/3367 2279/3724/3368 2283/3719/3363
f 2283/3719/3363 2279/3724/3368 2278/3725/3369
f 2283/3719/3363 2278/3725/3369 2277/3726/3370
f 2281/3727/3371 2280/3728/3372 2282/3723/3367
f 2282/3723/3367 2280/3728/3372 2279/3724/3368
f 2277/3726/3370 2276/3729/3373 2283/3719/3363
f 2283/3719/3363 2276/3729/3373 2275/3730/3374
f 2283/3719/3363 2275/3730/3374 2274/3720/3364
f 2272/3722/3366 2271/3731/3375 2284/3715/3359
f 2284/3715/3359 2271/3731/3375 2270/3717/3361
f 2269/3718/3362 2268/3732/3376 2228/3716/3360
f 2228/3716/3360 2268/3732/3376 2267/3733/3377
f 2228/3716/3360 2267/3733/3377 2229/3734/3378
f 2229/3734/3378 2267/3733/3377 2266/3735/3379
f 2229/3734/3378 2266/3735/3379 2265/3736/3380
f 2265/3736/3380 2264/3737/3381 2229/3734/3378
f 2229/3734/3378 2264/3737/3381 2230/3738/3382
f 2230/3738/3382 2264/3737/3381 2263/3739/3383
f 2230/3738/3382 2263/3739/3383 2262/3740/3384
f 2262/3740/3384 2261/3741/3385 2230/3738/3382
f 2230/3738/3382 2261/3741/3385 2260/3742/3386
f 2230/3738/3382 2260/3742/3386 2259/3743/3387
f 2259/3743/3387 2258/3744/3388 2230/3738/3382
f 2230/3738/3382 2258/3744/3388 2257/3745/3389
f 2230/3738/3382 2257/3745/3389 2231/3746/3390
f 2231/3746/3390 2257/3745/3389 2232/3747/3391
f 2232/3747/3391 2257/3745/3389 2233/3748/3392
f 2233/3748/3392 2257/3745/3389 2234/3749/3393
f 2234/3749/3393 2257/3745/3389 2256/3750/3394
f 2234/3749/3393 2256/3750/3394 2255/3751/3395
f 2234/3749/3393 2255/3751/3395 2235/3752/3396
f 2235/3752/3396 2255/3751/3395 2254/3753/3397
f 2235/3752/3396 2254/3753/3397 2253/3754/3398
f 2253/3754/3398 2252/3755/3399 2235/3752/3396
f 2235/3752/3396 2252/3755/3399 2236/3756/3400
f 2236/3756/3400 2252/3755/3399 2251/3757/3401
f 2236/3756/3400 2251/3757/3401 2250/3758/3402
f 2236/3756/3400 2250/3758/3402 2237/3759/3403
f 2237/3759/3403 2250/3758/3402 2249/3760/3404
f 2237/3759/3403 2249/3760/3404 2248/3761/3405
f 2237/3759/3403 2248/3761/3405 2238/3762/3406
f 2238/3762/3406 2248/3761/3405 2247/3763/3407
f 2238/3762/3406 2247/3763/3407 2239/3764/3408
f 2239/3764/3408 2247/3763/3407 2246/3765/3409
f 2239/3764/3408 2246/3765/3409 2240/3766/3410
f 2240/3766/3410 2246/3765/3409 2245/3767/3411
f 2240/3766/3410 2245/3767/3411 2241/3768/3412
f 2241/3768/3412 2245/3767/3411 2244/3769/3413
f 2241/3768/3412 2244/3769/3413 2242/3770/3414
f 2242/3770/3414 2244/3769/3413 2243/3771/3415
g Body10

v 10.305000 6.085212 -0.304596
v 10.305000 6.074438 -0.302628
v 10.305000 6.064129 -0.299198
v 10.305000 6.054340 -0.294234
v 10.305000 6.045403 -0.287900
v 10.305000 6.037417 -0.280409
v 10.305000 6.030344 -0.271926
v 10.305000 6.024177 -0.262673
v 10.305000 6.018879 -0.252857
v 10.305000 6.014406 -0.242681
v 10.305000 6.010655 -0.232167
v 10.305000 6.007539 -0.221197
v 10.305000 6.005079 -0.209885
v 10.305000 6.003299 -0.198348
v 10.305000 6.002225 -0.186702
v 10.305000 6.001880 -0.175065
v 10.305000 6.002286 -0.163590
v 10.305000 6.003456 -0.152391
v 10.305000 6.005406 -0.141561
v 10.305000 6.008151 -0.131194
v 10.305000 6.011696 -0.121400
v 10.305000 6.015933 -0.112498
v 10.305000 6.020769 -0.104588
v 10.305000 6.026140 -0.097686
v 10.305000 6.031933 -0.091845
v 10.305000 6.037954 -0.087145
v 10.305000 6.044090 -0.083546
v 10.305000 6.050244 -0.081004
v 10.305000 6.056347 -0.079485
v 10.305000 6.062309 -0.078980
v 10.305000 6.068148 -0.079510
v 10.305000 6.073774 -0.081162
v 10.305000 6.078893 -0.083938
v 10.305000 6.083326 -0.087767
v 10.305000 6.086890 -0.092407
v 10.305000 6.089606 -0.097642
v 10.305000 6.091546 -0.103258
v 10.305000 6.092826 -0.109073
v 10.305000 6.093573 -0.115002
v 10.305000 6.093862 -0.127484
v 10.305000 6.092949 -0.140442
v 10.305000 6.091283 -0.153578
v 10.305000 6.087234 -0.179844
v 10.305000 6.085620 -0.192546
v 10.305000 6.084792 -0.204675
v 10.305000 6.085135 -0.216018
v 10.305000 6.085888 -0.221442
v 10.305000 6.087159 -0.226775
v 10.305000 6.089053 -0.231904
v 10.305000 6.091645 -0.236672
v 10.305000 6.094931 -0.240905
v 10.305000 6.098934 -0.244566
v 10.305000 6.103478 -0.247526
v 10.305000 6.108426 -0.249811
v 10.305000 6.113646 -0.251485
v 10.305000 6.119007 -0.252627
v 10.305000 6.110303 -0.256525
v 10.305000 6.102497 -0.262006
v 10.305000 6.095874 -0.268869
v 10.305000 6.090675 -0.276864
v 10.305000 6.087088 -0.285701
v 10.305000 6.085245 -0.295059
v 10.355000 6.085212 -0.304596
v 10.355000 6.077512 -0.303345
v 10.355000 6.070141 -0.301399
v 10.355000 6.063099 -0.298760
v 10.355000 6.056388 -0.295428
v 10.355000 6.050010 -0.291405
v 10.355000 6.043970 -0.286696
v 10.355000 6.038274 -0.281309
v 10.355000 6.032928 -0.275258
v 10.355000 6.027944 -0.268559
v 10.355000 6.023332 -0.261237
v 10.355000 6.019107 -0.253323
v 10.355000 6.015285 -0.244854
v 10.355000 6.011888 -0.235879
v 10.355000 6.008939 -0.226455
v 10.355000 6.006463 -0.216650
v 10.355000 6.004490 -0.206540
v 10.355000 6.003049 -0.196213
v 10.355000 6.002170 -0.185760
v 10.355000 6.001880 -0.175278
v 10.355000 6.002203 -0.164870
v 10.355000 6.003158 -0.154638
v 10.355000 6.004756 -0.144686
v 10.355000 6.007002 -0.135117
v 10.355000 6.009891 -0.126032
v 10.355000 6.013405 -0.117527
v 10.355000 6.017516 -0.109691
v 10.355000 6.022181 -0.102609
v 10.355000 6.027338 -0.096356
v 10.355000 6.032912 -0.090994
v 10.355000 6.038808 -0.086577
v 10.355000 6.044914 -0.083146
v 10.355000 6.051111 -0.080729
v 10.355000 6.057272 -0.079343
v 10.355000 6.063269 -0.078994
v 10.355000 6.068975 -0.079676
v 10.355000 6.074276 -0.081373
v 10.355000 6.079064 -0.084057
v 10.355000 6.083251 -0.087688
v 10.355000 6.086769 -0.092216
v 10.355000 6.089579 -0.097580
v 10.355000 6.091669 -0.103707
v 10.355000 6.093054 -0.110516
v 10.355000 6.093777 -0.117917
v 10.355000 6.093903 -0.125813
v 10.355000 6.092705 -0.142687
v 10.355000 6.090271 -0.160310
v 10.355000 6.087530 -0.177861
v 10.355000 6.085422 -0.194583
v 10.355000 6.084872 -0.202429
v 10.355000 6.084778 -0.209841
v 10.355000 6.085212 -0.216765
v 10.355000 6.086232 -0.223160
v 10.355000 6.087883 -0.228990
v 10.355000 6.090199 -0.234232
v 10.355000 6.093206 -0.238866
v 10.355000 6.096920 -0.242880
v 10.355000 6.101353 -0.246266
v 10.355000 6.106510 -0.249020
v 10.355000 6.112395 -0.251140
v 10.355000 6.119007 -0.252627
v 10.355000 6.110303 -0.256525
v 10.355000 6.102497 -0.262006
v 10.355000 6.095874 -0.268869
v 10.355000 6.090675 -0.276864
v 10.355000 6.087088 -0.285701
v 10.355000 6.085245 -0.295059
vt -0.025082 -0.113586 0.000000
vt -0.014309 -0.111618 0.000000
vt -0.025115 -0.104049 0.000000
vt -0.026959 -0.094691 0.000000
vt -0.004000 -0.108188 0.000000
vt -0.028924 -0.040894 0.000000
vt -0.027030 -0.035765 0.000000
vt 0.005789 -0.103223 0.000000
vt -0.025758 -0.030431 0.000000
vt 0.014727 -0.096889 0.000000
vt -0.025006 -0.025007 0.000000
vt 0.022713 -0.089399 0.000000
vt 0.029786 -0.080915 0.000000
vt -0.024663 -0.013665 0.000000
vt 0.035952 -0.071662 0.000000
vt 0.041250 -0.061847 0.000000
vt 0.045724 -0.051671 0.000000
vt 0.049474 -0.041157 0.000000
vt 0.052591 -0.030187 0.000000
vt -0.025491 -0.001536 0.000000
vt 0.055051 -0.018875 0.000000
vt 0.056830 -0.007337 0.000000
vt 0.057904 0.004309 0.000000
vt 0.058249 0.015945 0.000000
vt 0.057843 0.027421 0.000000
vt 0.056673 0.038620 0.000000
vt 0.054723 0.049449 0.000000
vt 0.051979 0.059816 0.000000
vt 0.048433 0.069610 0.000000
vt 0.044197 0.078512 0.000000
vt 0.039360 0.086422 0.000000
vt 0.033990 0.093325 0.000000
vt -0.027105 0.011166 0.000000
vt 0.028196 0.099165 0.000000
vt 0.022175 0.103866 0.000000
vt 0.016039 0.107464 0.000000
vt 0.009885 0.110006 0.000000
vt -0.031154 0.037432 0.000000
vt 0.003783 0.111525 0.000000
vt -0.002179 0.112030 0.000000
vt -0.008019 0.111501 0.000000
vt -0.032819 0.050569 0.000000
vt -0.013645 0.109849 0.000000
vt -0.018764 0.107072 0.000000
vt -0.033733 0.063527 0.000000
vt -0.023196 0.103243 0.000000
vt -0.033444 0.076008 0.000000
vt -0.032697 0.081937 0.000000
vt -0.031417 0.087753 0.000000
vt -0.026761 0.098604 0.000000
vt -0.029476 0.093369 0.000000
vt -0.030545 -0.085854 0.000000
vt -0.031515 -0.045661 0.000000
vt -0.035745 -0.077858 0.000000
vt -0.034801 -0.049895 0.000000
vt -0.038805 -0.053556 0.000000
vt -0.042368 -0.070995 0.000000
vt -0.043348 -0.056515 0.000000
vt -0.048297 -0.058801 0.000000
vt -0.050173 -0.065515 0.000000
vt -0.053517 -0.060475 0.000000
vt -0.058877 -0.061616 0.000000
vt 0.000000 0.050000 0.000000
vt 0.005203 0.050000 0.000000
vt 0.000000 0.100000 0.000000
vt 0.006487 0.100000 0.000000
vt 0.010772 0.050000 0.000000
vt 0.012974 0.100000 0.000000
vt 0.016677 0.050000 0.000000
vt 0.019461 0.100000 0.000000
vt 0.022868 0.050000 0.000000
vt 0.025948 0.100000 0.000000
vt 0.029266 0.050000 0.000000
vt 0.032435 0.100000 0.000000
vt 0.035615 0.050000 0.000000
vt 0.038922 0.100000 0.000000
vt 0.041895 0.050000 0.000000
vt 0.045409 0.100000 0.000000
vt 0.047950 0.050000 0.000000
vt 0.051896 0.100000 0.000000
vt 0.053695 0.050000 0.000000
vt 0.058383 0.100000 0.000000
vt 0.059108 0.050000 0.000000
vt 0.064871 0.100000 0.000000
vt 0.069433 0.050000 0.000000
vt 0.071358 0.100000 0.000000
vt 0.079478 0.050000 0.000000
vt 0.077845 0.100000 0.000000
vt 0.090819 0.100000 0.000000
vt 0.089323 0.050000 0.000000
vt 0.103793 0.100000 0.000000
vt 0.108723 0.050000 0.000000
vt 0.116767 0.100000 0.000000
vt 0.118448 0.050000 0.000000
vt 0.129741 0.100000 0.000000
vt 0.128412 0.050000 0.000000
vt 0.136228 0.100000 0.000000
vt 0.138727 0.050000 0.000000
vt 0.142715 0.100000 0.000000
vt 0.144041 0.050000 0.000000
vt 0.149202 0.100000 0.000000
vt 0.149653 0.050000 0.000000
vt 0.155689 0.100000 0.000000
vt 0.155620 0.050000 0.000000
vt 0.161928 0.050000 0.000000
vt 0.162176 0.100000 0.000000
vt 0.168538 0.050000 0.000000
vt 0.168663 0.100000 0.000000
vt 0.175150 0.100000 0.000000
vt 0.175396 0.050000 0.000000
vt 0.181638 0.100000 0.000000
vt 0.182277 0.050000 0.000000
vt 0.188125 0.100000 0.000000
vt 0.189091 0.050000 0.000000
vt 0.194612 0.100000 0.000000
vt 0.195668 0.050000 0.000000
vt 0.201099 0.100000 0.000000
vt 0.202081 0.050000 0.000000
vt 0.207586 0.100000 0.000000
vt 0.208493 0.050000 0.000000
vt 0.214073 0.100000 0.000000
vt 0.214940 0.050000 0.000000
vt 0.220560 0.100000 0.000000
vt 0.221481 0.050000 0.000000
vt 0.227047 0.100000 0.000000
vt 0.228157 0.050000 0.000000
vt 0.233534 0.100000 0.000000
vt 0.234992 0.050000 0.000000
vt 0.240021 0.100000 0.000000
vt 0.241909 0.050000 0.000000
vt 0.246508 0.100000 0.000000
vt 0.248901 0.050000 0.000000
vt 0.252995 0.100000 0.000000
vt 0.256009 0.050000 0.000000
vt 0.259482 0.100000 0.000000
vt 0.263214 0.050000 0.000000
vt 0.265969 0.100000 0.000000
vt 0.270370 0.050000 0.000000
vt 0.272456 0.100000 0.000000
vt 0.277497 0.050000 0.000000
vt 0.278943 0.100000 0.000000
vt 0.284626 0.050000 0.000000
vt 0.285430 0.100000 0.000000
vt 0.291786 0.050000 0.000000
vt 0.291917 0.100000 0.000000
vt 0.298405 0.100000 0.000000
vt 0.298988 0.050000 0.000000
vt 0.304892 0.100000 0.000000
vt 0.306224 0.050000 0.000000
vt 0.311379 0.100000 0.000000
vt 0.313506 0.050000 0.000000
vt 0.317866 0.100000 0.000000
vt 0.320846 0.050000 0.000000
vt 0.324353 0.100000 0.000000
vt 0.328250 0.050000 0.000000
vt 0.330840 0.100000 0.000000
vt 0.335724 0.050000 0.000000
vt 0.337327 0.100000 0.000000
vt 0.343447 0.050000 0.000000
vt 0.343814 0.100000 0.000000
vt 0.350301 0.100000 0.000000
vt 0.351532 0.050000 0.000000
vt 0.356788 0.100000 0.000000
vt 0.359971 0.050000 0.000000
vt 0.363275 0.100000 0.000000
vt 0.368751 0.050000 0.000000
vt 0.369762 0.100000 0.000000
vt 0.376249 0.100000 0.000000
vt 0.377821 0.050000 0.000000
vt 0.382736 0.100000 0.000000
vt 0.387177 0.050000 0.000000
vt 0.389223 0.100000 0.000000
vt 0.396679 0.050000 0.000000
vt 0.395710 0.100000 0.000000
vt 0.402197 0.100000 0.000000
vt 0.406014 0.050000 0.000000
vt 0.408684 0.100000 0.000000
vt 0.415172 0.050000 0.000000
vt 0.415172 0.100000 0.000000
vt 0.100000 -0.152477 0.000000
vt 0.050000 -0.152477 0.000000
vt 0.100000 -0.162029 0.000000
vt 0.050000 -0.162029 0.000000
vt 0.100000 -0.171581 0.000000
vt 0.050000 -0.171581 0.000000
vt 0.100000 -0.181133 0.000000
vt 0.050000 -0.181133 0.000000
vt 0.100000 -0.190684 0.000000
vt 0.050000 -0.190684 0.000000
vt 0.100000 -0.200236 0.000000
vt 0.050000 -0.200236 0.000000
vt 0.100000 -0.209788 0.000000
vt 0.050000 -0.209788 0.000000
vt 0.100000 -0.219340 0.000000
vt 0.050000 -0.219340 0.000000
vt 0.058877 -0.061616 0.000000
vt 0.052266 -0.060130 0.000000
vt 0.050173 -0.065515 0.000000
vt 0.046381 -0.058010 0.000000
vt 0.042368 -0.070995 0.000000
vt 0.041224 -0.055256 0.000000
vt 0.035745 -0.077858 0.000000
vt 0.036791 -0.051870 0.000000
vt 0.033076 -0.047856 0.000000
vt 0.030545 -0.085854 0.000000
vt 0.030070 -0.043222 0.000000
vt 0.027754 -0.037980 0.000000
vt 0.026103 -0.032149 0.000000
vt -0.003742 -0.104418 0.000000
vt 0.002970 -0.107750 0.000000
vt 0.026959 -0.094691 0.000000
vt 0.010012 -0.110389 0.000000
vt 0.025115 -0.104049 0.000000
vt 0.017383 -0.112334 0.000000
vt 0.025082 -0.113586 0.000000
vt 0.025083 -0.025755 0.000000
vt -0.016159 -0.095686 0.000000
vt -0.010119 -0.100395 0.000000
vt 0.024649 -0.018830 0.000000
vt -0.027201 -0.084248 0.000000
vt -0.021856 -0.090299 0.000000
vt 0.024743 -0.011418 0.000000
vt -0.041023 -0.062312 0.000000
vt -0.036798 -0.070227 0.000000
vt -0.032186 -0.077549 0.000000
vt 0.025293 -0.003573 0.000000
vt -0.051191 -0.035445 0.000000
vt -0.048241 -0.044869 0.000000
vt -0.044844 -0.053844 0.000000
vt 0.027401 0.013150 0.000000
vt -0.037949 0.088401 0.000000
vt -0.042613 0.081319 0.000000
vt -0.046724 0.073484 0.000000
vt 0.030142 0.030701 0.000000
vt -0.009018 0.110282 0.000000
vt -0.015215 0.107864 0.000000
vt -0.021322 0.104433 0.000000
vt 0.032576 0.048323 0.000000
vt 0.003139 0.112016 0.000000
vt -0.002857 0.111668 0.000000
vt 0.033773 0.065197 0.000000
vt 0.014146 0.109637 0.000000
vt 0.008846 0.111334 0.000000
vt 0.018935 0.106953 0.000000
vt 0.033648 0.073094 0.000000
vt 0.023122 0.103322 0.000000
vt 0.032924 0.080495 0.000000
vt 0.026640 0.098794 0.000000
vt 0.031539 0.087303 0.000000
vt 0.029450 0.093431 0.000000
vt -0.027217 0.100016 0.000000
vt -0.032791 0.094655 0.000000
vt -0.050239 0.064978 0.000000
vt -0.053127 0.055893 0.000000
vt -0.055374 0.046324 0.000000
vt -0.056972 0.036373 0.000000
vt -0.057926 0.026141 0.000000
vt -0.058249 0.015732 0.000000
vt -0.057959 0.005251 0.000000
vt -0.057080 -0.005203 0.000000
vt -0.055640 -0.015530 0.000000
vt -0.053667 -0.025639 0.000000
vn -1.000000 -0.000000 -0.000000
vn -1.000000 -0.000000 -0.000000
vn -1.000000 -0.000000 -0.000000
vn -1.000000 -0.000000 -0.000000
vn -1.000000 -0.000000 -0.000000
vn -1.000000 -0.000000 -0.000000
vn -1.000000 -0.000000 -0.000000
vn -1.000000 -0.000000 -0.000000
vn -1.000000 -0.000000 -0.000000
vn -1.000000 -0.000000 -0.000000
vn -1.000000 -0.000000 -0.000000
vn -1.000000 -0.000000 -0.000000
vn -1.000000 -0.000000 -0.000000
vn -1.000000 -0.000000 -0.000000
vn -1.000000 -0.000000 -0.000000
vn -1.000000 -0.000000 -0.000000
vn -1.000000 -0.000000 -0.000000
vn -1.000000 -0.000000 -0.000000
vn -1.000000 -0.000000 -0.000000
vn -1.000000 -0.000000 -0.000000
vn -1.000000 -0.000000 -0.000000
vn -1.000000 -0.000000 -0.000000
vn -1.000000 -0.000000 -0.000000
vn -1.000000 -0.000000 -0.000000
vn -1.000000 -0.000000 -0.000000
vn -1.000000 -0.000000 -0.000000
vn -1.000000 -0.000000 -0.000000
vn -1.000000 -0.000000 -0.000000
vn -1.000000 -0.000000 -0.000000
vn -1.000000 -0.000000 -0.000000
vn -1.000000 -0.000000 -0.000000
vn -1.000000 -0.000000 -0.000000
vn -1.000000 -0.000000 -0.000000
vn -1.000000 -0.000000 -0.000000
vn -1.000000 -0.000000 -0.000000
vn -1.000000 -0.000000 -0.000000
vn -1.000000 -0.000000 -0.000000
vn -1.000000 -0.000000 -0.000000
vn -1.000000 -0.000000 -0.000000
vn -1.000000 -0.000000 -0.000000
vn -1.000000 -0.000000 -0.000000
vn -1.000000 -0.000000 -0.000000
vn -1.000000 -0.000000 -0.000000
vn -1.000000 -0.000000 -0.000000
vn -1.000000 -0.000000 -0.000000
vn -1.000000 -0.000000 -0.000000
vn -1.000000 -0.000000 -0.000000
vn -1.000000 -0.000000 -0.000000
vn -1.000000 -0.000000 -0.000000
vn -1.000000 -0.000000 -0.000000
vn -1.000000 -0.000000 -0.000000
vn -1.000000 -0.000000 -0.000000
vn -1.000000 -0.000000 -0.000000
vn -1.000000 -0.000000 -0.000000
vn -1.000000 -0.000000 -0.000000
vn -1.000000 -0.000000 -0.000000
vn -1.000000 -0.000000 -0.000000
vn -1.000000 -0.000000 -0.000000
vn -1.000000 -0.000000 -0.000000
vn -1.000000 -0.000000 -0.000000
vn -1.000000 -0.000000 -0.000000
vn -1.000000 -0.000000 -0.000000
vn -0.000000 0.165340 0.986237
vn -0.000000 0.253871 0.967238
vn -0.000000 0.165340 0.986237
vn -0.000000 0.277294 0.960785
vn -0.000000 0.359507 0.933142
vn -0.000000 0.403868 0.914817
vn -0.000000 0.480678 0.876897
vn -0.000000 0.539298 0.842115
vn -0.000000 0.610432 0.792068
vn -0.000000 0.672564 0.740039
vn -0.000000 0.735397 0.677637
vn -0.000000 0.789911 0.613221
vn -0.000000 0.838098 0.545520
vn -0.000000 0.880649 0.473769
vn -0.000000 0.912206 0.409732
vn -0.000000 0.941734 0.336358
vn -0.000000 0.958309 0.285735
vn -0.000000 0.977207 0.212289
vn -0.000000 0.983459 0.181131
vn -0.000000 0.994240 0.107177
vn -0.000000 0.995314 0.096694
vn -0.000000 0.999754 0.022180
vn 0.000000 0.999659 -0.026131
vn 0.000000 0.999038 -0.043849
vn 0.000000 0.994703 -0.102789
vn 0.000000 0.995678 -0.092875
vn 0.000000 0.989038 -0.147659
vn 0.000000 0.989579 -0.143994
vn 0.000000 0.988196 -0.153198
vn 0.000000 0.989684 -0.143265
vn 0.000000 0.993678 -0.112268
vn 0.000000 0.994647 -0.103330
vn 0.000000 0.999836 -0.018119
vn 0.000000 0.999531 -0.030621
vn -0.000000 0.998558 0.053684
vn -0.000000 0.996253 0.086485
vn -0.000000 0.989396 0.145242
vn -0.000000 0.986030 0.166568
vn -0.000000 0.966096 0.258185
vn -0.000000 0.963743 0.266832
vn -0.000000 0.920223 0.391393
vn -0.000000 0.920871 0.389868
vn -0.000000 0.846241 0.532800
vn -0.000000 0.842588 0.538559
vn -0.000000 0.729610 0.683864
vn -0.000000 0.727000 0.686637
vn -0.000000 0.575186 0.818023
vn -0.000000 0.568857 0.822436
vn -0.000000 0.398056 0.917361
vn -0.000000 0.379801 0.925068
vn -0.000000 0.211251 0.977432
vn -0.000000 0.183499 0.983020
vn -0.000000 0.028721 0.999587
vn -0.000000 0.000087 1.000000
vn 0.000000 -0.140788 0.990040
vn 0.000000 -0.165030 0.986289
vn 0.000000 -0.293485 0.955964
vn 0.000000 -0.313432 0.949611
vn 0.000000 -0.428600 0.903494
vn 0.000000 -0.445350 0.895356
vn 0.000000 -0.546610 0.837388
vn 0.000000 -0.562025 0.827120
vn 0.000000 -0.648243 0.761433
vn 0.000000 -0.664036 0.747700
vn 0.000000 -0.734157 0.678980
vn 0.000000 -0.751366 0.659885
vn 0.000000 -0.805020 0.593247
vn 0.000000 -0.822954 0.568108
vn 0.000000 -0.861877 0.507117
vn 0.000000 -0.879602 0.475710
vn 0.000000 -0.906214 0.422819
vn 0.000000 -0.923031 0.384726
vn 0.000000 -0.939746 0.341872
vn 0.000000 -0.954822 0.297177
vn 0.000000 -0.964212 0.265132
vn 0.000000 -0.976471 0.215649
vn 0.000000 -0.981216 0.192913
vn 0.000000 -0.990169 0.139873
vn 0.000000 -0.992141 0.125128
vn 0.000000 -0.997609 0.069109
vn 0.000000 -0.998112 0.061416
vn 0.000000 -0.999997 0.002429
vn 0.000000 -0.999999 0.001236
vn 0.000000 -0.998427 -0.056066
vn 0.000000 -0.998132 -0.061100
vn 0.000000 -0.993796 -0.111217
vn 0.000000 -0.992487 -0.122348
vn 0.000000 -0.986295 -0.164994
vn 0.000000 -0.983212 -0.182469
vn 0.000000 -0.975903 -0.218203
vn 0.000000 -0.970106 -0.242682
vn 0.000000 -0.962393 -0.271662
vn 0.000000 -0.952599 -0.304228
vn 0.000000 -0.945318 -0.326151
vn 0.000000 -0.929716 -0.368278
vn 0.000000 -0.924013 -0.382361
vn 0.000000 -0.899257 -0.437420
vn 0.000000 -0.897609 -0.440793
vn 0.000000 -0.865070 -0.501650
vn 0.000000 -0.858113 -0.513461
vn 0.000000 -0.825262 -0.564750
vn 0.000000 -0.802724 -0.596351
vn 0.000000 -0.777057 -0.629430
vn 0.000000 -0.729136 -0.684369
vn 0.000000 -0.719524 -0.694467
vn 0.000000 -0.652178 -0.758066
vn 0.000000 -0.634389 -0.773014
vn 0.000000 -0.575256 -0.817973
vn 0.000000 -0.517632 -0.855603
vn 0.000000 -0.489917 -0.871769
vn 0.000000 -0.384205 -0.923248
vn 0.000000 -0.398261 -0.917272
vn 0.000000 -0.303098 -0.952959
vn 0.000000 -0.246717 -0.969088
vn 0.000000 -0.207507 -0.978234
vn 0.000000 -0.114334 -0.993442
vn 0.000000 -0.114334 -0.993442
vn -0.000000 0.995766 0.091928
vn -0.000000 0.995766 0.091928
vn 0.000000 0.995105 -0.098820
vn 0.000000 0.995105 -0.098820
vn 0.000000 0.958238 -0.285971
vn 0.000000 0.958238 -0.285971
vn 0.000000 0.886506 -0.462718
vn 0.000000 0.886506 -0.462718
vn 0.000000 0.782518 -0.622628
vn 0.000000 0.782518 -0.622628
vn 0.000000 0.650058 -0.759885
vn 0.000000 0.650058 -0.759885
vn 0.000000 0.493946 -0.869493
vn 0.000000 0.493946 -0.869493
vn 0.000000 0.319861 -0.947464
vn 0.000000 0.319861 -0.947464
vn 1.000000 0.000000 0.000000
vn 1.000000 0.000000 0.000000
vn 1.000000 0.000000 0.000000
vn 1.000000 0.000000 0.000000
vn 1.000000 0.000000 0.000000
vn 1.000000 0.000000 0.000000
vn 1.000000 0.000000 0.000000
vn 1.000000 0.000000 0.000000
vn 1.000000 0.000000 0.000000
vn 1.000000 0.000000 0.000000
vn 1.000000 0.000000 0.000000
vn 1.000000 0.000000 0.000000
vn 1.000000 0.000000 0.000000
vn 1.000000 0.000000 0.000000
vn 1.000000 0.000000 0.000000
vn 1.000000 0.000000 0.000000
vn 1.000000 0.000000 0.000000
vn 1.000000 0.000000 0.000000
vn 1.000000 0.000000 0.000000
vn 1.000000 0.000000 0.000000
vn 1.000000 0.000000 0.000000
vn 1.000000 0.000000 0.000000
vn 1.000000 0.000000 0.000000
vn 1.000000 0.000000 0.000000
vn 1.000000 0.000000 0.000000
vn 1.000000 0.000000 0.000000
vn 1.000000 0.000000 0.000000
vn 1.000000 0.000000 0.000000
vn 1.000000 0.000000 0.000000
vn 1.000000 0.000000 0.000000
vn 1.000000 0.000000 0.000000
vn 1.000000 0.000000 0.000000
vn 1.000000 0.000000 0.000000
vn 1.000000 0.000000 0.000000
vn 1.000000 0.000000 0.000000
vn 1.000000 0.000000 0.000000
vn 1.000000 0.000000 0.000000
vn 1.000000 0.000000 0.000000
vn 1.000000 0.000000 0.000000
vn 1.000000 0.000000 0.000000
vn 1.000000 0.000000 0.000000
vn 1.000000 0.000000 0.000000
vn 1.000000 0.000000 0.000000
vn 1.000000 0.000000 0.000000
vn 1.000000 0.000000 0.000000
vn 1.000000 0.000000 0.000000
vn 1.000000 0.000000 0.000000
vn 1.000000 0.000000 0.000000
vn 1.000000 0.000000 0.000000
vn 1.000000 0.000000 0.000000
vn 1.000000 0.000000 0.000000
vn 1.000000 0.000000 0.000000
vn 1.000000 0.000000 0.000000
vn 1.000000 0.000000 0.000000
vn 1.000000 0.000000 0.000000
vn 1.000000 0.000000 0.000000
vn 1.000000 0.000000 0.000000
vn 1.000000 0.000000 0.000000
vn 1.000000 0.000000 0.000000
vn 1.000000 0.000000 0.000000
vn 1.000000 0.000000 0.000000
vn 1.000000 0.000000 0.000000
vn 1.000000 0.000000 0.000000
vn 1.000000 0.000000 0.000000
vn 1.000000 0.000000 0.000000
vn 1.000000 0.000000 0.000000
vn 1.000000 0.000000 0.000000
f 2288/3772/3416 2289/3773/3417 2349/3774/3418
f 2349/3774/3418 2289/3773/3417 2348/3775/3419
f 2348/3775/3419 2289/3773/3417 2290/3776/3420
f 2348/3775/3419 2290/3776/3420 2336/3777/3421
f 2336/3777/3421 2290/3776/3420 2335/3778/3422
f 2335/3778/3422 2290/3776/3420 2291/3779/3423
f 2335/3778/3422 2291/3779/3423 2334/3780/3424
f 2334/3780/3424 2291/3779/3423 2292/3781/3425
f 2334/3780/3424 2292/3781/3425 2333/3782/3426
f 2333/3782/3426 2292/3781/3425 2293/3783/3427
f 2333/3782/3426 2293/3783/3427 2294/3784/3428
f 2333/3782/3426 2294/3784/3428 2332/3785/3429
f 2332/3785/3429 2294/3784/3428 2295/3786/3430
f 2332/3785/3429 2295/3786/3430 2296/3787/3431
f 2296/3787/3431 2297/3788/3432 2332/3785/3429
f 2332/3785/3429 2297/3788/3432 2298/3789/3433
f 2332/3785/3429 2298/3789/3433 2299/3790/3434
f 2332/3785/3429 2299/3790/3434 2331/3791/3435
f 2331/3791/3435 2299/3790/3434 2300/3792/3436
f 2331/3791/3435 2300/3792/3436 2301/3793/3437
f 2301/3793/3437 2302/3794/3438 2331/3791/3435
f 2331/3791/3435 2302/3794/3438 2303/3795/3439
f 2331/3791/3435 2303/3795/3439 2304/3796/3440
f 2304/3796/3440 2305/3797/3441 2331/3791/3435
f 2331/3791/3435 2305/3797/3441 2306/3798/3442
f 2331/3791/3435 2306/3798/3442 2307/3799/3443
f 2307/3799/3443 2308/3800/3444 2331/3791/3435
f 2331/3791/3435 2308/3800/3444 2309/3801/3445
f 2331/3791/3435 2309/3801/3445 2310/3802/3446
f 2310/3802/3446 2311/3803/3447 2331/3791/3435
f 2331/3791/3435 2311/3803/3447 2330/3804/3448
f 2330/3804/3448 2311/3803/3447 2312/3805/3449
f 2330/3804/3448 2312/3805/3449 2313/3806/3450
f 2313/3806/3450 2314/3807/3451 2330/3804/3448
f 2330/3804/3448 2314/3807/3451 2315/3808/3452
f 2330/3804/3448 2315/3808/3452 2329/3809/3453
f 2329/3809/3453 2315/3808/3452 2316/3810/3454
f 2329/3809/3453 2316/3810/3454 2317/3811/3455
f 2317/3811/3455 2318/3812/3456 2329/3809/3453
f 2329/3809/3453 2318/3812/3456 2328/3813/3457
f 2328/3813/3457 2318/3812/3456 2319/3814/3458
f 2328/3813/3457 2319/3814/3458 2320/3815/3459
f 2328/3813/3457 2320/3815/3459 2327/3816/3460
f 2327/3816/3460 2320/3815/3459 2321/3817/3461
f 2327/3816/3460 2321/3817/3461 2326/3818/3462
f 2326/3818/3462 2321/3817/3461 2325/3819/3463
f 2325/3819/3463 2321/3817/3461 2324/3820/3464
f 2324/3820/3464 2321/3817/3461 2322/3821/3465
f 2324/3820/3464 2322/3821/3465 2323/3822/3466
f 2348/3775/3419 2336/3777/3421 2347/3823/3467
f 2347/3823/3467 2336/3777/3421 2337/3824/3468
f 2347/3823/3467 2337/3824/3468 2346/3825/3469
f 2346/3825/3469 2337/3824/3468 2338/3826/3470
f 2346/3825/3469 2338/3826/3470 2339/3827/3471
f 2346/3825/3469 2339/3827/3471 2345/3828/3472
f 2345/3828/3472 2339/3827/3471 2340/3829/3473
f 2345/3828/3472 2340/3829/3473 2341/3830/3474
f 2345/3828/3472 2341/3830/3474 2344/3831/3475
f 2344/3831/3475 2341/3830/3474 2342/3832/3476
f 2344/3831/3475 2342/3832/3476 2343/3833/3477
f 2343/3834/3478 2342/3835/3479 2410/3836/3480
f 2410/3836/3480 2342/3835/3479 2409/3837/3481
f 2409/3837/3481 2342/3835/3479 2341/3838/3482
f 2409/3837/3481 2341/3838/3482 2408/3839/3483
f 2408/3839/3483 2341/3838/3482 2340/3840/3484
f 2408/3839/3483 2340/3840/3484 2407/3841/3485
f 2407/3841/3485 2340/3840/3484 2339/3842/3486
f 2407/3841/3485 2339/3842/3486 2406/3843/3487
f 2406/3843/3487 2339/3842/3486 2338/3844/3488
f 2406/3843/3487 2338/3844/3488 2405/3845/3489
f 2405/3845/3489 2338/3844/3488 2337/3846/3490
f 2405/3845/3489 2337/3846/3490 2404/3847/3491
f 2404/3847/3491 2337/3846/3490 2336/3848/3492
f 2404/3847/3491 2336/3848/3492 2403/3849/3493
f 2403/3849/3493 2336/3848/3492 2335/3850/3494
f 2403/3849/3493 2335/3850/3494 2402/3851/3495
f 2402/3851/3495 2335/3850/3494 2334/3852/3496
f 2402/3851/3495 2334/3852/3496 2401/3853/3497
f 2401/3853/3497 2334/3852/3496 2333/3854/3498
f 2401/3853/3497 2333/3854/3498 2400/3855/3499
f 2400/3855/3499 2333/3854/3498 2332/3856/3500
f 2400/3855/3499 2332/3856/3500 2399/3857/3501
f 2399/3857/3501 2332/3856/3500 2331/3858/3502
f 2399/3857/3501 2331/3858/3502 2398/3859/3503
f 2398/3859/3503 2331/3858/3502 2397/3860/3504
f 2397/3860/3504 2331/3858/3502 2330/3861/3505
f 2397/3860/3504 2330/3861/3505 2396/3862/3506
f 2396/3862/3506 2330/3861/3505 2329/3863/3507
f 2396/3862/3506 2329/3863/3507 2395/3864/3508
f 2395/3864/3508 2329/3863/3507 2328/3865/3509
f 2395/3864/3508 2328/3865/3509 2394/3866/3510
f 2394/3866/3510 2328/3865/3509 2327/3867/3511
f 2394/3866/3510 2327/3867/3511 2393/3868/3512
f 2393/3868/3512 2327/3867/3511 2326/3869/3513
f 2393/3868/3512 2326/3869/3513 2392/3870/3514
f 2392/3870/3514 2326/3869/3513 2325/3871/3515
f 2392/3870/3514 2325/3871/3515 2391/3872/3516
f 2391/3872/3516 2325/3871/3515 2324/3873/3517
f 2391/3872/3516 2324/3873/3517 2390/3874/3518
f 2390/3874/3518 2324/3873/3517 2323/3875/3519
f 2390/3874/3518 2323/3875/3519 2322/3876/3520
f 2390/3874/3518 2322/3876/3520 2389/3877/3521
f 2389/3877/3521 2322/3876/3520 2321/3878/3522
f 2389/3877/3521 2321/3878/3522 2388/3879/3523
f 2388/3879/3523 2321/3878/3522 2387/3880/3524
f 2387/3880/3524 2321/3878/3522 2320/3881/3525
f 2387/3880/3524 2320/3881/3525 2386/3882/3526
f 2386/3882/3526 2320/3881/3525 2319/3883/3527
f 2386/3882/3526 2319/3883/3527 2385/3884/3528
f 2385/3884/3528 2319/3883/3527 2318/3885/3529
f 2385/3884/3528 2318/3885/3529 2384/3886/3530
f 2384/3886/3530 2318/3885/3529 2317/3887/3531
f 2384/3886/3530 2317/3887/3531 2383/3888/3532
f 2383/3888/3532 2317/3887/3531 2316/3889/3533
f 2383/3888/3532 2316/3889/3533 2382/3890/3534
f 2382/3890/3534 2316/3889/3533 2315/3891/3535
f 2382/3890/3534 2315/3891/3535 2381/3892/3536
f 2381/3892/3536 2315/3891/3535 2314/3893/3537
f 2381/3892/3536 2314/3893/3537 2380/3894/3538
f 2380/3894/3538 2314/3893/3537 2313/3895/3539
f 2380/3894/3538 2313/3895/3539 2379/3896/3540
f 2379/3896/3540 2313/3895/3539 2312/3897/3541
f 2379/3896/3540 2312/3897/3541 2378/3898/3542
f 2378/3898/3542 2312/3897/3541 2311/3899/3543
f 2378/3898/3542 2311/3899/3543 2377/3900/3544
f 2377/3900/3544 2311/3899/3543 2310/3901/3545
f 2377/3900/3544 2310/3901/3545 2376/3902/3546
f 2376/3902/3546 2310/3901/3545 2309/3903/3547
f 2376/3902/3546 2309/3903/3547 2375/3904/3548
f 2375/3904/3548 2309/3903/3547 2308/3905/3549
f 2375/3904/3548 2308/3905/3549 2374/3906/3550
f 2374/3906/3550 2308/3905/3549 2307/3907/3551
f 2374/3906/3550 2307/3907/3551 2373/3908/3552
f 2373/3908/3552 2307/3907/3551 2306/3909/3553
f 2373/3908/3552 2306/3909/3553 2372/3910/3554
f 2372/3910/3554 2306/3909/3553 2305/3911/3555
f 2372/3910/3554 2305/3911/3555 2371/3912/3556
f 2371/3912/3556 2305/3911/3555 2304/3913/3557
f 2371/3912/3556 2304/3913/3557 2370/3914/3558
f 2370/3914/3558 2304/3913/3557 2303/3915/3559
f 2370/3914/3558 2303/3915/3559 2369/3916/3560
f 2369/3916/3560 2303/3915/3559 2368/3917/3561
f 2368/3917/3561 2303/3915/3559 2302/3918/3562
f 2368/3917/3561 2302/3918/3562 2367/3919/3563
f 2367/3919/3563 2302/3918/3562 2301/3920/3564
f 2367/3919/3563 2301/3920/3564 2366/3921/3565
f 2366/3921/3565 2301/3920/3564 2300/3922/3566
f 2366/3921/3565 2300/3922/3566 2365/3923/3567
f 2365/3923/3567 2300/3922/3566 2299/3924/3568
f 2365/3923/3567 2299/3924/3568 2364/3925/3569
f 2364/3925/3569 2299/3924/3568 2298/3926/3570
f 2364/3925/3569 2298/3926/3570 2363/3927/3571
f 2363/3927/3571 2298/3926/3570 2297/3928/3572
f 2363/3927/3571 2297/3928/3572 2362/3929/3573
f 2362/3929/3573 2297/3928/3572 2296/3930/3574
f 2362/3929/3573 2296/3930/3574 2361/3931/3575
f 2361/3931/3575 2296/3930/3574 2360/3932/3576
f 2360/3932/3576 2296/3930/3574 2295/3933/3577
f 2360/3932/3576 2295/3933/3577 2359/3934/3578
f 2359/3934/3578 2295/3933/3577 2294/3935/3579
f 2359/3934/3578 2294/3935/3579 2358/3936/3580
f 2358/3936/3580 2294/3935/3579 2293/3937/3581
f 2358/3936/3580 2293/3937/3581 2357/3938/3582
f 2357/3938/3582 2293/3937/3581 2356/3939/3583
f 2356/3939/3583 2293/3937/3581 2292/3940/3584
f 2356/3939/3583 2292/3940/3584 2355/3941/3585
f 2355/3941/3585 2292/3940/3584 2291/3942/3586
f 2355/3941/3585 2291/3942/3586 2354/3943/3587
f 2354/3943/3587 2291/3942/3586 2290/3944/3588
f 2354/3943/3587 2290/3944/3588 2353/3945/3589
f 2353/3945/3589 2290/3944/3588 2352/3946/3590
f 2352/3946/3590 2290/3944/3588 2289/3947/3591
f 2352/3946/3590 2289/3947/3591 2351/3948/3592
f 2351/3948/3592 2289/3947/3591 2288/3949/3593
f 2351/3948/3592 2288/3949/3593 2350/3950/3594
f 2350/3951/3595 2288/3952/3596 2416/3953/3597
f 2416/3953/3597 2288/3952/3596 2349/3954/3598
f 2416/3953/3597 2349/3954/3598 2415/3955/3599
f 2415/3955/3599 2349/3954/3598 2348/3956/3600
f 2415/3955/3599 2348/3956/3600 2414/3957/3601
f 2414/3957/3601 2348/3956/3600 2347/3958/3602
f 2414/3957/3601 2347/3958/3602 2413/3959/3603
f 2413/3959/3603 2347/3958/3602 2346/3960/3604
f 2413/3959/3603 2346/3960/3604 2412/3961/3605
f 2412/3961/3605 2346/3960/3604 2345/3962/3606
f 2412/3961/3605 2345/3962/3606 2411/3963/3607
f 2411/3963/3607 2345/3962/3606 2344/3964/3608
f 2411/3963/3607 2344/3964/3608 2410/3965/3609
f 2410/3965/3609 2344/3964/3608 2343/3966/3610
f 2410/3967/3611 2409/3968/3612 2411/3969/3613
f 2411/3969/3613 2409/3968/3612 2408/3970/3614
f 2411/3969/3613 2408/3970/3614 2412/3971/3615
f 2412/3971/3615 2408/3970/3614 2407/3972/3616
f 2412/3971/3615 2407/3972/3616 2413/3973/3617
f 2413/3973/3617 2407/3972/3616 2406/3974/3618
f 2413/3973/3617 2406/3974/3618 2405/3975/3619
f 2413/3973/3617 2405/3975/3619 2414/3976/3620
f 2414/3976/3620 2405/3975/3619 2404/3977/3621
f 2414/3976/3620 2404/3977/3621 2403/3978/3622
f 2402/3979/3623 2354/3980/3624 2403/3978/3622
f 2403/3978/3622 2354/3980/3624 2353/3981/3625
f 2403/3978/3622 2353/3981/3625 2415/3982/3626
f 2415/3982/3626 2353/3981/3625 2352/3983/3627
f 2415/3982/3626 2352/3983/3627 2416/3984/3628
f 2416/3984/3628 2352/3983/3627 2351/3985/3629
f 2416/3984/3628 2351/3985/3629 2350/3986/3630
f 2401/3987/3631 2356/3988/3632 2402/3979/3623
f 2402/3979/3623 2356/3988/3632 2355/3989/3633
f 2402/3979/3623 2355/3989/3633 2354/3980/3624
f 2400/3990/3634 2358/3991/3635 2401/3987/3631
f 2401/3987/3631 2358/3991/3635 2357/3992/3636
f 2401/3987/3631 2357/3992/3636 2356/3988/3632
f 2399/3993/3637 2361/3994/3638 2400/3990/3634
f 2400/3990/3634 2361/3994/3638 2360/3995/3639
f 2400/3990/3634 2360/3995/3639 2359/3996/3640
f 2398/3997/3641 2364/3998/3642 2399/3993/3637
f 2399/3993/3637 2364/3998/3642 2363/3999/3643
f 2399/3993/3637 2363/3999/3643 2362/4000/3644
f 2397/4001/3645 2377/4002/3646 2398/3997/3641
f 2398/3997/3641 2377/4002/3646 2376/4003/3647
f 2398/3997/3641 2376/4003/3647 2375/4004/3648
f 2396/4005/3649 2382/4006/3650 2397/4001/3645
f 2397/4001/3645 2382/4006/3650 2381/4007/3651
f 2397/4001/3645 2381/4007/3651 2380/4008/3652
f 2395/4009/3653 2384/4010/3654 2396/4005/3649
f 2396/4005/3649 2384/4010/3654 2383/4011/3655
f 2396/4005/3649 2383/4011/3655 2382/4006/3650
f 2394/4012/3656 2386/4013/3657 2395/4009/3653
f 2395/4009/3653 2386/4013/3657 2385/4014/3658
f 2395/4009/3653 2385/4014/3658 2384/4010/3654
f 2386/4013/3657 2394/4012/3656 2387/4015/3659
f 2387/4015/3659 2394/4012/3656 2393/4016/3660
f 2387/4015/3659 2393/4016/3660 2388/4017/3661
f 2388/4017/3661 2393/4016/3660 2392/4018/3662
f 2388/4017/3661 2392/4018/3662 2389/4019/3663
f 2389/4019/3663 2392/4018/3662 2391/4020/3664
f 2389/4019/3663 2391/4020/3664 2390/4021/3665
f 2380/4008/3652 2379/4022/3666 2397/4001/3645
f 2397/4001/3645 2379/4022/3666 2378/4023/3667
f 2397/4001/3645 2378/4023/3667 2377/4002/3646
f 2375/4004/3648 2374/4024/3668 2398/3997/3641
f 2398/3997/3641 2374/4024/3668 2373/4025/3669
f 2398/3997/3641 2373/4025/3669 2372/4026/3670
f 2372/4026/3670 2371/4027/3671 2398/3997/3641
f 2398/3997/3641 2371/4027/3671 2370/4028/3672
f 2398/3997/3641 2370/4028/3672 2369/4029/3673
f 2369/4029/3673 2368/4030/3674 2398/3997/3641
f 2398/3997/3641 2368/4030/3674 2367/4031/3675
f 2398/3997/3641 2367/4031/3675 2366/4032/3676
f 2366/4032/3676 2365/4033/3677 2398/3997/3641
f 2398/3997/3641 2365/4033/3677 2364/3998/3642
f 2362/4000/3644 2361/3994/3638 2399/3993/3637
f 2359/3996/3640 2358/3991/3635 2400/3990/3634
f 2415/3982/3626 2414/3976/3620 2403/3978/3622
g Body11

v 10.305000 4.049788 -0.304596
v 10.305000 4.049755 -0.295059
v 10.305000 4.047912 -0.285701
v 10.305000 4.044325 -0.276864
v 10.305000 4.039126 -0.268869
v 10.305000 4.032503 -0.262006
v 10.305000 4.024697 -0.256525
v 10.305000 4.015993 -0.252627
v 10.305000 4.021600 -0.251420
v 10.305000 4.027049 -0.249624
v 10.305000 4.032204 -0.247143
v 10.305000 4.036868 -0.243928
v 10.305000 4.040879 -0.239992
v 10.305000 4.044172 -0.235352
v 10.305000 4.046643 -0.230253
v 10.305000 4.048382 -0.224809
v 10.305000 4.049503 -0.219051
v 10.305000 4.050095 -0.213031
v 10.305000 4.050025 -0.200408
v 10.305000 4.048739 -0.187002
v 10.305000 4.046729 -0.173014
v 10.305000 4.042472 -0.144224
v 10.305000 4.041235 -0.129956
v 10.305000 4.041322 -0.116331
v 10.305000 4.042083 -0.109623
v 10.305000 4.043520 -0.103022
v 10.305000 4.045787 -0.096745
v 10.305000 4.049041 -0.091009
v 10.305000 4.053411 -0.086067
v 10.305000 4.058769 -0.082316
v 10.305000 4.064913 -0.079939
v 10.305000 4.071440 -0.079004
v 10.305000 4.078053 -0.079390
v 10.305000 4.084519 -0.080927
v 10.305000 4.090882 -0.083533
v 10.305000 4.097216 -0.087262
v 10.305000 4.103397 -0.092141
v 10.305000 4.109300 -0.098190
v 10.305000 4.114814 -0.105445
v 10.305000 4.119759 -0.113800
v 10.305000 4.123841 -0.122712
v 10.305000 4.127095 -0.131992
v 10.305000 4.129578 -0.141495
v 10.305000 4.131365 -0.151171
v 10.305000 4.132516 -0.161019
v 10.305000 4.133063 -0.170964
v 10.305000 4.133039 -0.180927
v 10.305000 4.132476 -0.190833
v 10.305000 4.129827 -0.210388
v 10.305000 4.127738 -0.220079
v 10.305000 4.125140 -0.229613
v 10.305000 4.122035 -0.238909
v 10.305000 4.118423 -0.247884
v 10.305000 4.114305 -0.256454
v 10.305000 4.109652 -0.264588
v 10.305000 4.104366 -0.272314
v 10.305000 4.098409 -0.279517
v 10.305000 4.091751 -0.286068
v 10.305000 4.084393 -0.291821
v 10.305000 4.076436 -0.296603
v 10.305000 4.067893 -0.300362
v 10.305000 4.058977 -0.303014
v 10.355000 4.015993 -0.252627
v 10.355000 4.022605 -0.251140
v 10.355000 4.028490 -0.249020
v 10.355000 4.033647 -0.246266
v 10.355000 4.038080 -0.242880
v 10.355000 4.041794 -0.238866
v 10.355000 4.044801 -0.234232
v 10.355000 4.047117 -0.228990
v 10.355000 4.048768 -0.223160
v 10.355000 4.049788 -0.216765
v 10.355000 4.050222 -0.209841
v 10.355000 4.050128 -0.202429
v 10.355000 4.049578 -0.194583
v 10.355000 4.047470 -0.177861
v 10.355000 4.044729 -0.160310
v 10.355000 4.042295 -0.142687
v 10.355000 4.041097 -0.125813
v 10.355000 4.041223 -0.117917
v 10.355000 4.041946 -0.110516
v 10.355000 4.043331 -0.103707
v 10.355000 4.045421 -0.097580
v 10.355000 4.048231 -0.092216
v 10.355000 4.051749 -0.087688
v 10.355000 4.055936 -0.084057
v 10.355000 4.060724 -0.081373
v 10.355000 4.066024 -0.079676
v 10.355000 4.071731 -0.078994
v 10.355000 4.077728 -0.079343
v 10.355000 4.083889 -0.080729
v 10.355000 4.090086 -0.083146
v 10.355000 4.096192 -0.086577
v 10.355000 4.102088 -0.090994
v 10.355000 4.107662 -0.096356
v 10.355000 4.112819 -0.102609
v 10.355000 4.117484 -0.109691
v 10.355000 4.121595 -0.117527
v 10.355000 4.125109 -0.126032
v 10.355000 4.127998 -0.135117
v 10.355000 4.130244 -0.144686
v 10.355000 4.131842 -0.154638
v 10.355000 4.132797 -0.164870
v 10.355000 4.133120 -0.175278
v 10.355000 4.132830 -0.185760
v 10.355000 4.131951 -0.196213
v 10.355000 4.130510 -0.206540
v 10.355000 4.128537 -0.216650
v 10.355000 4.126061 -0.226455
v 10.355000 4.123112 -0.235879
v 10.355000 4.119715 -0.244854
v 10.355000 4.115893 -0.253323
v 10.355000 4.111668 -0.261237
v 10.355000 4.107056 -0.268559
v 10.355000 4.102072 -0.275258
v 10.355000 4.096726 -0.281309
v 10.355000 4.091030 -0.286696
v 10.355000 4.084990 -0.291405
v 10.355000 4.078612 -0.295428
v 10.355000 4.071901 -0.298760
v 10.355000 4.064859 -0.301399
v 10.355000 4.057488 -0.303345
v 10.355000 4.049788 -0.304596
v 10.355000 4.049755 -0.295059
v 10.355000 4.047912 -0.285701
v 10.355000 4.044325 -0.276864
v 10.355000 4.039126 -0.268869
v 10.355000 4.032503 -0.262006
v 10.355000 4.024697 -0.256525
vt 0.025082 -0.113586 0.000000
vt 0.025115 -0.104049 0.000000
vt 0.015893 -0.112003 0.000000
vt 0.026959 -0.094691 0.000000
vt 0.006977 -0.109352 0.000000
vt 0.028228 -0.039243 0.000000
vt -0.001565 -0.105593 0.000000
vt 0.026489 -0.033798 0.000000
vt -0.009522 -0.100810 0.000000
vt 0.025368 -0.028041 0.000000
vt -0.016880 -0.095058 0.000000
vt -0.023539 -0.088506 0.000000
vt 0.024775 -0.022021 0.000000
vt -0.029495 -0.081304 0.000000
vt -0.034782 -0.073577 0.000000
vt -0.039434 -0.065444 0.000000
vt 0.024846 -0.009397 0.000000
vt -0.043552 -0.056873 0.000000
vt -0.047164 -0.047899 0.000000
vt -0.050270 -0.038603 0.000000
vt -0.052867 -0.029068 0.000000
vt -0.054956 -0.019378 0.000000
vt -0.057606 0.000178 0.000000
vt 0.026131 0.004008 0.000000
vt -0.058168 0.010083 0.000000
vt -0.058192 0.020047 0.000000
vt -0.057645 0.029991 0.000000
vt -0.056495 0.039840 0.000000
vt -0.054707 0.049515 0.000000
vt -0.052224 0.059018 0.000000
vt -0.048971 0.068299 0.000000
vt -0.044888 0.077210 0.000000
vt -0.039943 0.085566 0.000000
vt -0.034429 0.092820 0.000000
vt -0.028526 0.098870 0.000000
vt -0.022346 0.103748 0.000000
vt 0.028142 0.017996 0.000000
vt -0.016012 0.107478 0.000000
vt -0.009648 0.110083 0.000000
vt -0.003183 0.111620 0.000000
vt 0.032398 0.046786 0.000000
vt 0.003431 0.112007 0.000000
vt 0.009957 0.111071 0.000000
vt 0.016102 0.108694 0.000000
vt 0.033636 0.061054 0.000000
vt 0.021460 0.104943 0.000000
vt 0.033549 0.074680 0.000000
vt 0.032787 0.081387 0.000000
vt 0.030545 -0.085854 0.000000
vt 0.030699 -0.044341 0.000000
vt 0.033992 -0.048981 0.000000
vt 0.035745 -0.077858 0.000000
vt 0.038003 -0.052917 0.000000
vt 0.042368 -0.070995 0.000000
vt 0.042667 -0.056133 0.000000
vt 0.047821 -0.058614 0.000000
vt 0.050173 -0.065515 0.000000
vt 0.053271 -0.060409 0.000000
vt 0.058877 -0.061616 0.000000
vt 0.031351 0.087988 0.000000
vt 0.025830 0.100002 0.000000
vt 0.029084 0.094265 0.000000
vt -0.415033 0.100000 0.000000
vt -0.415033 0.050000 0.000000
vt -0.408548 0.100000 0.000000
vt -0.407261 0.050000 0.000000
vt -0.402063 0.100000 0.000000
vt -0.399306 0.050000 0.000000
vt -0.395579 0.100000 0.000000
vt -0.391232 0.050000 0.000000
vt -0.389094 0.100000 0.000000
vt -0.383231 0.050000 0.000000
vt -0.382609 0.100000 0.000000
vt -0.376124 0.100000 0.000000
vt -0.375324 0.050000 0.000000
vt -0.369639 0.100000 0.000000
vt -0.367643 0.050000 0.000000
vt -0.363154 0.100000 0.000000
vt -0.360228 0.050000 0.000000
vt -0.356669 0.100000 0.000000
vt -0.353085 0.050000 0.000000
vt -0.350184 0.100000 0.000000
vt -0.346209 0.050000 0.000000
vt -0.343699 0.100000 0.000000
vt -0.339488 0.050000 0.000000
vt -0.337215 0.100000 0.000000
vt -0.332880 0.050000 0.000000
vt -0.330730 0.100000 0.000000
vt -0.326386 0.050000 0.000000
vt -0.324245 0.100000 0.000000
vt -0.320002 0.050000 0.000000
vt -0.317760 0.100000 0.000000
vt -0.313724 0.050000 0.000000
vt -0.311275 0.100000 0.000000
vt -0.304790 0.100000 0.000000
vt -0.301446 0.050000 0.000000
vt -0.298305 0.100000 0.000000
vt -0.295317 0.050000 0.000000
vt -0.291820 0.100000 0.000000
vt -0.289141 0.050000 0.000000
vt -0.285335 0.100000 0.000000
vt -0.282912 0.050000 0.000000
vt -0.278850 0.100000 0.000000
vt -0.276615 0.050000 0.000000
vt -0.272366 0.100000 0.000000
vt -0.270235 0.050000 0.000000
vt -0.265881 0.100000 0.000000
vt -0.263692 0.050000 0.000000
vt -0.259396 0.100000 0.000000
vt -0.256920 0.050000 0.000000
vt -0.252911 0.100000 0.000000
vt -0.249900 0.050000 0.000000
vt -0.246426 0.100000 0.000000
vt -0.242626 0.050000 0.000000
vt -0.239941 0.100000 0.000000
vt -0.235454 0.050000 0.000000
vt -0.233456 0.100000 0.000000
vt -0.228457 0.050000 0.000000
vt -0.226971 0.100000 0.000000
vt -0.221593 0.050000 0.000000
vt -0.220486 0.100000 0.000000
vt -0.214839 0.050000 0.000000
vt -0.214002 0.100000 0.000000
vt -0.208176 0.050000 0.000000
vt -0.207517 0.100000 0.000000
vt -0.201378 0.050000 0.000000
vt -0.201032 0.100000 0.000000
vt -0.194224 0.050000 0.000000
vt -0.194547 0.100000 0.000000
vt -0.188062 0.100000 0.000000
vt -0.186747 0.050000 0.000000
vt -0.181577 0.100000 0.000000
vt -0.179019 0.050000 0.000000
vt -0.175092 0.100000 0.000000
vt -0.171301 0.050000 0.000000
vt -0.168607 0.100000 0.000000
vt -0.163736 0.050000 0.000000
vt -0.162122 0.100000 0.000000
vt -0.156587 0.050000 0.000000
vt -0.155637 0.100000 0.000000
vt -0.149842 0.050000 0.000000
vt -0.149153 0.100000 0.000000
vt -0.143485 0.050000 0.000000
vt -0.142668 0.100000 0.000000
vt -0.137534 0.050000 0.000000
vt -0.136183 0.100000 0.000000
vt -0.129698 0.100000 0.000000
vt -0.126424 0.050000 0.000000
vt -0.116728 0.100000 0.000000
vt -0.115584 0.050000 0.000000
vt -0.103758 0.100000 0.000000
vt -0.094409 0.050000 0.000000
vt -0.090789 0.100000 0.000000
vt -0.083812 0.050000 0.000000
vt -0.077819 0.100000 0.000000
vt -0.073037 0.050000 0.000000
vt -0.071334 0.100000 0.000000
vt -0.064849 0.100000 0.000000
vt -0.061920 0.050000 0.000000
vt -0.058364 0.100000 0.000000
vt -0.056109 0.050000 0.000000
vt -0.051879 0.100000 0.000000
vt -0.050109 0.050000 0.000000
vt -0.045394 0.100000 0.000000
vt -0.043898 0.050000 0.000000
vt -0.038909 0.100000 0.000000
vt -0.037418 0.050000 0.000000
vt -0.032424 0.100000 0.000000
vt -0.030704 0.050000 0.000000
vt -0.025940 0.100000 0.000000
vt -0.024058 0.050000 0.000000
vt -0.019455 0.100000 0.000000
vt -0.017545 0.050000 0.000000
vt -0.012970 0.100000 0.000000
vt -0.011306 0.050000 0.000000
vt -0.006485 0.100000 0.000000
vt -0.005451 0.050000 0.000000
vt 0.000000 0.100000 0.000000
vt 0.000000 0.050000 0.000000
vt 0.100000 0.062261 0.000000
vt 0.050000 0.062261 0.000000
vt 0.100000 0.052709 0.000000
vt 0.050000 0.052709 0.000000
vt 0.100000 0.043157 0.000000
vt 0.050000 0.043157 0.000000
vt 0.100000 0.033605 0.000000
vt 0.050000 0.033605 0.000000
vt 0.100000 0.024053 0.000000
vt 0.050000 0.024053 0.000000
vt 0.100000 0.014501 0.000000
vt 0.050000 0.014501 0.000000
vt 0.100000 0.004949 0.000000
vt 0.050000 0.004949 0.000000
vt 0.100000 -0.004603 0.000000
vt 0.050000 -0.004603 0.000000
vt -0.058877 -0.061616 0.000000
vt -0.050173 -0.065515 0.000000
vt -0.052266 -0.060130 0.000000
vt -0.046381 -0.058010 0.000000
vt -0.042368 -0.070995 0.000000
vt -0.041224 -0.055256 0.000000
vt -0.035745 -0.077858 0.000000
vt -0.036791 -0.051870 0.000000
vt -0.033076 -0.047856 0.000000
vt -0.030545 -0.085854 0.000000
vt -0.030070 -0.043222 0.000000
vt -0.027754 -0.037980 0.000000
vt -0.026959 -0.094691 0.000000
vt -0.002970 -0.107750 0.000000
vt -0.010012 -0.110389 0.000000
vt -0.025115 -0.104049 0.000000
vt -0.017383 -0.112334 0.000000
vt -0.025082 -0.113586 0.000000
vt 0.003742 -0.104418 0.000000
vt -0.026103 -0.032149 0.000000
vt 0.010119 -0.100395 0.000000
vt 0.016159 -0.095686 0.000000
vt -0.025083 -0.025755 0.000000
vt 0.021856 -0.090299 0.000000
vt 0.027201 -0.084248 0.000000
vt -0.024649 -0.018830 0.000000
vt 0.032186 -0.077549 0.000000
vt 0.036798 -0.070227 0.000000
vt 0.041023 -0.062312 0.000000
vt -0.024743 -0.011418 0.000000
vt 0.044844 -0.053844 0.000000
vt 0.048241 -0.044869 0.000000
vt 0.051191 -0.035445 0.000000
vt -0.025293 -0.003573 0.000000
vt 0.053667 -0.025639 0.000000
vt 0.055640 -0.015530 0.000000
vt 0.057080 -0.005203 0.000000
vt 0.057959 0.005251 0.000000
vt 0.058249 0.015732 0.000000
vt 0.057926 0.026141 0.000000
vt 0.056972 0.036373 0.000000
vt 0.055374 0.046324 0.000000
vt 0.053127 0.055893 0.000000
vt 0.050239 0.064978 0.000000
vt 0.046724 0.073484 0.000000
vt 0.042613 0.081319 0.000000
vt 0.037949 0.088401 0.000000
vt -0.027401 0.013150 0.000000
vt 0.032791 0.094655 0.000000
vt 0.027217 0.100016 0.000000
vt 0.021322 0.104433 0.000000
vt 0.015215 0.107864 0.000000
vt 0.009018 0.110282 0.000000
vt -0.030142 0.030701 0.000000
vt 0.002857 0.111668 0.000000
vt -0.003139 0.112016 0.000000
vt -0.032576 0.048323 0.000000
vt -0.008846 0.111334 0.000000
vt -0.014146 0.109637 0.000000
vt -0.033773 0.065197 0.000000
vt -0.018935 0.106953 0.000000
vt -0.033648 0.073094 0.000000
vt -0.023122 0.103322 0.000000
vt -0.032924 0.080495 0.000000
vt -0.026640 0.098794 0.000000
vt -0.031539 0.087303 0.000000
vt -0.029450 0.093431 0.000000
vn -1.000000 -0.000000 -0.000000
vn -1.000000 -0.000000 -0.000000
vn -1.000000 -0.000000 -0.000000
vn -1.000000 -0.000000 -0.000000
vn -1.000000 -0.000000 -0.000000
vn -1.000000 -0.000000 -0.000000
vn -1.000000 -0.000000 -0.000000
vn -1.000000 -0.000000 -0.000000
vn -1.000000 -0.000000 -0.000000
vn -1.000000 -0.000000 -0.000000
vn -1.000000 -0.000000 -0.000000
vn -1.000000 -0.000000 -0.000000
vn -1.000000 -0.000000 -0.000000
vn -1.000000 -0.000000 -0.000000
vn -1.000000 -0.000000 -0.000000
vn -1.000000 -0.000000 -0.000000
vn -1.000000 -0.000000 -0.000000
vn -1.000000 -0.000000 -0.000000
vn -1.000000 -0.000000 -0.000000
vn -1.000000 -0.000000 -0.000000
vn -1.000000 -0.000000 -0.000000
vn -1.000000 -0.000000 -0.000000
vn -1.000000 -0.000000 -0.000000
vn -1.000000 -0.000000 -0.000000
vn -1.000000 -0.000000 -0.000000
vn -1.000000 -0.000000 -0.000000
vn -1.000000 -0.000000 -0.000000
vn -1.000000 -0.000000 -0.000000
vn -1.000000 -0.000000 -0.000000
vn -1.000000 -0.000000 -0.000000
vn -1.000000 -0.000000 -0.000000
vn -1.000000 -0.000000 -0.000000
vn -1.000000 -0.000000 -0.000000
vn -1.000000 -0.000000 -0.000000
vn -1.000000 -0.000000 -0.000000
vn -1.000000 -0.000000 -0.000000
vn -1.000000 -0.000000 -0.000000
vn -1.000000 -0.000000 -0.000000
vn -1.000000 -0.000000 -0.000000
vn -1.000000 -0.000000 -0.000000
vn -1.000000 -0.000000 -0.000000
vn -1.000000 -0.000000 -0.000000
vn -1.000000 -0.000000 -0.000000
vn -1.000000 -0.000000 -0.000000
vn -1.000000 -0.000000 -0.000000
vn -1.000000 -0.000000 -0.000000
vn -1.000000 -0.000000 -0.000000
vn -1.000000 -0.000000 -0.000000
vn -1.000000 -0.000000 -0.000000
vn -1.000000 -0.000000 -0.000000
vn -1.000000 -0.000000 -0.000000
vn -1.000000 -0.000000 -0.000000
vn -1.000000 -0.000000 -0.000000
vn -1.000000 -0.000000 -0.000000
vn -1.000000 -0.000000 -0.000000
vn -1.000000 -0.000000 -0.000000
vn -1.000000 -0.000000 -0.000000
vn -1.000000 -0.000000 -0.000000
vn -1.000000 -0.000000 -0.000000
vn -1.000000 -0.000000 -0.000000
vn -1.000000 -0.000000 -0.000000
vn -1.000000 -0.000000 -0.000000
vn 0.000000 0.114334 -0.993442
vn 0.000000 0.114334 -0.993442
vn 0.000000 0.207507 -0.978234
vn 0.000000 0.226380 -0.974039
vn 0.000000 0.303098 -0.952959
vn 0.000000 0.343795 -0.939045
vn 0.000000 0.398261 -0.917272
vn 0.000000 0.460265 -0.887782
vn 0.000000 0.489917 -0.871769
vn 0.000000 0.567410 -0.823435
vn 0.000000 0.575256 -0.817973
vn 0.000000 0.652178 -0.758066
vn 0.000000 0.661014 -0.750374
vn 0.000000 0.719524 -0.694467
vn 0.000000 0.738267 -0.674508
vn 0.000000 0.777057 -0.629430
vn 0.000000 0.799912 -0.600118
vn 0.000000 0.825262 -0.564750
vn 0.000000 0.848232 -0.529625
vn 0.000000 0.865070 -0.501650
vn 0.000000 0.885803 -0.464061
vn 0.000000 0.897609 -0.440793
vn 0.000000 0.915387 -0.402576
vn 0.000000 0.924013 -0.382361
vn 0.000000 0.938759 -0.344573
vn 0.000000 0.945318 -0.326151
vn 0.000000 0.957176 -0.289505
vn 0.000000 0.962393 -0.271662
vn 0.000000 0.971603 -0.236618
vn 0.000000 0.975903 -0.218203
vn 0.000000 0.982718 -0.185107
vn 0.000000 0.986295 -0.164994
vn 0.000000 0.993796 -0.111217
vn 0.000000 0.996549 -0.083002
vn 0.000000 0.998427 -0.056066
vn 0.000000 0.999551 -0.029974
vn -0.000000 0.999999 0.001236
vn -0.000000 0.999669 0.025708
vn -0.000000 0.998112 0.061416
vn -0.000000 0.996399 0.084784
vn -0.000000 0.992141 0.125128
vn -0.000000 0.988986 0.148009
vn -0.000000 0.981216 0.192913
vn -0.000000 0.976363 0.216139
vn -0.000000 0.964212 0.265132
vn -0.000000 0.956865 0.290532
vn -0.000000 0.939746 0.341872
vn -0.000000 0.928110 0.372307
vn -0.000000 0.906214 0.422819
vn -0.000000 0.887082 0.461612
vn -0.000000 0.861877 0.507117
vn -0.000000 0.830178 0.557498
vn -0.000000 0.805020 0.593247
vn -0.000000 0.757557 0.652769
vn -0.000000 0.734157 0.678980
vn -0.000000 0.669294 0.742998
vn -0.000000 0.648243 0.761433
vn -0.000000 0.565091 0.825029
vn -0.000000 0.546610 0.837388
vn -0.000000 0.444791 0.895634
vn -0.000000 0.428600 0.903494
vn -0.000000 0.308013 0.951382
vn -0.000000 0.293485 0.955964
vn -0.000000 0.149373 0.988781
vn -0.000000 0.140788 0.990040
vn 0.000000 -0.037543 0.999295
vn 0.000000 -0.028721 0.999587
vn 0.000000 -0.211251 0.977432
vn 0.000000 -0.249171 0.968460
vn 0.000000 -0.398056 0.917361
vn 0.000000 -0.469972 0.882681
vn 0.000000 -0.575186 0.818023
vn 0.000000 -0.667888 0.744261
vn 0.000000 -0.727000 0.686637
vn 0.000000 -0.817476 0.575963
vn 0.000000 -0.842588 0.538559
vn 0.000000 -0.911047 0.412302
vn 0.000000 -0.920223 0.391393
vn 0.000000 -0.962457 0.271436
vn 0.000000 -0.966096 0.258185
vn 0.000000 -0.987393 0.158289
vn 0.000000 -0.989396 0.145242
vn 0.000000 -0.997473 0.071051
vn 0.000000 -0.998558 0.053684
vn 0.000000 -0.999836 -0.018119
vn 0.000000 -0.998864 -0.047657
vn 0.000000 -0.993678 -0.112268
vn 0.000000 -0.993031 -0.117850
vn 0.000000 -0.988196 -0.153198
vn 0.000000 -0.988090 -0.153876
vn 0.000000 -0.989038 -0.147659
vn 0.000000 -0.992177 -0.124836
vn 0.000000 -0.995678 -0.092875
vn 0.000000 -0.998300 -0.058285
vn 0.000000 -0.999038 -0.043849
vn 0.000000 -0.999754 0.022180
vn 0.000000 -0.998310 0.058117
vn 0.000000 -0.994240 0.107177
vn 0.000000 -0.989947 0.141440
vn 0.000000 -0.977207 0.212289
vn 0.000000 -0.969670 0.244417
vn 0.000000 -0.941734 0.336358
vn 0.000000 -0.930138 0.367210
vn 0.000000 -0.880649 0.473769
vn 0.000000 -0.862439 0.506162
vn 0.000000 -0.789911 0.613221
vn 0.000000 -0.761053 0.648689
vn 0.000000 -0.672564 0.740039
vn 0.000000 -0.634918 0.772579
vn 0.000000 -0.539298 0.842115
vn 0.000000 -0.499056 0.866570
vn 0.000000 -0.403868 0.914817
vn 0.000000 -0.370231 0.928940
vn 0.000000 -0.277294 0.960785
vn 0.000000 -0.258394 0.966040
vn 0.000000 -0.165340 0.986237
vn 0.000000 -0.165340 0.986237
vn 0.000000 -0.319861 -0.947464
vn 0.000000 -0.319861 -0.947464
vn 0.000000 -0.493946 -0.869493
vn 0.000000 -0.493946 -0.869493
vn 0.000000 -0.650058 -0.759885
vn 0.000000 -0.650058 -0.759885
vn 0.000000 -0.782518 -0.622628
vn 0.000000 -0.782518 -0.622628
vn 0.000000 -0.886506 -0.462718
vn 0.000000 -0.886506 -0.462718
vn 0.000000 -0.958238 -0.285971
vn 0.000000 -0.958238 -0.285971
vn 0.000000 -0.995105 -0.098820
vn 0.000000 -0.995105 -0.098820
vn 0.000000 -0.995766 0.091928
vn 0.000000 -0.995766 0.091928
vn 1.000000 0.000000 0.000000
vn 1.000000 0.000000 0.000000
vn 1.000000 0.000000 0.000000
vn 1.000000 0.000000 0.000000
vn 1.000000 0.000000 0.000000
vn 1.000000 0.000000 0.000000
vn 1.000000 0.000000 0.000000
vn 1.000000 0.000000 0.000000
vn 1.000000 0.000000 0.000000
vn 1.000000 0.000000 0.000000
vn 1.000000 0.000000 0.000000
vn 1.000000 0.000000 0.000000
vn 1.000000 0.000000 0.000000
vn 1.000000 0.000000 0.000000
vn 1.000000 0.000000 0.000000
vn 1.000000 0.000000 0.000000
vn 1.000000 0.000000 0.000000
vn 1.000000 0.000000 0.000000
vn 1.000000 0.000000 0.000000
vn 1.000000 0.000000 0.000000
vn 1.000000 0.000000 0.000000
vn 1.000000 0.000000 0.000000
vn 1.000000 0.000000 0.000000
vn 1.000000 0.000000 0.000000
vn 1.000000 0.000000 0.000000
vn 1.000000 0.000000 0.000000
vn 1.000000 0.000000 0.000000
vn 1.000000 0.000000 0.000000
vn 1.000000 0.000000 0.000000
vn 1.000000 0.000000 0.000000
vn 1.000000 0.000000 0.000000
vn 1.000000 0.000000 0.000000
vn 1.000000 0.000000 0.000000
vn 1.000000 0.000000 0.000000
vn 1.000000 0.000000 0.000000
vn 1.000000 0.000000 0.000000
vn 1.000000 0.000000 0.000000
vn 1.000000 0.000000 0.000000
vn 1.000000 0.000000 0.000000
vn 1.000000 0.000000 0.000000
vn 1.000000 0.000000 0.000000
vn 1.000000 0.000000 0.000000
vn 1.000000 0.000000 0.000000
vn 1.000000 0.000000 0.000000
vn 1.000000 0.000000 0.000000
vn 1.000000 0.000000 0.000000
vn 1.000000 0.000000 0.000000
vn 1.000000 0.000000 0.000000
vn 1.000000 0.000000 0.000000
vn 1.000000 0.000000 0.000000
vn 1.000000 0.000000 0.000000
vn 1.000000 0.000000 0.000000
vn 1.000000 0.000000 0.000000
vn 1.000000 0.000000 0.000000
vn 1.000000 0.000000 0.000000
vn 1.000000 0.000000 0.000000
vn 1.000000 0.000000 0.000000
vn 1.000000 0.000000 0.000000
vn 1.000000 0.000000 0.000000
vn 1.000000 0.000000 0.000000
vn 1.000000 0.000000 0.000000
vn 1.000000 0.000000 0.000000
vn 1.000000 0.000000 0.000000
vn 1.000000 0.000000 0.000000
vn 1.000000 0.000000 0.000000
vn 1.000000 0.000000 0.000000
vn 1.000000 0.000000 0.000000
f 2417/4034/3678 2418/4035/3679 2478/4036/3680
f 2478/4036/3680 2418/4035/3679 2419/4037/3681
f 2478/4036/3680 2419/4037/3681 2477/4038/3682
f 2477/4038/3682 2419/4037/3681 2431/4039/3683
f 2477/4038/3682 2431/4039/3683 2476/4040/3684
f 2476/4040/3684 2431/4039/3683 2432/4041/3685
f 2476/4040/3684 2432/4041/3685 2475/4042/3686
f 2475/4042/3686 2432/4041/3685 2433/4043/3687
f 2475/4042/3686 2433/4043/3687 2474/4044/3688
f 2474/4044/3688 2433/4043/3687 2473/4045/3689
f 2473/4045/3689 2433/4043/3687 2434/4046/3690
f 2473/4045/3689 2434/4046/3690 2472/4047/3691
f 2472/4047/3691 2434/4046/3690 2471/4048/3692
f 2471/4048/3692 2434/4046/3690 2470/4049/3693
f 2470/4049/3693 2434/4046/3690 2435/4050/3694
f 2470/4049/3693 2435/4050/3694 2469/4051/3695
f 2469/4051/3695 2435/4050/3694 2468/4052/3696
f 2468/4052/3696 2435/4050/3694 2467/4053/3697
f 2467/4053/3697 2435/4050/3694 2466/4054/3698
f 2466/4054/3698 2435/4050/3694 2465/4055/3699
f 2465/4055/3699 2435/4050/3694 2464/4056/3700
f 2464/4056/3700 2435/4050/3694 2436/4057/3701
f 2464/4056/3700 2436/4057/3701 2463/4058/3702
f 2463/4058/3702 2436/4057/3701 2462/4059/3703
f 2462/4059/3703 2436/4057/3701 2461/4060/3704
f 2461/4060/3704 2436/4057/3701 2460/4061/3705
f 2460/4061/3705 2436/4057/3701 2459/4062/3706
f 2459/4062/3706 2436/4057/3701 2458/4063/3707
f 2458/4063/3707 2436/4057/3701 2457/4064/3708
f 2457/4064/3708 2436/4057/3701 2456/4065/3709
f 2456/4065/3709 2436/4057/3701 2455/4066/3710
f 2455/4066/3710 2436/4057/3701 2454/4067/3711
f 2454/4067/3711 2436/4057/3701 2453/4068/3712
f 2453/4068/3712 2436/4057/3701 2452/4069/3713
f 2452/4069/3713 2436/4057/3701 2437/4070/3714
f 2452/4069/3713 2437/4070/3714 2451/4071/3715
f 2451/4071/3715 2437/4070/3714 2450/4072/3716
f 2450/4072/3716 2437/4070/3714 2449/4073/3717
f 2449/4073/3717 2437/4070/3714 2438/4074/3718
f 2449/4073/3717 2438/4074/3718 2448/4075/3719
f 2448/4075/3719 2438/4074/3718 2447/4076/3720
f 2447/4076/3720 2438/4074/3718 2446/4077/3721
f 2446/4077/3721 2438/4074/3718 2439/4078/3722
f 2446/4077/3721 2439/4078/3722 2445/4079/3723
f 2445/4079/3723 2439/4078/3722 2440/4080/3724
f 2445/4079/3723 2440/4080/3724 2441/4081/3725
f 2419/4037/3681 2420/4082/3726 2431/4039/3683
f 2431/4039/3683 2420/4082/3726 2430/4083/3727
f 2430/4083/3727 2420/4082/3726 2429/4084/3728
f 2429/4084/3728 2420/4082/3726 2421/4085/3729
f 2429/4084/3728 2421/4085/3729 2428/4086/3730
f 2428/4086/3730 2421/4085/3729 2422/4087/3731
f 2428/4086/3730 2422/4087/3731 2427/4088/3732
f 2427/4088/3732 2422/4087/3731 2426/4089/3733
f 2426/4089/3733 2422/4087/3731 2423/4090/3734
f 2426/4089/3733 2423/4090/3734 2425/4091/3735
f 2425/4091/3735 2423/4090/3734 2424/4092/3736
f 2441/4081/3725 2442/4093/3737 2445/4079/3723
f 2445/4079/3723 2442/4093/3737 2444/4094/3738
f 2444/4094/3738 2442/4093/3737 2443/4095/3739
f 2539/4096/3740 2417/4097/3741 2538/4098/3742
f 2538/4098/3742 2417/4097/3741 2478/4099/3743
f 2538/4098/3742 2478/4099/3743 2537/4100/3744
f 2537/4100/3744 2478/4099/3743 2477/4101/3745
f 2537/4100/3744 2477/4101/3745 2536/4102/3746
f 2536/4102/3746 2477/4101/3745 2476/4103/3747
f 2536/4102/3746 2476/4103/3747 2535/4104/3748
f 2535/4104/3748 2476/4103/3747 2475/4105/3749
f 2535/4104/3748 2475/4105/3749 2534/4106/3750
f 2534/4106/3750 2475/4105/3749 2533/4107/3751
f 2533/4107/3751 2475/4105/3749 2474/4108/3752
f 2533/4107/3751 2474/4108/3752 2532/4109/3753
f 2532/4109/3753 2474/4108/3752 2473/4110/3754
f 2532/4109/3753 2473/4110/3754 2531/4111/3755
f 2531/4111/3755 2473/4110/3754 2472/4112/3756
f 2531/4111/3755 2472/4112/3756 2530/4113/3757
f 2530/4113/3757 2472/4112/3756 2471/4114/3758
f 2530/4113/3757 2471/4114/3758 2529/4115/3759
f 2529/4115/3759 2471/4114/3758 2470/4116/3760
f 2529/4115/3759 2470/4116/3760 2528/4117/3761
f 2528/4117/3761 2470/4116/3760 2469/4118/3762
f 2528/4117/3761 2469/4118/3762 2527/4119/3763
f 2527/4119/3763 2469/4118/3762 2468/4120/3764
f 2527/4119/3763 2468/4120/3764 2526/4121/3765
f 2526/4121/3765 2468/4120/3764 2467/4122/3766
f 2526/4121/3765 2467/4122/3766 2525/4123/3767
f 2525/4123/3767 2467/4122/3766 2466/4124/3768
f 2525/4123/3767 2466/4124/3768 2524/4125/3769
f 2524/4125/3769 2466/4124/3768 2465/4126/3770
f 2524/4125/3769 2465/4126/3770 2523/4127/3771
f 2523/4127/3771 2465/4126/3770 2522/4128/3772
f 2522/4128/3772 2465/4126/3770 2464/4129/3773
f 2522/4128/3772 2464/4129/3773 2521/4130/3774
f 2521/4130/3774 2464/4129/3773 2463/4131/3775
f 2521/4130/3774 2463/4131/3775 2520/4132/3776
f 2520/4132/3776 2463/4131/3775 2462/4133/3777
f 2520/4132/3776 2462/4133/3777 2519/4134/3778
f 2519/4134/3778 2462/4133/3777 2461/4135/3779
f 2519/4134/3778 2461/4135/3779 2518/4136/3780
f 2518/4136/3780 2461/4135/3779 2460/4137/3781
f 2518/4136/3780 2460/4137/3781 2517/4138/3782
f 2517/4138/3782 2460/4137/3781 2459/4139/3783
f 2517/4138/3782 2459/4139/3783 2516/4140/3784
f 2516/4140/3784 2459/4139/3783 2458/4141/3785
f 2516/4140/3784 2458/4141/3785 2515/4142/3786
f 2515/4142/3786 2458/4141/3785 2457/4143/3787
f 2515/4142/3786 2457/4143/3787 2514/4144/3788
f 2514/4144/3788 2457/4143/3787 2456/4145/3789
f 2514/4144/3788 2456/4145/3789 2513/4146/3790
f 2513/4146/3790 2456/4145/3789 2455/4147/3791
f 2513/4146/3790 2455/4147/3791 2512/4148/3792
f 2512/4148/3792 2455/4147/3791 2454/4149/3793
f 2512/4148/3792 2454/4149/3793 2511/4150/3794
f 2511/4150/3794 2454/4149/3793 2453/4151/3795
f 2511/4150/3794 2453/4151/3795 2510/4152/3796
f 2510/4152/3796 2453/4151/3795 2452/4153/3797
f 2510/4152/3796 2452/4153/3797 2509/4154/3798
f 2509/4154/3798 2452/4153/3797 2451/4155/3799
f 2509/4154/3798 2451/4155/3799 2508/4156/3800
f 2508/4156/3800 2451/4155/3799 2450/4157/3801
f 2508/4156/3800 2450/4157/3801 2507/4158/3802
f 2507/4158/3802 2450/4157/3801 2449/4159/3803
f 2507/4158/3802 2449/4159/3803 2506/4160/3804
f 2506/4160/3804 2449/4159/3803 2448/4161/3805
f 2506/4160/3804 2448/4161/3805 2505/4162/3806
f 2505/4162/3806 2448/4161/3805 2504/4163/3807
f 2504/4163/3807 2448/4161/3805 2447/4164/3808
f 2504/4163/3807 2447/4164/3808 2503/4165/3809
f 2503/4165/3809 2447/4164/3808 2446/4166/3810
f 2503/4165/3809 2446/4166/3810 2502/4167/3811
f 2502/4167/3811 2446/4166/3810 2445/4168/3812
f 2502/4167/3811 2445/4168/3812 2501/4169/3813
f 2501/4169/3813 2445/4168/3812 2444/4170/3814
f 2501/4169/3813 2444/4170/3814 2500/4171/3815
f 2500/4171/3815 2444/4170/3814 2443/4172/3816
f 2500/4171/3815 2443/4172/3816 2499/4173/3817
f 2499/4173/3817 2443/4172/3816 2442/4174/3818
f 2499/4173/3817 2442/4174/3818 2498/4175/3819
f 2498/4175/3819 2442/4174/3818 2441/4176/3820
f 2498/4175/3819 2441/4176/3820 2497/4177/3821
f 2497/4177/3821 2441/4176/3820 2440/4178/3822
f 2497/4177/3821 2440/4178/3822 2496/4179/3823
f 2496/4179/3823 2440/4178/3822 2495/4180/3824
f 2495/4180/3824 2440/4178/3822 2439/4181/3825
f 2495/4180/3824 2439/4181/3825 2494/4182/3826
f 2494/4182/3826 2439/4181/3825 2438/4183/3827
f 2494/4182/3826 2438/4183/3827 2493/4184/3828
f 2493/4184/3828 2438/4183/3827 2437/4185/3829
f 2493/4184/3828 2437/4185/3829 2492/4186/3830
f 2492/4186/3830 2437/4185/3829 2436/4187/3831
f 2492/4186/3830 2436/4187/3831 2491/4188/3832
f 2491/4188/3832 2436/4187/3831 2435/4189/3833
f 2491/4188/3832 2435/4189/3833 2490/4190/3834
f 2490/4190/3834 2435/4189/3833 2489/4191/3835
f 2489/4191/3835 2435/4189/3833 2434/4192/3836
f 2489/4191/3835 2434/4192/3836 2488/4193/3837
f 2488/4193/3837 2434/4192/3836 2433/4194/3838
f 2488/4193/3837 2433/4194/3838 2487/4195/3839
f 2487/4195/3839 2433/4194/3838 2432/4196/3840
f 2487/4195/3839 2432/4196/3840 2486/4197/3841
f 2486/4197/3841 2432/4196/3840 2431/4198/3842
f 2486/4197/3841 2431/4198/3842 2485/4199/3843
f 2485/4199/3843 2431/4198/3842 2430/4200/3844
f 2485/4199/3843 2430/4200/3844 2484/4201/3845
f 2484/4201/3845 2430/4200/3844 2429/4202/3846
f 2484/4201/3845 2429/4202/3846 2483/4203/3847
f 2483/4203/3847 2429/4202/3846 2428/4204/3848
f 2483/4203/3847 2428/4204/3848 2482/4205/3849
f 2482/4205/3849 2428/4204/3848 2427/4206/3850
f 2482/4205/3849 2427/4206/3850 2481/4207/3851
f 2481/4207/3851 2427/4206/3850 2426/4208/3852
f 2481/4207/3851 2426/4208/3852 2480/4209/3853
f 2480/4209/3853 2426/4208/3852 2425/4210/3854
f 2480/4209/3853 2425/4210/3854 2479/4211/3855
f 2479/4211/3855 2425/4210/3854 2424/4212/3856
f 2479/4213/3857 2424/4214/3858 2545/4215/3859
f 2545/4215/3859 2424/4214/3858 2423/4216/3860
f 2545/4215/3859 2423/4216/3860 2544/4217/3861
f 2544/4217/3861 2423/4216/3860 2422/4218/3862
f 2544/4217/3861 2422/4218/3862 2543/4219/3863
f 2543/4219/3863 2422/4218/3862 2421/4220/3864
f 2543/4219/3863 2421/4220/3864 2542/4221/3865
f 2542/4221/3865 2421/4220/3864 2420/4222/3866
f 2542/4221/3865 2420/4222/3866 2541/4223/3867
f 2541/4223/3867 2420/4222/3866 2419/4224/3868
f 2541/4223/3867 2419/4224/3868 2540/4225/3869
f 2540/4225/3869 2419/4224/3868 2418/4226/3870
f 2540/4225/3869 2418/4226/3870 2539/4227/3871
f 2539/4227/3871 2418/4226/3870 2417/4228/3872
f 2479/4229/3873 2545/4230/3874 2480/4231/3875
f 2480/4231/3875 2545/4230/3874 2481/4232/3876
f 2481/4232/3876 2545/4230/3874 2544/4233/3877
f 2481/4232/3876 2544/4233/3877 2482/4234/3878
f 2482/4234/3878 2544/4233/3877 2543/4235/3879
f 2482/4234/3878 2543/4235/3879 2483/4236/3880
f 2483/4236/3880 2543/4235/3879 2484/4237/3881
f 2484/4237/3881 2543/4235/3879 2542/4238/3882
f 2484/4237/3881 2542/4238/3882 2485/4239/3883
f 2485/4239/3883 2542/4238/3882 2486/4240/3884
f 2486/4240/3884 2542/4238/3882 2541/4241/3885
f 2486/4240/3884 2541/4241/3885 2536/4242/3886
f 2536/4242/3886 2541/4241/3885 2537/4243/3887
f 2537/4243/3887 2541/4241/3885 2540/4244/3888
f 2537/4243/3887 2540/4244/3888 2538/4245/3889
f 2538/4245/3889 2540/4244/3888 2539/4246/3890
f 2536/4242/3886 2535/4247/3891 2486/4240/3884
f 2486/4240/3884 2535/4247/3891 2487/4248/3892
f 2487/4248/3892 2535/4247/3891 2534/4249/3893
f 2487/4248/3892 2534/4249/3893 2533/4250/3894
f 2487/4248/3892 2533/4250/3894 2488/4251/3895
f 2488/4251/3895 2533/4250/3894 2532/4252/3896
f 2488/4251/3895 2532/4252/3896 2531/4253/3897
f 2488/4251/3895 2531/4253/3897 2489/4254/3898
f 2489/4254/3898 2531/4253/3897 2530/4255/3899
f 2489/4254/3898 2530/4255/3899 2529/4256/3900
f 2529/4256/3900 2528/4257/3901 2489/4254/3898
f 2489/4254/3898 2528/4257/3901 2490/4258/3902
f 2490/4258/3902 2528/4257/3901 2527/4259/3903
f 2490/4258/3902 2527/4259/3903 2526/4260/3904
f 2526/4260/3904 2525/4261/3905 2490/4258/3902
f 2490/4258/3902 2525/4261/3905 2491/4262/3906
f 2491/4262/3906 2525/4261/3905 2524/4263/3907
f 2491/4262/3906 2524/4263/3907 2523/4264/3908
f 2523/4264/3908 2522/4265/3909 2491/4262/3906
f 2491/4262/3906 2522/4265/3909 2521/4266/3910
f 2491/4262/3906 2521/4266/3910 2520/4267/3911
f 2520/4267/3911 2519/4268/3912 2491/4262/3906
f 2491/4262/3906 2519/4268/3912 2518/4269/3913
f 2491/4262/3906 2518/4269/3913 2517/4270/3914
f 2517/4270/3914 2516/4271/3915 2491/4262/3906
f 2491/4262/3906 2516/4271/3915 2515/4272/3916
f 2491/4262/3906 2515/4272/3916 2514/4273/3917
f 2514/4273/3917 2513/4274/3918 2491/4262/3906
f 2491/4262/3906 2513/4274/3918 2512/4275/3919
f 2491/4262/3906 2512/4275/3919 2492/4276/3920
f 2492/4276/3920 2512/4275/3919 2511/4277/3921
f 2492/4276/3920 2511/4277/3921 2510/4278/3922
f 2510/4278/3922 2509/4279/3923 2492/4276/3920
f 2492/4276/3920 2509/4279/3923 2508/4280/3924
f 2492/4276/3920 2508/4280/3924 2507/4281/3925
f 2492/4276/3920 2507/4281/3925 2493/4282/3926
f 2493/4282/3926 2507/4281/3925 2506/4283/3927
f 2493/4282/3926 2506/4283/3927 2505/4284/3928
f 2493/4282/3926 2505/4284/3928 2494/4285/3929
f 2494/4285/3929 2505/4284/3928 2504/4286/3930
f 2494/4285/3929 2504/4286/3930 2503/4287/3931
f 2494/4285/3929 2503/4287/3931 2495/4288/3932
f 2495/4288/3932 2503/4287/3931 2502/4289/3933
f 2495/4288/3932 2502/4289/3933 2496/4290/3934
f 2496/4290/3934 2502/4289/3933 2501/4291/3935
f 2496/4290/3934 2501/4291/3935 2497/4292/3936
f 2497/4292/3936 2501/4291/3935 2500/4293/3937
f 2497/4292/3936 2500/4293/3937 2498/4294/3938
f 2498/4294/3938 2500/4293/3937 2499/4295/3939
g Body12

v 10.305000 6.163875 -0.340820
v 10.305000 6.167557 -0.351134
v 10.305000 6.169741 -0.361777
v 10.305000 6.170336 -0.372737
v 10.305000 6.169319 -0.383644
v 10.305000 6.166825 -0.394305
v 10.305000 6.163015 -0.404672
v 10.305000 6.158085 -0.414639
v 10.305000 6.152234 -0.424135
v 10.305000 6.145658 -0.433097
v 10.305000 6.138427 -0.441602
v 10.305000 6.130485 -0.449786
v 10.305000 6.121919 -0.457573
v 10.305000 6.112817 -0.464882
v 10.305000 6.103268 -0.471636
v 10.305000 6.093363 -0.477752
v 10.305000 6.083222 -0.483139
v 10.305000 6.072938 -0.487725
v 10.305000 6.062585 -0.491451
v 10.305000 6.052235 -0.494258
v 10.305000 6.041980 -0.496084
v 10.305000 6.032152 -0.496866
v 10.305000 6.022884 -0.496632
v 10.305000 6.014221 -0.495433
v 10.305000 6.006266 -0.493336
v 10.305000 5.999185 -0.490472
v 10.305000 5.993001 -0.486957
v 10.305000 5.987722 -0.482899
v 10.305000 5.983355 -0.478373
v 10.305000 5.979937 -0.473462
v 10.305000 5.977476 -0.468141
v 10.305000 5.976093 -0.462442
v 10.305000 5.975938 -0.456621
v 10.305000 5.977038 -0.450867
v 10.305000 5.979274 -0.445461
v 10.305000 5.982450 -0.440492
v 10.305000 5.986343 -0.436003
v 10.305000 5.990739 -0.431987
v 10.305000 5.995500 -0.428375
v 10.305000 6.006165 -0.421884
v 10.305000 6.017844 -0.416196
v 10.305000 6.030053 -0.411071
v 10.305000 6.054825 -0.401444
v 10.305000 6.066632 -0.396491
v 10.305000 6.077550 -0.391143
v 10.305000 6.087201 -0.385175
v 10.305000 6.091523 -0.381811
v 10.305000 6.095506 -0.378044
v 10.305000 6.099001 -0.373839
v 10.305000 6.101834 -0.369211
v 10.305000 6.103857 -0.364248
v 10.305000 6.105026 -0.358951
v 10.305000 6.105317 -0.353536
v 10.305000 6.104822 -0.348108
v 10.305000 6.103662 -0.342750
v 10.305000 6.101970 -0.337537
v 10.305000 6.109698 -0.343126
v 10.305000 6.118347 -0.347145
v 10.305000 6.127602 -0.349450
v 10.305000 6.137126 -0.349955
v 10.305000 6.146573 -0.348642
v 10.305000 6.155599 -0.345560
v 10.355000 6.163875 -0.340820
v 10.355000 6.166640 -0.348113
v 10.355000 6.168641 -0.355470
v 10.355000 6.169877 -0.362888
v 10.355000 6.170347 -0.370366
v 10.355000 6.170051 -0.377901
v 10.355000 6.168993 -0.385486
v 10.355000 6.167177 -0.393113
v 10.355000 6.164608 -0.400768
v 10.355000 6.161300 -0.408434
v 10.355000 6.157264 -0.416089
v 10.355000 6.152523 -0.423705
v 10.355000 6.147099 -0.431249
v 10.355000 6.141025 -0.438678
v 10.355000 6.134339 -0.445945
v 10.355000 6.127085 -0.452992
v 10.355000 6.119317 -0.459755
v 10.355000 6.111093 -0.466166
v 10.355000 6.102480 -0.472154
v 10.355000 6.093547 -0.477646
v 10.355000 6.084372 -0.482571
v 10.355000 6.075034 -0.486860
v 10.355000 6.065616 -0.490452
v 10.355000 6.056206 -0.493291
v 10.355000 6.046894 -0.495332
v 10.355000 6.037771 -0.496541
v 10.355000 6.028929 -0.496898
v 10.355000 6.020464 -0.496400
v 10.355000 6.012470 -0.495060
v 10.355000 6.005039 -0.492913
v 10.355000 5.998267 -0.490016
v 10.355000 5.992242 -0.486443
v 10.355000 5.987050 -0.482285
v 10.355000 5.982769 -0.477643
v 10.355000 5.979469 -0.472624
v 10.355000 5.977206 -0.467341
v 10.355000 5.976026 -0.461902
v 10.355000 5.975956 -0.456413
v 10.355000 5.977007 -0.450972
v 10.355000 5.979169 -0.445661
v 10.355000 5.982409 -0.440546
v 10.355000 5.986671 -0.435673
v 10.355000 5.991875 -0.431068
v 10.355000 5.997922 -0.426742
v 10.355000 6.004698 -0.422685
v 10.355000 6.019911 -0.415285
v 10.355000 6.036389 -0.408581
v 10.355000 6.052959 -0.402180
v 10.355000 6.068495 -0.395644
v 10.355000 6.075565 -0.392198
v 10.355000 6.082031 -0.388573
v 10.355000 6.087811 -0.384735
v 10.355000 6.092838 -0.380654
v 10.355000 6.097062 -0.376309
v 10.355000 6.100444 -0.371683
v 10.355000 6.102954 -0.366762
v 10.355000 6.104573 -0.361538
v 10.355000 6.105289 -0.356006
v 10.355000 6.105095 -0.350163
v 10.355000 6.103989 -0.344006
v 10.355000 6.101970 -0.337537
v 10.355000 6.109698 -0.343126
v 10.355000 6.118347 -0.347145
v 10.355000 6.127602 -0.349450
v 10.355000 6.137126 -0.349955
v 10.355000 6.146573 -0.348642
v 10.355000 6.155599 -0.345560
vt -0.091116 0.077093 0.000000
vt -0.094798 0.066779 0.000000
vt -0.082840 0.072353 0.000000
vt -0.096982 0.056136 0.000000
vt -0.073814 0.069270 0.000000
vt -0.097577 0.045176 0.000000
vt -0.064368 0.067958 0.000000
vt -0.096561 0.034269 0.000000
vt -0.029075 0.048701 0.000000
vt -0.094067 0.023608 0.000000
vt -0.026242 0.044074 0.000000
vt -0.090256 0.013240 0.000000
vt -0.022747 0.039869 0.000000
vt -0.085326 0.003274 0.000000
vt -0.018764 0.036101 0.000000
vt -0.079475 -0.006222 0.000000
vt -0.014442 0.032737 0.000000
vt -0.072899 -0.015185 0.000000
vt -0.004791 0.026769 0.000000
vt -0.065668 -0.023689 0.000000
vt -0.057726 -0.031874 0.000000
vt 0.006127 0.021421 0.000000
vt -0.049160 -0.039660 0.000000
vt -0.040058 -0.046970 0.000000
vt 0.017934 0.016468 0.000000
vt -0.030509 -0.053723 0.000000
vt -0.020604 -0.059840 0.000000
vt 0.042706 0.006842 0.000000
vt -0.010463 -0.065226 0.000000
vt -0.000180 -0.069812 0.000000
vt 0.054915 0.001716 0.000000
vt 0.010174 -0.073538 0.000000
vt 0.020524 -0.076345 0.000000
vt 0.066594 -0.003972 0.000000
vt 0.030779 -0.078172 0.000000
vt 0.040607 -0.078953 0.000000
vt 0.077258 -0.010463 0.000000
vt 0.049875 -0.078720 0.000000
vt 0.058538 -0.077520 0.000000
vt 0.082020 -0.014074 0.000000
vt 0.066493 -0.075424 0.000000
vt 0.073574 -0.072559 0.000000
vt 0.086416 -0.018090 0.000000
vt 0.079758 -0.069045 0.000000
vt 0.090309 -0.022579 0.000000
vt 0.085037 -0.064986 0.000000
vt 0.089404 -0.060460 0.000000
vt 0.093485 -0.027548 0.000000
vt 0.092822 -0.055550 0.000000
vt 0.095283 -0.050228 0.000000
vt 0.095721 -0.032955 0.000000
vt 0.096666 -0.044530 0.000000
vt 0.096821 -0.038708 0.000000
vt -0.031098 0.053664 0.000000
vt -0.054843 0.068463 0.000000
vt -0.032267 0.058962 0.000000
vt -0.045589 0.070767 0.000000
vt -0.032558 0.064376 0.000000
vt -0.032063 0.069805 0.000000
vt -0.036940 0.074787 0.000000
vt -0.030903 0.075162 0.000000
vt -0.029211 0.080376 0.000000
vt 0.000000 0.050000 0.000000
vt 0.005203 0.050000 0.000000
vt 0.000000 0.100000 0.000000
vt 0.006487 0.100000 0.000000
vt 0.010772 0.050000 0.000000
vt 0.012974 0.100000 0.000000
vt 0.016677 0.050000 0.000000
vt 0.019461 0.100000 0.000000
vt 0.022868 0.050000 0.000000
vt 0.025948 0.100000 0.000000
vt 0.029266 0.050000 0.000000
vt 0.032435 0.100000 0.000000
vt 0.035615 0.050000 0.000000
vt 0.038922 0.100000 0.000000
vt 0.041895 0.050000 0.000000
vt 0.045409 0.100000 0.000000
vt 0.047950 0.050000 0.000000
vt 0.051896 0.100000 0.000000
vt 0.053695 0.050000 0.000000
vt 0.058383 0.100000 0.000000
vt 0.059108 0.050000 0.000000
vt 0.064871 0.100000 0.000000
vt 0.069433 0.050000 0.000000
vt 0.071358 0.100000 0.000000
vt 0.079478 0.050000 0.000000
vt 0.077845 0.100000 0.000000
vt 0.090819 0.100000 0.000000
vt 0.089323 0.050000 0.000000
vt 0.103793 0.100000 0.000000
vt 0.108723 0.050000 0.000000
vt 0.116767 0.100000 0.000000
vt 0.118448 0.050000 0.000000
vt 0.129741 0.100000 0.000000
vt 0.128412 0.050000 0.000000
vt 0.136228 0.100000 0.000000
vt 0.138727 0.050000 0.000000
vt 0.142715 0.100000 0.000000
vt 0.144041 0.050000 0.000000
vt 0.149202 0.100000 0.000000
vt 0.149653 0.050000 0.000000
vt 0.155689 0.100000 0.000000
vt 0.155620 0.050000 0.000000
vt 0.161928 0.050000 0.000000
vt 0.162176 0.100000 0.000000
vt 0.168538 0.050000 0.000000
vt 0.168663 0.100000 0.000000
vt 0.175150 0.100000 0.000000
vt 0.175396 0.050000 0.000000
vt 0.181638 0.100000 0.000000
vt 0.182277 0.050000 0.000000
vt 0.188125 0.100000 0.000000
vt 0.189091 0.050000 0.000000
vt 0.194612 0.100000 0.000000
vt 0.195668 0.050000 0.000000
vt 0.201099 0.100000 0.000000
vt 0.202081 0.050000 0.000000
vt 0.207586 0.100000 0.000000
vt 0.208493 0.050000 0.000000
vt 0.214073 0.100000 0.000000
vt 0.214940 0.050000 0.000000
vt 0.220560 0.100000 0.000000
vt 0.221481 0.050000 0.000000
vt 0.227047 0.100000 0.000000
vt 0.228157 0.050000 0.000000
vt 0.233534 0.100000 0.000000
vt 0.234992 0.050000 0.000000
vt 0.240021 0.100000 0.000000
vt 0.241909 0.050000 0.000000
vt 0.246508 0.100000 0.000000
vt 0.248901 0.050000 0.000000
vt 0.252995 0.100000 0.000000
vt 0.256009 0.050000 0.000000
vt 0.259482 0.100000 0.000000
vt 0.263214 0.050000 0.000000
vt 0.265969 0.100000 0.000000
vt 0.270370 0.050000 0.000000
vt 0.272456 0.100000 0.000000
vt 0.277497 0.050000 0.000000
vt 0.278943 0.100000 0.000000
vt 0.284626 0.050000 0.000000
vt 0.285430 0.100000 0.000000
vt 0.291786 0.050000 0.000000
vt 0.291917 0.100000 0.000000
vt 0.298405 0.100000 0.000000
vt 0.298988 0.050000 0.000000
vt 0.304892 0.100000 0.000000
vt 0.306224 0.050000 0.000000
vt 0.311379 0.100000 0.000000
vt 0.313506 0.050000 0.000000
vt 0.317866 0.100000 0.000000
vt 0.320846 0.050000 0.000000
vt 0.324353 0.100000 0.000000
vt 0.328250 0.050000 0.000000
vt 0.330840 0.100000 0.000000
vt 0.335724 0.050000 0.000000
vt 0.337327 0.100000 0.000000
vt 0.343447 0.050000 0.000000
vt 0.343814 0.100000 0.000000
vt 0.350301 0.100000 0.000000
vt 0.351532 0.050000 0.000000
vt 0.356788 0.100000 0.000000
vt 0.359971 0.050000 0.000000
vt 0.363275 0.100000 0.000000
vt 0.368751 0.050000 0.000000
vt 0.369762 0.100000 0.000000
vt 0.376249 0.100000 0.000000
vt 0.377821 0.050000 0.000000
vt 0.382736 0.100000 0.000000
vt 0.387177 0.050000 0.000000
vt 0.389223 0.100000 0.000000
vt 0.396679 0.050000 0.000000
vt 0.395710 0.100000 0.000000
vt 0.402197 0.100000 0.000000
vt 0.406014 0.050000 0.000000
vt 0.408684 0.100000 0.000000
vt 0.415172 0.050000 0.000000
vt 0.415172 0.100000 0.000000
vt 0.100000 -0.047757 0.000000
vt 0.050000 -0.047757 0.000000
vt 0.100000 -0.057309 0.000000
vt 0.050000 -0.057309 0.000000
vt 0.100000 -0.066861 0.000000
vt 0.050000 -0.066861 0.000000
vt 0.100000 -0.076413 0.000000
vt 0.050000 -0.076413 0.000000
vt 0.100000 -0.085965 0.000000
vt 0.050000 -0.085965 0.000000
vt 0.100000 -0.095517 0.000000
vt 0.050000 -0.095517 0.000000
vt 0.100000 -0.105069 0.000000
vt 0.050000 -0.105069 0.000000
vt 0.100000 -0.114621 0.000000
vt 0.050000 -0.114621 0.000000
vt 0.029211 0.080376 0.000000
vt 0.031230 0.073906 0.000000
vt 0.036940 0.074787 0.000000
vt 0.032336 0.067750 0.000000
vt 0.045589 0.070767 0.000000
vt 0.032530 0.061906 0.000000
vt 0.054843 0.068463 0.000000
vt 0.031814 0.056374 0.000000
vt 0.030195 0.051151 0.000000
vt 0.027685 0.046230 0.000000
vt 0.096235 0.032426 0.000000
vt 0.097293 0.040012 0.000000
vt 0.064368 0.067958 0.000000
vt 0.097588 0.047546 0.000000
vt 0.073814 0.069270 0.000000
vt 0.097118 0.055025 0.000000
vt 0.095882 0.062443 0.000000
vt 0.024303 0.041603 0.000000
vt 0.091850 0.017145 0.000000
vt 0.094418 0.024800 0.000000
vt 0.088541 0.009479 0.000000
vt 0.020079 0.037258 0.000000
vt 0.084506 0.001824 0.000000
vt 0.079764 -0.005793 0.000000
vt 0.015052 0.033178 0.000000
vt 0.074341 -0.013336 0.000000
vt 0.009272 0.029339 0.000000
vt 0.068267 -0.020766 0.000000
vt 0.002806 0.025715 0.000000
vt 0.061580 -0.028032 0.000000
vt 0.054326 -0.035079 0.000000
vt -0.004264 0.022268 0.000000
vt 0.046558 -0.041842 0.000000
vt -0.019800 0.015733 0.000000
vt 0.038334 -0.048254 0.000000
vt 0.029721 -0.054242 0.000000
vt 0.020789 -0.059734 0.000000
vt -0.036370 0.009331 0.000000
vt 0.011613 -0.064658 0.000000
vt 0.002275 -0.068947 0.000000
vt -0.052848 0.002628 0.000000
vt -0.007143 -0.072539 0.000000
vt -0.016552 -0.075378 0.000000
vt -0.025865 -0.077419 0.000000
vt -0.068061 -0.004772 0.000000
vt -0.034988 -0.078628 0.000000
vt -0.043829 -0.078986 0.000000
vt -0.074836 -0.008829 0.000000
vt -0.052294 -0.078487 0.000000
vt -0.080884 -0.013156 0.000000
vt -0.060289 -0.077147 0.000000
vt -0.067719 -0.075001 0.000000
vt -0.074492 -0.072104 0.000000
vt -0.086088 -0.017760 0.000000
vt -0.080517 -0.068531 0.000000
vt -0.085709 -0.064373 0.000000
vt -0.089990 -0.059730 0.000000
vt -0.090350 -0.022633 0.000000
vt -0.093290 -0.054712 0.000000
vt -0.095552 -0.049428 0.000000
vt -0.093590 -0.027748 0.000000
vt -0.096733 -0.043989 0.000000
vt -0.095752 -0.033059 0.000000
vt -0.096803 -0.038501 0.000000
vt 0.082840 0.072353 0.000000
vt 0.093882 0.069799 0.000000
vt 0.091116 0.077093 0.000000
vn -1.000000 -0.000000 -0.000000
vn -1.000000 -0.000000 -0.000000
vn -1.000000 -0.000000 -0.000000
vn -1.000000 -0.000000 -0.000000
vn -1.000000 -0.000000 -0.000000
vn -1.000000 -0.000000 -0.000000
vn -1.000000 -0.000000 -0.000000
vn -1.000000 -0.000000 -0.000000
vn -1.000000 -0.000000 -0.000000
vn -1.000000 -0.000000 -0.000000
vn -1.000000 -0.000000 -0.000000
vn -1.000000 -0.000000 -0.000000
vn -1.000000 -0.000000 -0.000000
vn -1.000000 -0.000000 -0.000000
vn -1.000000 -0.000000 -0.000000
vn -1.000000 -0.000000 -0.000000
vn -1.000000 -0.000000 -0.000000
vn -1.000000 -0.000000 -0.000000
vn -1.000000 -0.000000 -0.000000
vn -1.000000 -0.000000 -0.000000
vn -1.000000 -0.000000 -0.000000
vn -1.000000 -0.000000 -0.000000
vn -1.000000 -0.000000 -0.000000
vn -1.000000 -0.000000 -0.000000
vn -1.000000 -0.000000 -0.000000
vn -1.000000 -0.000000 -0.000000
vn -1.000000 -0.000000 -0.000000
vn -1.000000 -0.000000 -0.000000
vn -1.000000 -0.000000 -0.000000
vn -1.000000 -0.000000 -0.000000
vn -1.000000 -0.000000 -0.000000
vn -1.000000 -0.000000 -0.000000
vn -1.000000 -0.000000 -0.000000
vn -1.000000 -0.000000 -0.000000
vn -1.000000 -0.000000 -0.000000
vn -1.000000 -0.000000 -0.000000
vn -1.000000 -0.000000 -0.000000
vn -1.000000 -0.000000 -0.000000
vn -1.000000 -0.000000 -0.000000
vn -1.000000 -0.000000 -0.000000
vn -1.000000 -0.000000 -0.000000
vn -1.000000 -0.000000 -0.000000
vn -1.000000 -0.000000 -0.000000
vn -1.000000 -0.000000 -0.000000
vn -1.000000 -0.000000 -0.000000
vn -1.000000 -0.000000 -0.000000
vn -1.000000 -0.000000 -0.000000
vn -1.000000 -0.000000 -0.000000
vn -1.000000 -0.000000 -0.000000
vn -1.000000 -0.000000 -0.000000
vn -1.000000 -0.000000 -0.000000
vn -1.000000 -0.000000 -0.000000
vn -1.000000 -0.000000 -0.000000
vn -1.000000 -0.000000 -0.000000
vn -1.000000 -0.000000 -0.000000
vn -1.000000 -0.000000 -0.000000
vn -1.000000 -0.000000 -0.000000
vn -1.000000 -0.000000 -0.000000
vn -1.000000 -0.000000 -0.000000
vn -1.000000 -0.000000 -0.000000
vn -1.000000 -0.000000 -0.000000
vn -1.000000 -0.000000 -0.000000
vn 0.000000 -0.936776 -0.349930
vn 0.000000 -0.964588 -0.263761
vn 0.000000 -0.936776 -0.349930
vn 0.000000 -0.970711 -0.240249
vn 0.000000 -0.987879 -0.155229
vn 0.000000 -0.994189 -0.107648
vn 0.000000 -0.999754 -0.022169
vn 0.000000 -0.998942 0.045988
vn 0.000000 -0.991168 0.132616
vn 0.000000 -0.977175 0.212438
vn 0.000000 -0.954549 0.298054
vn 0.000000 -0.926021 0.377473
vn 0.000000 -0.891483 0.453054
vn 0.000000 -0.850621 0.525780
vn 0.000000 -0.810941 0.585128
vn 0.000000 -0.762162 0.647387
vn 0.000000 -0.726608 0.687052
vn 0.000000 -0.672451 0.740142
vn 0.000000 -0.648594 0.761135
vn 0.000000 -0.589938 0.807448
vn 0.000000 -0.581397 0.813620
vn 0.000000 -0.519086 0.854722
vn 0.000000 -0.477199 0.878795
vn 0.000000 -0.461545 0.887117
vn 0.000000 -0.408334 0.912833
vn 0.000000 -0.417407 0.908720
vn 0.000000 -0.366643 0.930362
vn 0.000000 -0.370087 0.928997
vn 0.000000 -0.361425 0.932401
vn 0.000000 -0.370771 0.928724
vn 0.000000 -0.399612 0.916684
vn 0.000000 -0.407837 0.913055
vn 0.000000 -0.484226 0.874943
vn 0.000000 -0.473247 0.880930
vn 0.000000 -0.545771 0.837934
vn 0.000000 -0.573025 0.819538
vn 0.000000 -0.620481 0.784221
vn 0.000000 -0.637267 0.770643
vn 0.000000 -0.706642 0.707571
vn 0.000000 -0.712955 0.701210
vn 0.000000 -0.799068 0.601240
vn 0.000000 -0.798071 0.602563
vn 0.000000 -0.884539 0.466467
vn 0.000000 -0.887700 0.460422
vn 0.000000 -0.957048 0.289929
vn 0.000000 -0.958145 0.286282
vn 0.000000 -0.996021 0.089114
vn 0.000000 -0.996679 0.081427
vn 0.000000 -0.993486 -0.113954
vn 0.000000 -0.991033 -0.133617
vn 0.000000 -0.952106 -0.305767
vn 0.000000 -0.943070 -0.332595
vn 0.000000 -0.880028 -0.474921
vn 0.000000 -0.866069 -0.499925
vn 0.000000 -0.787005 -0.616946
vn 0.000000 -0.771636 -0.636064
vn 0.000000 -0.681146 -0.732147
vn 0.000000 -0.665671 -0.746245
vn 0.000000 -0.568149 -0.822926
vn 0.000000 -0.552726 -0.833363
vn 0.000000 -0.451894 -0.892072
vn 0.000000 -0.435295 -0.900288
vn 0.000000 -0.335299 -0.942112
vn 0.000000 -0.315509 -0.948923
vn 0.000000 -0.220936 -0.975288
vn 0.000000 -0.195794 -0.980645
vn 0.000000 -0.111257 -0.993792
vn 0.000000 -0.080519 -0.996753
vn 0.000000 -0.008237 -0.999966
vn 0.000000 0.027824 -0.999613
vn 0.000000 0.086935 -0.996214
vn 0.000000 0.128333 -0.991731
vn 0.000000 0.173803 -0.984780
vn 0.000000 0.220048 -0.975489
vn 0.000000 0.252495 -0.967598
vn 0.000000 0.301478 -0.953473
vn 0.000000 0.323540 -0.946214
vn 0.000000 0.373951 -0.927448
vn 0.000000 0.387706 -0.921783
vn 0.000000 0.438954 -0.898509
vn 0.000000 0.445868 -0.895099
vn 0.000000 0.497895 -0.867237
vn 0.000000 0.498929 -0.866643
vn 0.000000 0.547768 -0.836630
vn 0.000000 0.551980 -0.833858
vn 0.000000 0.593215 -0.805044
vn 0.000000 0.602200 -0.798345
vn 0.000000 0.636036 -0.771659
vn 0.000000 0.649628 -0.760252
vn 0.000000 0.676921 -0.736056
vn 0.000000 0.695222 -0.718795
vn 0.000000 0.716462 -0.697626
vn 0.000000 0.739769 -0.672861
vn 0.000000 0.755114 -0.655594
vn 0.000000 0.783796 -0.621018
vn 0.000000 0.793141 -0.609038
vn 0.000000 0.828446 -0.560070
vn 0.000000 0.830542 -0.556955
vn 0.000000 0.866977 -0.498348
vn 0.000000 0.873727 -0.486417
vn 0.000000 0.901719 -0.432323
vn 0.000000 0.917817 -0.397003
vn 0.000000 0.933631 -0.358237
vn 0.000000 0.957249 -0.289266
vn 0.000000 0.961188 -0.275893
vn 0.000000 0.982593 -0.185770
vn 0.000000 0.986644 -0.162890
vn 0.000000 0.996014 -0.089200
vn 0.000000 0.999790 -0.020481
vn -0.000000 0.999933 0.011604
vn -0.000000 0.991659 0.128893
vn -0.000000 0.993512 0.113732
vn -0.000000 0.976836 0.213989
vn -0.000000 0.962613 0.270880
vn -0.000000 0.950929 0.309411
vn -0.000000 0.917513 0.397705
vn -0.000000 0.917513 0.397705
vn 0.000000 -0.577494 0.816395
vn 0.000000 -0.577494 0.816395
vn 0.000000 -0.411972 0.911196
vn 0.000000 -0.411972 0.911196
vn 0.000000 -0.231461 0.972844
vn 0.000000 -0.231461 0.972844
vn 0.000000 -0.042528 0.999095
vn 0.000000 -0.042528 0.999095
vn -0.000000 0.147953 0.988994
vn -0.000000 0.147953 0.988994
vn -0.000000 0.333051 0.942909
vn -0.000000 0.333051 0.942909
vn -0.000000 0.506030 0.862516
vn -0.000000 0.506030 0.862516
vn -0.000000 0.660597 0.750740
vn -0.000000 0.660597 0.750740
vn 1.000000 0.000000 0.000000
vn 1.000000 0.000000 0.000000
vn 1.000000 0.000000 0.000000
vn 1.000000 0.000000 0.000000
vn 1.000000 0.000000 0.000000
vn 1.000000 0.000000 0.000000
vn 1.000000 0.000000 0.000000
vn 1.000000 0.000000 0.000000
vn 1.000000 0.000000 0.000000
vn 1.000000 0.000000 0.000000
vn 1.000000 0.000000 0.000000
vn 1.000000 0.000000 0.000000
vn 1.000000 0.000000 0.000000
vn 1.000000 0.000000 0.000000
vn 1.000000 0.000000 0.000000
vn 1.000000 0.000000 0.000000
vn 1.000000 0.000000 0.000000
vn 1.000000 0.000000 0.000000
vn 1.000000 0.000000 0.000000
vn 1.000000 0.000000 0.000000
vn 1.000000 0.000000 0.000000
vn 1.000000 0.000000 0.000000
vn 1.000000 0.000000 0.000000
vn 1.000000 0.000000 0.000000
vn 1.000000 0.000000 0.000000
vn 1.000000 0.000000 0.000000
vn 1.000000 0.000000 0.000000
vn 1.000000 0.000000 0.000000
vn 1.000000 0.000000 0.000000
vn 1.000000 0.000000 0.000000
vn 1.000000 0.000000 0.000000
vn 1.000000 0.000000 0.000000
vn 1.000000 0.000000 0.000000
vn 1.000000 0.000000 0.000000
vn 1.000000 0.000000 0.000000
vn 1.000000 0.000000 0.000000
vn 1.000000 0.000000 0.000000
vn 1.000000 0.000000 0.000000
vn 1.000000 0.000000 0.000000
vn 1.000000 0.000000 0.000000
vn 1.000000 0.000000 0.000000
vn 1.000000 0.000000 0.000000
vn 1.000000 0.000000 0.000000
vn 1.000000 0.000000 0.000000
vn 1.000000 0.000000 0.000000
vn 1.000000 0.000000 0.000000
vn 1.000000 0.000000 0.000000
vn 1.000000 0.000000 0.000000
vn 1.000000 0.000000 0.000000
vn 1.000000 0.000000 0.000000
vn 1.000000 0.000000 0.000000
vn 1.000000 0.000000 0.000000
vn 1.000000 0.000000 0.000000
vn 1.000000 0.000000 0.000000
vn 1.000000 0.000000 0.000000
vn 1.000000 0.000000 0.000000
vn 1.000000 0.000000 0.000000
vn 1.000000 0.000000 0.000000
vn 1.000000 0.000000 0.000000
vn 1.000000 0.000000 0.000000
vn 1.000000 0.000000 0.000000
vn 1.000000 0.000000 0.000000
vn 1.000000 0.000000 0.000000
vn 1.000000 0.000000 0.000000
vn 1.000000 0.000000 0.000000
vn 1.000000 0.000000 0.000000
vn 1.000000 0.000000 0.000000
f 2546/4296/3940 2547/4297/3941 2607/4298/3942
f 2607/4298/3942 2547/4297/3941 2548/4299/3943
f 2607/4298/3942 2548/4299/3943 2606/4300/3944
f 2606/4300/3944 2548/4299/3943 2549/4301/3945
f 2606/4300/3944 2549/4301/3945 2605/4302/3946
f 2605/4302/3946 2549/4301/3945 2550/4303/3947
f 2605/4302/3946 2550/4303/3947 2595/4304/3948
f 2595/4304/3948 2550/4303/3947 2551/4305/3949
f 2595/4304/3948 2551/4305/3949 2594/4306/3950
f 2594/4306/3950 2551/4305/3949 2552/4307/3951
f 2594/4306/3950 2552/4307/3951 2593/4308/3952
f 2593/4308/3952 2552/4307/3951 2553/4309/3953
f 2593/4308/3952 2553/4309/3953 2592/4310/3954
f 2592/4310/3954 2553/4309/3953 2554/4311/3955
f 2592/4310/3954 2554/4311/3955 2591/4312/3956
f 2591/4312/3956 2554/4311/3955 2555/4313/3957
f 2591/4312/3956 2555/4313/3957 2590/4314/3958
f 2590/4314/3958 2555/4313/3957 2556/4315/3959
f 2590/4314/3958 2556/4315/3959 2557/4316/3960
f 2590/4314/3958 2557/4316/3960 2589/4317/3961
f 2589/4317/3961 2557/4316/3960 2558/4318/3962
f 2589/4317/3961 2558/4318/3962 2559/4319/3963
f 2589/4317/3961 2559/4319/3963 2588/4320/3964
f 2588/4320/3964 2559/4319/3963 2560/4321/3965
f 2588/4320/3964 2560/4321/3965 2561/4322/3966
f 2588/4320/3964 2561/4322/3966 2587/4323/3967
f 2587/4323/3967 2561/4322/3966 2562/4324/3968
f 2587/4323/3967 2562/4324/3968 2563/4325/3969
f 2587/4323/3967 2563/4325/3969 2586/4326/3970
f 2586/4326/3970 2563/4325/3969 2564/4327/3971
f 2586/4326/3970 2564/4327/3971 2565/4328/3972
f 2586/4326/3970 2565/4328/3972 2585/4329/3973
f 2585/4329/3973 2565/4328/3972 2566/4330/3974
f 2585/4329/3973 2566/4330/3974 2567/4331/3975
f 2585/4329/3973 2567/4331/3975 2584/4332/3976
f 2584/4332/3976 2567/4331/3975 2568/4333/3977
f 2584/4332/3976 2568/4333/3977 2569/4334/3978
f 2584/4332/3976 2569/4334/3978 2583/4335/3979
f 2583/4335/3979 2569/4334/3978 2570/4336/3980
f 2583/4335/3979 2570/4336/3980 2571/4337/3981
f 2583/4335/3979 2571/4337/3981 2582/4338/3982
f 2582/4338/3982 2571/4337/3981 2572/4339/3983
f 2582/4338/3982 2572/4339/3983 2581/4340/3984
f 2581/4340/3984 2572/4339/3983 2573/4341/3985
f 2581/4340/3984 2573/4341/3985 2574/4342/3986
f 2581/4340/3984 2574/4342/3986 2580/4343/3987
f 2580/4343/3987 2574/4342/3986 2575/4344/3988
f 2580/4343/3987 2575/4344/3988 2576/4345/3989
f 2580/4343/3987 2576/4345/3989 2579/4346/3990
f 2579/4346/3990 2576/4345/3989 2577/4347/3991
f 2579/4346/3990 2577/4347/3991 2578/4348/3992
f 2595/4304/3948 2596/4349/3993 2605/4302/3946
f 2605/4302/3946 2596/4349/3993 2604/4350/3994
f 2604/4350/3994 2596/4349/3993 2597/4351/3995
f 2604/4350/3994 2597/4351/3995 2603/4352/3996
f 2603/4352/3996 2597/4351/3995 2598/4353/3997
f 2603/4352/3996 2598/4353/3997 2599/4354/3998
f 2603/4352/3996 2599/4354/3998 2602/4355/3999
f 2602/4355/3999 2599/4354/3998 2600/4356/4000
f 2602/4355/3999 2600/4356/4000 2601/4357/4001
f 2601/4358/4002 2600/4359/4003 2668/4360/4004
f 2668/4360/4004 2600/4359/4003 2667/4361/4005
f 2667/4361/4005 2600/4359/4003 2599/4362/4006
f 2667/4361/4005 2599/4362/4006 2666/4363/4007
f 2666/4363/4007 2599/4362/4006 2598/4364/4008
f 2666/4363/4007 2598/4364/4008 2665/4365/4009
f 2665/4365/4009 2598/4364/4008 2597/4366/4010
f 2665/4365/4009 2597/4366/4010 2664/4367/4011
f 2664/4367/4011 2597/4366/4010 2596/4368/4012
f 2664/4367/4011 2596/4368/4012 2663/4369/4013
f 2663/4369/4013 2596/4368/4012 2595/4370/4014
f 2663/4369/4013 2595/4370/4014 2662/4371/4015
f 2662/4371/4015 2595/4370/4014 2594/4372/4016
f 2662/4371/4015 2594/4372/4016 2661/4373/4017
f 2661/4373/4017 2594/4372/4016 2593/4374/4018
f 2661/4373/4017 2593/4374/4018 2660/4375/4019
f 2660/4375/4019 2593/4374/4018 2592/4376/4020
f 2660/4375/4019 2592/4376/4020 2659/4377/4021
f 2659/4377/4021 2592/4376/4020 2591/4378/4022
f 2659/4377/4021 2591/4378/4022 2658/4379/4023
f 2658/4379/4023 2591/4378/4022 2590/4380/4024
f 2658/4379/4023 2590/4380/4024 2657/4381/4025
f 2657/4381/4025 2590/4380/4024 2589/4382/4026
f 2657/4381/4025 2589/4382/4026 2656/4383/4027
f 2656/4383/4027 2589/4382/4026 2655/4384/4028
f 2655/4384/4028 2589/4382/4026 2588/4385/4029
f 2655/4384/4028 2588/4385/4029 2654/4386/4030
f 2654/4386/4030 2588/4385/4029 2587/4387/4031
f 2654/4386/4030 2587/4387/4031 2653/4388/4032
f 2653/4388/4032 2587/4387/4031 2586/4389/4033
f 2653/4388/4032 2586/4389/4033 2652/4390/4034
f 2652/4390/4034 2586/4389/4033 2585/4391/4035
f 2652/4390/4034 2585/4391/4035 2651/4392/4036
f 2651/4392/4036 2585/4391/4035 2584/4393/4037
f 2651/4392/4036 2584/4393/4037 2650/4394/4038
f 2650/4394/4038 2584/4393/4037 2583/4395/4039
f 2650/4394/4038 2583/4395/4039 2649/4396/4040
f 2649/4396/4040 2583/4395/4039 2582/4397/4041
f 2649/4396/4040 2582/4397/4041 2648/4398/4042
f 2648/4398/4042 2582/4397/4041 2581/4399/4043
f 2648/4398/4042 2581/4399/4043 2580/4400/4044
f 2648/4398/4042 2580/4400/4044 2647/4401/4045
f 2647/4401/4045 2580/4400/4044 2579/4402/4046
f 2647/4401/4045 2579/4402/4046 2646/4403/4047
f 2646/4403/4047 2579/4402/4046 2645/4404/4048
f 2645/4404/4048 2579/4402/4046 2578/4405/4049
f 2645/4404/4048 2578/4405/4049 2644/4406/4050
f 2644/4406/4050 2578/4405/4049 2577/4407/4051
f 2644/4406/4050 2577/4407/4051 2643/4408/4052
f 2643/4408/4052 2577/4407/4051 2576/4409/4053
f 2643/4408/4052 2576/4409/4053 2642/4410/4054
f 2642/4410/4054 2576/4409/4053 2575/4411/4055
f 2642/4410/4054 2575/4411/4055 2641/4412/4056
f 2641/4412/4056 2575/4411/4055 2574/4413/4057
f 2641/4412/4056 2574/4413/4057 2640/4414/4058
f 2640/4414/4058 2574/4413/4057 2573/4415/4059
f 2640/4414/4058 2573/4415/4059 2639/4416/4060
f 2639/4416/4060 2573/4415/4059 2572/4417/4061
f 2639/4416/4060 2572/4417/4061 2638/4418/4062
f 2638/4418/4062 2572/4417/4061 2571/4419/4063
f 2638/4418/4062 2571/4419/4063 2637/4420/4064
f 2637/4420/4064 2571/4419/4063 2570/4421/4065
f 2637/4420/4064 2570/4421/4065 2636/4422/4066
f 2636/4422/4066 2570/4421/4065 2569/4423/4067
f 2636/4422/4066 2569/4423/4067 2635/4424/4068
f 2635/4424/4068 2569/4423/4067 2568/4425/4069
f 2635/4424/4068 2568/4425/4069 2634/4426/4070
f 2634/4426/4070 2568/4425/4069 2567/4427/4071
f 2634/4426/4070 2567/4427/4071 2633/4428/4072
f 2633/4428/4072 2567/4427/4071 2566/4429/4073
f 2633/4428/4072 2566/4429/4073 2632/4430/4074
f 2632/4430/4074 2566/4429/4073 2565/4431/4075
f 2632/4430/4074 2565/4431/4075 2631/4432/4076
f 2631/4432/4076 2565/4431/4075 2564/4433/4077
f 2631/4432/4076 2564/4433/4077 2630/4434/4078
f 2630/4434/4078 2564/4433/4077 2563/4435/4079
f 2630/4434/4078 2563/4435/4079 2629/4436/4080
f 2629/4436/4080 2563/4435/4079 2562/4437/4081
f 2629/4436/4080 2562/4437/4081 2628/4438/4082
f 2628/4438/4082 2562/4437/4081 2561/4439/4083
f 2628/4438/4082 2561/4439/4083 2627/4440/4084
f 2627/4440/4084 2561/4439/4083 2626/4441/4085
f 2626/4441/4085 2561/4439/4083 2560/4442/4086
f 2626/4441/4085 2560/4442/4086 2625/4443/4087
f 2625/4443/4087 2560/4442/4086 2559/4444/4088
f 2625/4443/4087 2559/4444/4088 2624/4445/4089
f 2624/4445/4089 2559/4444/4088 2558/4446/4090
f 2624/4445/4089 2558/4446/4090 2623/4447/4091
f 2623/4447/4091 2558/4446/4090 2557/4448/4092
f 2623/4447/4091 2557/4448/4092 2622/4449/4093
f 2622/4449/4093 2557/4448/4092 2556/4450/4094
f 2622/4449/4093 2556/4450/4094 2621/4451/4095
f 2621/4451/4095 2556/4450/4094 2555/4452/4096
f 2621/4451/4095 2555/4452/4096 2620/4453/4097
f 2620/4453/4097 2555/4452/4096 2554/4454/4098
f 2620/4453/4097 2554/4454/4098 2619/4455/4099
f 2619/4455/4099 2554/4454/4098 2618/4456/4100
f 2618/4456/4100 2554/4454/4098 2553/4457/4101
f 2618/4456/4100 2553/4457/4101 2617/4458/4102
f 2617/4458/4102 2553/4457/4101 2552/4459/4103
f 2617/4458/4102 2552/4459/4103 2616/4460/4104
f 2616/4460/4104 2552/4459/4103 2551/4461/4105
f 2616/4460/4104 2551/4461/4105 2615/4462/4106
f 2615/4462/4106 2551/4461/4105 2614/4463/4107
f 2614/4463/4107 2551/4461/4105 2550/4464/4108
f 2614/4463/4107 2550/4464/4108 2613/4465/4109
f 2613/4465/4109 2550/4464/4108 2549/4466/4110
f 2613/4465/4109 2549/4466/4110 2612/4467/4111
f 2612/4467/4111 2549/4466/4110 2548/4468/4112
f 2612/4467/4111 2548/4468/4112 2611/4469/4113
f 2611/4469/4113 2548/4468/4112 2610/4470/4114
f 2610/4470/4114 2548/4468/4112 2547/4471/4115
f 2610/4470/4114 2547/4471/4115 2609/4472/4116
f 2609/4472/4116 2547/4471/4115 2546/4473/4117
f 2609/4472/4116 2546/4473/4117 2608/4474/4118
f 2608/4475/4119 2546/4476/4120 2674/4477/4121
f 2674/4477/4121 2546/4476/4120 2607/4478/4122
f 2674/4477/4121 2607/4478/4122 2673/4479/4123
f 2673/4479/4123 2607/4478/4122 2606/4480/4124
f 2673/4479/4123 2606/4480/4124 2672/4481/4125
f 2672/4481/4125 2606/4480/4124 2605/4482/4126
f 2672/4481/4125 2605/4482/4126 2671/4483/4127
f 2671/4483/4127 2605/4482/4126 2604/4484/4128
f 2671/4483/4127 2604/4484/4128 2670/4485/4129
f 2670/4485/4129 2604/4484/4128 2603/4486/4130
f 2670/4485/4129 2603/4486/4130 2669/4487/4131
f 2669/4487/4131 2603/4486/4130 2602/4488/4132
f 2669/4487/4131 2602/4488/4132 2668/4489/4133
f 2668/4489/4133 2602/4488/4132 2601/4490/4134
f 2668/4491/4135 2667/4492/4136 2669/4493/4137
f 2669/4493/4137 2667/4492/4136 2666/4494/4138
f 2669/4493/4137 2666/4494/4138 2670/4495/4139
f 2670/4495/4139 2666/4494/4138 2665/4496/4140
f 2670/4495/4139 2665/4496/4140 2671/4497/4141
f 2671/4497/4141 2665/4496/4140 2664/4498/4142
f 2671/4497/4141 2664/4498/4142 2663/4499/4143
f 2662/4500/4144 2614/4501/4145 2663/4499/4143
f 2663/4499/4143 2614/4501/4145 2613/4502/4146
f 2663/4499/4143 2613/4502/4146 2672/4503/4147
f 2672/4503/4147 2613/4502/4146 2612/4504/4148
f 2672/4503/4147 2612/4504/4148 2673/4505/4149
f 2673/4505/4149 2612/4504/4148 2611/4506/4150
f 2673/4505/4149 2611/4506/4150 2610/4507/4151
f 2661/4508/4152 2616/4509/4153 2662/4500/4144
f 2662/4500/4144 2616/4509/4153 2615/4510/4154
f 2662/4500/4144 2615/4510/4154 2614/4501/4145
f 2616/4509/4153 2661/4508/4152 2617/4511/4155
f 2617/4511/4155 2661/4508/4152 2660/4512/4156
f 2617/4511/4155 2660/4512/4156 2618/4513/4157
f 2618/4513/4157 2660/4512/4156 2619/4514/4158
f 2619/4514/4158 2660/4512/4156 2659/4515/4159
f 2619/4514/4158 2659/4515/4159 2620/4516/4160
f 2620/4516/4160 2659/4515/4159 2658/4517/4161
f 2620/4516/4160 2658/4517/4161 2621/4518/4162
f 2621/4518/4162 2658/4517/4161 2657/4519/4163
f 2621/4518/4162 2657/4519/4163 2622/4520/4164
f 2622/4520/4164 2657/4519/4163 2623/4521/4165
f 2623/4521/4165 2657/4519/4163 2656/4522/4166
f 2623/4521/4165 2656/4522/4166 2624/4523/4167
f 2624/4523/4167 2656/4522/4166 2655/4524/4168
f 2624/4523/4167 2655/4524/4168 2625/4525/4169
f 2625/4525/4169 2655/4524/4168 2626/4526/4170
f 2626/4526/4170 2655/4524/4168 2627/4527/4171
f 2627/4527/4171 2655/4524/4168 2654/4528/4172
f 2627/4527/4171 2654/4528/4172 2628/4529/4173
f 2628/4529/4173 2654/4528/4172 2629/4530/4174
f 2629/4530/4174 2654/4528/4172 2653/4531/4175
f 2629/4530/4174 2653/4531/4175 2630/4532/4176
f 2630/4532/4176 2653/4531/4175 2631/4533/4177
f 2631/4533/4177 2653/4531/4175 2632/4534/4178
f 2632/4534/4178 2653/4531/4175 2652/4535/4179
f 2632/4534/4178 2652/4535/4179 2633/4536/4180
f 2633/4536/4180 2652/4535/4179 2634/4537/4181
f 2634/4537/4181 2652/4535/4179 2651/4538/4182
f 2634/4537/4181 2651/4538/4182 2635/4539/4183
f 2635/4539/4183 2651/4538/4182 2650/4540/4184
f 2635/4539/4183 2650/4540/4184 2636/4541/4185
f 2636/4541/4185 2650/4540/4184 2637/4542/4186
f 2637/4542/4186 2650/4540/4184 2638/4543/4187
f 2638/4543/4187 2650/4540/4184 2649/4544/4188
f 2638/4543/4187 2649/4544/4188 2639/4545/4189
f 2639/4545/4189 2649/4544/4188 2640/4546/4190
f 2640/4546/4190 2649/4544/4188 2641/4547/4191
f 2641/4547/4191 2649/4544/4188 2648/4548/4192
f 2641/4547/4191 2648/4548/4192 2642/4549/4193
f 2642/4549/4193 2648/4548/4192 2643/4550/4194
f 2643/4550/4194 2648/4548/4192 2647/4551/4195
f 2643/4550/4194 2647/4551/4195 2644/4552/4196
f 2644/4552/4196 2647/4551/4195 2646/4553/4197
f 2644/4552/4196 2646/4553/4197 2645/4554/4198
f 2673/4505/4149 2610/4507/4151 2674/4555/4199
f 2674/4555/4199 2610/4507/4151 2609/4556/4200
f 2674/4555/4199 2609/4556/4200 2608/4557/4201
f 2672/4503/4147 2671/4497/4141 2663/4499/4143
g Body13

v 10.305000 6.155913 -0.254584
v 10.305000 6.163005 -0.246238
v 10.305000 6.171130 -0.239025
v 10.305000 6.180324 -0.233030
v 10.305000 6.190278 -0.228457
v 10.305000 6.200758 -0.225286
v 10.305000 6.211641 -0.223402
v 10.305000 6.222738 -0.222688
v 10.305000 6.233887 -0.223008
v 10.305000 6.244937 -0.224222
v 10.305000 6.255917 -0.226231
v 10.305000 6.266976 -0.229017
v 10.305000 6.278003 -0.232542
v 10.305000 6.288884 -0.236770
v 10.305000 6.299507 -0.241663
v 10.305000 6.309756 -0.247183
v 10.305000 6.319492 -0.253271
v 10.305000 6.328605 -0.259885
v 10.305000 6.337009 -0.266988
v 10.305000 6.344615 -0.274548
v 10.305000 6.351324 -0.282515
v 10.305000 6.356915 -0.290636
v 10.305000 6.361347 -0.298779
v 10.305000 6.364639 -0.306881
v 10.305000 6.366801 -0.314819
v 10.305000 6.367861 -0.322384
v 10.305000 6.367909 -0.329496
v 10.305000 6.367034 -0.336097
v 10.305000 6.365298 -0.342142
v 10.305000 6.362754 -0.347558
v 10.305000 6.359376 -0.352350
v 10.305000 6.355132 -0.356396
v 10.305000 6.350168 -0.359441
v 10.305000 6.344636 -0.361365
v 10.305000 6.338836 -0.362133
v 10.305000 6.332944 -0.361866
v 10.305000 6.327110 -0.360739
v 10.305000 6.321434 -0.358940
v 10.305000 6.315926 -0.356623
v 10.305000 6.304972 -0.350632
v 10.305000 6.294207 -0.343362
v 10.305000 6.283663 -0.335351
v 10.305000 6.262941 -0.318712
v 10.305000 6.252748 -0.310963
v 10.305000 6.242657 -0.304181
v 10.305000 6.232663 -0.298807
v 10.305000 6.227589 -0.296747
v 10.305000 6.222335 -0.295181
v 10.305000 6.216946 -0.294257
v 10.305000 6.211522 -0.294117
v 10.305000 6.206212 -0.294847
v 10.305000 6.201040 -0.296483
v 10.305000 6.196205 -0.298938
v 10.305000 6.191752 -0.302081
v 10.305000 6.187692 -0.305765
v 10.305000 6.184023 -0.309836
v 10.305000 6.184999 -0.300349
v 10.305000 6.184155 -0.290849
v 10.305000 6.181523 -0.281682
v 10.305000 6.177199 -0.273181
v 10.305000 6.171339 -0.265656
v 10.305000 6.164157 -0.259381
v 10.355000 6.155913 -0.254584
v 10.355000 6.160847 -0.248542
v 10.355000 6.166217 -0.243131
v 10.355000 6.172024 -0.238352
v 10.355000 6.178265 -0.234206
v 10.355000 6.184938 -0.230694
v 10.355000 6.192036 -0.227818
v 10.355000 6.199550 -0.225578
v 10.355000 6.207463 -0.223974
v 10.355000 6.215757 -0.223007
v 10.355000 6.224404 -0.222674
v 10.355000 6.233370 -0.222972
v 10.355000 6.242615 -0.223897
v 10.355000 6.252086 -0.225443
v 10.355000 6.261722 -0.227600
v 10.355000 6.271452 -0.230359
v 10.355000 6.281193 -0.233705
v 10.355000 6.290858 -0.237621
v 10.355000 6.300350 -0.242086
v 10.355000 6.309572 -0.247076
v 10.355000 6.318425 -0.252560
v 10.355000 6.326809 -0.258502
v 10.355000 6.334628 -0.264862
v 10.355000 6.341791 -0.271592
v 10.355000 6.348215 -0.278636
v 10.355000 6.353824 -0.285933
v 10.355000 6.358554 -0.293411
v 10.355000 6.362355 -0.300991
v 10.355000 6.365192 -0.308584
v 10.355000 6.367048 -0.316092
v 10.355000 6.367925 -0.323406
v 10.355000 6.367844 -0.330411
v 10.355000 6.366839 -0.336986
v 10.355000 6.364959 -0.343014
v 10.355000 6.362263 -0.348382
v 10.355000 6.358818 -0.352983
v 10.355000 6.354698 -0.356725
v 10.355000 6.349980 -0.359530
v 10.355000 6.344742 -0.361340
v 10.355000 6.339061 -0.362123
v 10.355000 6.333011 -0.361875
v 10.355000 6.326660 -0.360620
v 10.355000 6.320071 -0.358416
v 10.355000 6.313300 -0.355342
v 10.355000 6.306399 -0.351502
v 10.355000 6.292384 -0.342028
v 10.355000 6.278340 -0.331109
v 10.355000 6.264511 -0.319960
v 10.355000 6.251083 -0.309773
v 10.355000 6.244563 -0.305374
v 10.355000 6.238191 -0.301586
v 10.355000 6.231977 -0.298500
v 10.355000 6.225930 -0.296186
v 10.355000 6.220055 -0.294700
v 10.355000 6.214357 -0.294085
v 10.355000 6.208841 -0.294372
v 10.355000 6.203507 -0.295582
v 10.355000 6.198358 -0.297728
v 10.355000 6.193395 -0.300817
v 10.355000 6.188616 -0.304853
v 10.355000 6.184023 -0.309836
v 10.355000 6.184999 -0.300349
v 10.355000 6.184155 -0.290849
v 10.355000 6.181523 -0.281682
v 10.355000 6.177199 -0.273181
v 10.355000 6.171339 -0.265656
v 10.355000 6.164157 -0.259381
vt 0.106801 0.038002 0.000000
vt 0.099709 0.046348 0.000000
vt 0.098557 0.033205 0.000000
vt 0.091585 0.053561 0.000000
vt 0.091375 0.026929 0.000000
vt 0.082390 0.059556 0.000000
vt 0.072436 0.064129 0.000000
vt 0.061956 0.067300 0.000000
vt 0.085515 0.019405 0.000000
vt 0.051073 0.069183 0.000000
vt 0.039976 0.069897 0.000000
vt 0.028827 0.069578 0.000000
vt 0.045768 -0.001671 0.000000
vt 0.051192 -0.001532 0.000000
vt 0.017777 0.068364 0.000000
vt 0.040379 -0.002595 0.000000
vt 0.006797 0.066355 0.000000
vt -0.004262 0.063569 0.000000
vt 0.035125 -0.004161 0.000000
vt -0.015289 0.060043 0.000000
vt -0.026170 0.055816 0.000000
vt 0.030051 -0.006222 0.000000
vt -0.036792 0.050923 0.000000
vt -0.047042 0.045403 0.000000
vt 0.020057 -0.011596 0.000000
vt -0.056778 0.039314 0.000000
vt -0.065891 0.032701 0.000000
vt 0.009966 -0.018377 0.000000
vt -0.074295 0.025598 0.000000
vt -0.081901 0.018038 0.000000
vt -0.000227 -0.026126 0.000000
vt -0.088610 0.010070 0.000000
vt -0.094201 0.001950 0.000000
vt -0.098633 -0.006194 0.000000
vt -0.020949 -0.042766 0.000000
vt -0.101925 -0.014296 0.000000
vt -0.104087 -0.022233 0.000000
vt -0.031493 -0.050776 0.000000
vt -0.105147 -0.029798 0.000000
vt -0.105195 -0.036911 0.000000
vt -0.042258 -0.058046 0.000000
vt -0.104320 -0.043511 0.000000
vt -0.102584 -0.049556 0.000000
vt -0.053212 -0.064037 0.000000
vt -0.100040 -0.054972 0.000000
vt -0.058720 -0.066354 0.000000
vt -0.096662 -0.059764 0.000000
vt -0.064396 -0.068154 0.000000
vt -0.092418 -0.063810 0.000000
vt -0.070230 -0.069281 0.000000
vt -0.076122 -0.069547 0.000000
vt -0.087454 -0.066856 0.000000
vt -0.081922 -0.068779 0.000000
vt 0.081191 0.010904 0.000000
vt 0.056502 -0.002261 0.000000
vt 0.078559 0.001737 0.000000
vt 0.061674 -0.003898 0.000000
vt 0.066509 -0.006352 0.000000
vt 0.077715 -0.007763 0.000000
vt 0.070962 -0.009496 0.000000
vt 0.075022 -0.013179 0.000000
vt 0.078691 -0.017251 0.000000
vt 0.000000 0.050000 0.000000
vt 0.005203 0.050000 0.000000
vt 0.000000 0.100000 0.000000
vt 0.006487 0.100000 0.000000
vt 0.010772 0.050000 0.000000
vt 0.012974 0.100000 0.000000
vt 0.016677 0.050000 0.000000
vt 0.019461 0.100000 0.000000
vt 0.022868 0.050000 0.000000
vt 0.025948 0.100000 0.000000
vt 0.029266 0.050000 0.000000
vt 0.032435 0.100000 0.000000
vt 0.035615 0.050000 0.000000
vt 0.038922 0.100000 0.000000
vt 0.041895 0.050000 0.000000
vt 0.045409 0.100000 0.000000
vt 0.047950 0.050000 0.000000
vt 0.051896 0.100000 0.000000
vt 0.053695 0.050000 0.000000
vt 0.058383 0.100000 0.000000
vt 0.059108 0.050000 0.000000
vt 0.064871 0.100000 0.000000
vt 0.069433 0.050000 0.000000
vt 0.071358 0.100000 0.000000
vt 0.079478 0.050000 0.000000
vt 0.077845 0.100000 0.000000
vt 0.090819 0.100000 0.000000
vt 0.089323 0.050000 0.000000
vt 0.103793 0.100000 0.000000
vt 0.108723 0.050000 0.000000
vt 0.116767 0.100000 0.000000
vt 0.118448 0.050000 0.000000
vt 0.129741 0.100000 0.000000
vt 0.128412 0.050000 0.000000
vt 0.136228 0.100000 0.000000
vt 0.138727 0.050000 0.000000
vt 0.142715 0.100000 0.000000
vt 0.144041 0.050000 0.000000
vt 0.149202 0.100000 0.000000
vt 0.149653 0.050000 0.000000
vt 0.155689 0.100000 0.000000
vt 0.155620 0.050000 0.000000
vt 0.161928 0.050000 0.000000
vt 0.162176 0.100000 0.000000
vt 0.168538 0.050000 0.000000
vt 0.168663 0.100000 0.000000
vt 0.175150 0.100000 0.000000
vt 0.175396 0.050000 0.000000
vt 0.181638 0.100000 0.000000
vt 0.182277 0.050000 0.000000
vt 0.188125 0.100000 0.000000
vt 0.189091 0.050000 0.000000
vt 0.194612 0.100000 0.000000
vt 0.195668 0.050000 0.000000
vt 0.201099 0.100000 0.000000
vt 0.202081 0.050000 0.000000
vt 0.207586 0.100000 0.000000
vt 0.208493 0.050000 0.000000
vt 0.214073 0.100000 0.000000
vt 0.214940 0.050000 0.000000
vt 0.220560 0.100000 0.000000
vt 0.221481 0.050000 0.000000
vt 0.227047 0.100000 0.000000
vt 0.228157 0.050000 0.000000
vt 0.233534 0.100000 0.000000
vt 0.234992 0.050000 0.000000
vt 0.240021 0.100000 0.000000
vt 0.241909 0.050000 0.000000
vt 0.246508 0.100000 0.000000
vt 0.248901 0.050000 0.000000
vt 0.252995 0.100000 0.000000
vt 0.256009 0.050000 0.000000
vt 0.259482 0.100000 0.000000
vt 0.263214 0.050000 0.000000
vt 0.265969 0.100000 0.000000
vt 0.270370 0.050000 0.000000
vt 0.272456 0.100000 0.000000
vt 0.277497 0.050000 0.000000
vt 0.278943 0.100000 0.000000
vt 0.284626 0.050000 0.000000
vt 0.285430 0.100000 0.000000
vt 0.291786 0.050000 0.000000
vt 0.291917 0.100000 0.000000
vt 0.298405 0.100000 0.000000
vt 0.298988 0.050000 0.000000
vt 0.304892 0.100000 0.000000
vt 0.306224 0.050000 0.000000
vt 0.311379 0.100000 0.000000
vt 0.313506 0.050000 0.000000
vt 0.317866 0.100000 0.000000
vt 0.320846 0.050000 0.000000
vt 0.324353 0.100000 0.000000
vt 0.328250 0.050000 0.000000
vt 0.330840 0.100000 0.000000
vt 0.335724 0.050000 0.000000
vt 0.337327 0.100000 0.000000
vt 0.343447 0.050000 0.000000
vt 0.343814 0.100000 0.000000
vt 0.350301 0.100000 0.000000
vt 0.351532 0.050000 0.000000
vt 0.356788 0.100000 0.000000
vt 0.359971 0.050000 0.000000
vt 0.363275 0.100000 0.000000
vt 0.368751 0.050000 0.000000
vt 0.369762 0.100000 0.000000
vt 0.376249 0.100000 0.000000
vt 0.377821 0.050000 0.000000
vt 0.382736 0.100000 0.000000
vt 0.387177 0.050000 0.000000
vt 0.389223 0.100000 0.000000
vt 0.396679 0.050000 0.000000
vt 0.395710 0.100000 0.000000
vt 0.402197 0.100000 0.000000
vt 0.406014 0.050000 0.000000
vt 0.408684 0.100000 0.000000
vt 0.415172 0.050000 0.000000
vt 0.415172 0.100000 0.000000
vt 0.100000 0.056963 0.000000
vt 0.050000 0.056963 0.000000
vt 0.100000 0.047411 0.000000
vt 0.050000 0.047411 0.000000
vt 0.100000 0.037859 0.000000
vt 0.050000 0.037859 0.000000
vt 0.100000 0.028307 0.000000
vt 0.050000 0.028307 0.000000
vt 0.100000 0.018755 0.000000
vt 0.050000 0.018755 0.000000
vt 0.100000 0.009203 0.000000
vt 0.050000 0.009203 0.000000
vt 0.100000 -0.000349 0.000000
vt 0.050000 -0.000349 0.000000
vt 0.100000 -0.009901 0.000000
vt 0.050000 -0.009901 0.000000
vt -0.078691 -0.017251 0.000000
vt -0.074098 -0.012268 0.000000
vt -0.077715 -0.007763 0.000000
vt -0.069319 -0.008232 0.000000
vt -0.078559 0.001737 0.000000
vt -0.064356 -0.005142 0.000000
vt -0.059207 -0.002996 0.000000
vt -0.081191 0.010904 0.000000
vt -0.053873 -0.001786 0.000000
vt -0.048357 -0.001500 0.000000
vt -0.085515 0.019405 0.000000
vt -0.042659 -0.002115 0.000000
vt -0.029344 0.069614 0.000000
vt -0.020099 0.068689 0.000000
vt -0.010628 0.067143 0.000000
vt -0.000992 0.064986 0.000000
vt -0.036785 -0.003600 0.000000
vt 0.008738 0.062227 0.000000
vt 0.018479 0.058881 0.000000
vt 0.028144 0.054965 0.000000
vt 0.037636 0.050500 0.000000
vt 0.046858 0.045510 0.000000
vt 0.055711 0.040026 0.000000
vt 0.064094 0.034083 0.000000
vt 0.071914 0.027723 0.000000
vt 0.079077 0.020994 0.000000
vt -0.030737 -0.005914 0.000000
vt -0.024523 -0.009000 0.000000
vt -0.018151 -0.012788 0.000000
vt -0.011631 -0.017187 0.000000
vt 0.001797 -0.027374 0.000000
vt 0.015626 -0.038523 0.000000
vt 0.095840 -0.000825 0.000000
vt 0.091110 0.006653 0.000000
vt 0.085501 0.013950 0.000000
vt 0.029670 -0.049442 0.000000
vt 0.104334 -0.023507 0.000000
vt 0.102478 -0.015999 0.000000
vt 0.099641 -0.008405 0.000000
vt 0.043685 -0.058917 0.000000
vt 0.105130 -0.037825 0.000000
vt 0.105211 -0.030821 0.000000
vt 0.050586 -0.062756 0.000000
vt 0.102245 -0.050429 0.000000
vt 0.104125 -0.044400 0.000000
vt 0.099548 -0.055796 0.000000
vt 0.057357 -0.065830 0.000000
vt 0.096104 -0.060397 0.000000
vt 0.063946 -0.068035 0.000000
vt 0.091984 -0.064139 0.000000
vt 0.070297 -0.069289 0.000000
vt 0.087266 -0.066944 0.000000
vt 0.076347 -0.069537 0.000000
vt 0.082028 -0.068754 0.000000
vt -0.038310 0.069912 0.000000
vt -0.046957 0.069579 0.000000
vt -0.055251 0.068611 0.000000
vt -0.063164 0.067008 0.000000
vt -0.091375 0.026929 0.000000
vt -0.070678 0.064768 0.000000
vt -0.077776 0.061892 0.000000
vt -0.084449 0.058380 0.000000
vt -0.090690 0.054234 0.000000
vt -0.096497 0.049455 0.000000
vt -0.098557 0.033205 0.000000
vt -0.101867 0.044044 0.000000
vt -0.106801 0.038002 0.000000
vn -1.000000 -0.000000 -0.000000
vn -1.000000 -0.000000 -0.000000
vn -1.000000 -0.000000 -0.000000
vn -1.000000 -0.000000 -0.000000
vn -1.000000 -0.000000 -0.000000
vn -1.000000 -0.000000 -0.000000
vn -1.000000 -0.000000 -0.000000
vn -1.000000 -0.000000 -0.000000
vn -1.000000 -0.000000 -0.000000
vn -1.000000 -0.000000 -0.000000
vn -1.000000 -0.000000 -0.000000
vn -1.000000 -0.000000 -0.000000
vn -1.000000 -0.000000 -0.000000
vn -1.000000 -0.000000 -0.000000
vn -1.000000 -0.000000 -0.000000
vn -1.000000 -0.000000 -0.000000
vn -1.000000 -0.000000 -0.000000
vn -1.000000 -0.000000 -0.000000
vn -1.000000 -0.000000 -0.000000
vn -1.000000 -0.000000 -0.000000
vn -1.000000 -0.000000 -0.000000
vn -1.000000 -0.000000 -0.000000
vn -1.000000 -0.000000 -0.000000
vn -1.000000 -0.000000 -0.000000
vn -1.000000 -0.000000 -0.000000
vn -1.000000 -0.000000 -0.000000
vn -1.000000 -0.000000 -0.000000
vn -1.000000 -0.000000 -0.000000
vn -1.000000 -0.000000 -0.000000
vn -1.000000 -0.000000 -0.000000
vn -1.000000 -0.000000 -0.000000
vn -1.000000 -0.000000 -0.000000
vn -1.000000 -0.000000 -0.000000
vn -1.000000 -0.000000 -0.000000
vn -1.000000 -0.000000 -0.000000
vn -1.000000 -0.000000 -0.000000
vn -1.000000 -0.000000 -0.000000
vn -1.000000 -0.000000 -0.000000
vn -1.000000 -0.000000 -0.000000
vn -1.000000 -0.000000 -0.000000
vn -1.000000 -0.000000 -0.000000
vn -1.000000 -0.000000 -0.000000
vn -1.000000 -0.000000 -0.000000
vn -1.000000 -0.000000 -0.000000
vn -1.000000 -0.000000 -0.000000
vn -1.000000 -0.000000 -0.000000
vn -1.000000 -0.000000 -0.000000
vn -1.000000 -0.000000 -0.000000
vn -1.000000 -0.000000 -0.000000
vn -1.000000 -0.000000 -0.000000
vn -1.000000 -0.000000 -0.000000
vn -1.000000 -0.000000 -0.000000
vn -1.000000 -0.000000 -0.000000
vn -1.000000 -0.000000 -0.000000
vn -1.000000 -0.000000 -0.000000
vn -1.000000 -0.000000 -0.000000
vn -1.000000 -0.000000 -0.000000
vn -1.000000 -0.000000 -0.000000
vn -1.000000 -0.000000 -0.000000
vn -1.000000 -0.000000 -0.000000
vn -1.000000 -0.000000 -0.000000
vn -1.000000 -0.000000 -0.000000
vn 0.000000 0.771436 -0.636307
vn 0.000000 0.710717 -0.703478
vn 0.000000 0.771436 -0.636307
vn 0.000000 0.693418 -0.720536
vn 0.000000 0.628371 -0.777913
vn 0.000000 0.590321 -0.807169
vn 0.000000 0.519076 -0.854728
vn 0.000000 0.459644 -0.888103
vn 0.000000 0.380735 -0.924684
vn 0.000000 0.304611 -0.952477
vn 0.000000 0.219152 -0.975691
vn 0.000000 0.136109 -0.990694
vn 0.000000 0.053385 -0.998574
vn 0.000000 -0.030028 -0.999549
vn 0.000000 -0.101265 -0.994860
vn 0.000000 -0.179573 -0.983745
vn 0.000000 -0.231701 -0.972787
vn 0.000000 -0.304756 -0.952430
vn 0.000000 -0.334865 -0.942266
vn 0.000000 -0.404302 -0.914626
vn 0.000000 -0.413917 -0.910314
vn 0.000000 -0.480668 -0.876902
vn 0.000000 -0.522459 -0.852664
vn 0.000000 -0.537493 -0.843268
vn 0.000000 -0.586370 -0.810044
vn 0.000000 -0.578271 -0.815845
vn 0.000000 -0.622395 -0.782703
vn 0.000000 -0.619491 -0.785003
vn 0.000000 -0.626771 -0.779204
vn 0.000000 -0.618913 -0.785459
vn 0.000000 -0.594066 -0.804416
vn 0.000000 -0.586810 -0.809725
vn 0.000000 -0.515610 -0.856824
vn 0.000000 -0.526284 -0.850309
vn 0.000000 -0.452787 -0.891619
vn 0.000000 -0.423229 -0.906023
vn 0.000000 -0.368915 -0.929463
vn 0.000000 -0.348762 -0.937211
vn 0.000000 -0.259453 -0.965756
vn 0.000000 -0.250788 -0.968042
vn 0.000000 -0.121155 -0.992634
vn 0.000000 -0.122799 -0.992432
vn 0.000000 0.038297 -0.999266
vn 0.000000 0.045112 -0.998982
vn 0.000000 0.227439 -0.973792
vn 0.000000 0.231145 -0.972919
vn 0.000000 0.420836 -0.907137
vn 0.000000 0.427822 -0.903863
vn 0.000000 0.595430 -0.803407
vn 0.000000 0.611232 -0.791451
vn 0.000000 0.740855 -0.671665
vn 0.000000 0.759571 -0.650425
vn 0.000000 0.851308 -0.524666
vn 0.000000 0.865982 -0.500075
vn 0.000000 0.927794 -0.373093
vn 0.000000 0.936666 -0.350224
vn 0.000000 0.974631 -0.223816
vn 0.000000 0.979103 -0.203365
vn 0.000000 0.996749 -0.080569
vn 0.000000 0.998077 -0.061994
vn -0.000000 0.998504 0.054684
vn -0.000000 0.997320 0.073168
vn -0.000000 0.983542 0.180679
vn -0.000000 0.979546 0.201222
vn -0.000000 0.955092 0.296308
vn -0.000000 0.947161 0.320760
vn -0.000000 0.916277 0.400544
vn -0.000000 0.903473 0.428645
vn -0.000000 0.870115 0.492849
vn -0.000000 0.851778 0.523903
vn -0.000000 0.819279 0.573395
vn -0.000000 0.794698 0.607005
vn -0.000000 0.765943 0.642908
vn -0.000000 0.734774 0.678312
vn -0.000000 0.711717 0.702466
vn -0.000000 0.674993 0.737824
vn -0.000000 0.657676 0.753301
vn -0.000000 0.616218 0.787575
vn -0.000000 0.604435 0.796655
vn -0.000000 0.558655 0.829400
vn -0.000000 0.552244 0.833682
vn -0.000000 0.502102 0.864808
vn -0.000000 0.501070 0.865407
vn -0.000000 0.450659 0.892696
vn -0.000000 0.446152 0.894957
vn -0.000000 0.400581 0.916261
vn -0.000000 0.390287 0.920693
vn -0.000000 0.350259 0.936653
vn -0.000000 0.333583 0.942721
vn -0.000000 0.298982 0.954259
vn -0.000000 0.274884 0.961477
vn -0.000000 0.245930 0.969288
vn -0.000000 0.212831 0.977089
vn -0.000000 0.190204 0.981745
vn -0.000000 0.145920 0.989296
vn -0.000000 0.130872 0.991399
vn -0.000000 0.070812 0.997490
vn -0.000000 0.067066 0.997749
vn 0.000000 -0.001907 0.999998
vn 0.000000 -0.015614 0.999878
vn 0.000000 -0.076457 0.997073
vn 0.000000 -0.115093 0.993355
vn 0.000000 -0.156573 0.987666
vn 0.000000 -0.228113 0.973635
vn 0.000000 -0.241664 0.970360
vn 0.000000 -0.330415 0.943836
vn 0.000000 -0.352255 0.935904
vn 0.000000 -0.420758 0.907173
vn 0.000000 -0.482158 0.876084
vn 0.000000 -0.510016 0.860165
vn 0.000000 -0.607454 0.794355
vn 0.000000 -0.595250 0.803540
vn 0.000000 -0.673738 0.738970
vn 0.000000 -0.715896 0.698207
vn 0.000000 -0.743422 0.668823
vn 0.000000 -0.803179 0.595737
vn 0.000000 -0.803179 0.595737
vn 0.000000 -0.418271 -0.908322
vn 0.000000 -0.418271 -0.908322
vn 0.000000 -0.583133 -0.812377
vn 0.000000 -0.583133 -0.812377
vn 0.000000 -0.726777 -0.686873
vn 0.000000 -0.726777 -0.686873
vn 0.000000 -0.843978 -0.536378
vn 0.000000 -0.843978 -0.536378
vn 0.000000 -0.930471 -0.366366
vn 0.000000 -0.930471 -0.366366
vn 0.000000 -0.983108 -0.183024
vn 0.000000 -0.983108 -0.183024
vn 0.000000 -0.999976 0.006977
vn 0.000000 -0.999976 0.006977
vn 0.000000 -0.980459 0.196724
vn 0.000000 -0.980459 0.196724
vn 1.000000 0.000000 0.000000
vn 1.000000 0.000000 0.000000
vn 1.000000 0.000000 0.000000
vn 1.000000 0.000000 0.000000
vn 1.000000 0.000000 0.000000
vn 1.000000 0.000000 0.000000
vn 1.000000 0.000000 0.000000
vn 1.000000 0.000000 0.000000
vn 1.000000 0.000000 0.000000
vn 1.000000 0.000000 0.000000
vn 1.000000 0.000000 0.000000
vn 1.000000 0.000000 0.000000
vn 1.000000 0.000000 0.000000
vn 1.000000 0.000000 0.000000
vn 1.000000 0.000000 0.000000
vn 1.000000 0.000000 0.000000
vn 1.000000 0.000000 0.000000
vn 1.000000 0.000000 0.000000
vn 1.000000 0.000000 0.000000
vn 1.000000 0.000000 0.000000
vn 1.000000 0.000000 0.000000
vn 1.000000 0.000000 0.000000
vn 1.000000 0.000000 0.000000
vn 1.000000 0.000000 0.000000
vn 1.000000 0.000000 0.000000
vn 1.000000 0.000000 0.000000
vn 1.000000 0.000000 0.000000
vn 1.000000 0.000000 0.000000
vn 1.000000 0.000000 0.000000
vn 1.000000 0.000000 0.000000
vn 1.000000 0.000000 0.000000
vn 1.000000 0.000000 0.000000
vn 1.000000 0.000000 0.000000
vn 1.000000 0.000000 0.000000
vn 1.000000 0.000000 0.000000
vn 1.000000 0.000000 0.000000
vn 1.000000 0.000000 0.000000
vn 1.000000 0.000000 0.000000
vn 1.000000 0.000000 0.000000
vn 1.000000 0.000000 0.000000
vn 1.000000 0.000000 0.000000
vn 1.000000 0.000000 0.000000
vn 1.000000 0.000000 0.000000
vn 1.000000 0.000000 0.000000
vn 1.000000 0.000000 0.000000
vn 1.000000 0.000000 0.000000
vn 1.000000 0.000000 0.000000
vn 1.000000 0.000000 0.000000
vn 1.000000 0.000000 0.000000
vn 1.000000 0.000000 0.000000
vn 1.000000 0.000000 0.000000
vn 1.000000 0.000000 0.000000
vn 1.000000 0.000000 0.000000
vn 1.000000 0.000000 0.000000
vn 1.000000 0.000000 0.000000
vn 1.000000 0.000000 0.000000
vn 1.000000 0.000000 0.000000
vn 1.000000 0.000000 0.000000
vn 1.000000 0.000000 0.000000
vn 1.000000 0.000000 0.000000
vn 1.000000 0.000000 0.000000
vn 1.000000 0.000000 0.000000
vn 1.000000 0.000000 0.000000
vn 1.000000 0.000000 0.000000
vn 1.000000 0.000000 0.000000
vn 1.000000 0.000000 0.000000
vn 1.000000 0.000000 0.000000
f 2675/4558/4202 2676/4559/4203 2736/4560/4204
f 2736/4560/4204 2676/4559/4203 2677/4561/4205
f 2736/4560/4204 2677/4561/4205 2735/4562/4206
f 2735/4562/4206 2677/4561/4205 2678/4563/4207
f 2735/4562/4206 2678/4563/4207 2679/4564/4208
f 2679/4564/4208 2680/4565/4209 2735/4562/4206
f 2735/4562/4206 2680/4565/4209 2734/4566/4210
f 2734/4566/4210 2680/4565/4209 2681/4567/4211
f 2734/4566/4210 2681/4567/4211 2682/4568/4212
f 2682/4568/4212 2683/4569/4213 2734/4566/4210
f 2734/4566/4210 2683/4569/4213 2723/4570/4214
f 2734/4566/4210 2723/4570/4214 2724/4571/4215
f 2683/4569/4213 2684/4572/4216 2723/4570/4214
f 2723/4570/4214 2684/4572/4216 2722/4573/4217
f 2722/4573/4217 2684/4572/4216 2685/4574/4218
f 2722/4573/4217 2685/4574/4218 2686/4575/4219
f 2722/4573/4217 2686/4575/4219 2721/4576/4220
f 2721/4576/4220 2686/4575/4219 2687/4577/4221
f 2721/4576/4220 2687/4577/4221 2688/4578/4222
f 2721/4576/4220 2688/4578/4222 2720/4579/4223
f 2720/4579/4223 2688/4578/4222 2689/4580/4224
f 2720/4579/4223 2689/4580/4224 2690/4581/4225
f 2720/4579/4223 2690/4581/4225 2719/4582/4226
f 2719/4582/4226 2690/4581/4225 2691/4583/4227
f 2719/4582/4226 2691/4583/4227 2692/4584/4228
f 2719/4582/4226 2692/4584/4228 2718/4585/4229
f 2718/4585/4229 2692/4584/4228 2693/4586/4230
f 2718/4585/4229 2693/4586/4230 2694/4587/4231
f 2718/4585/4229 2694/4587/4231 2717/4588/4232
f 2717/4588/4232 2694/4587/4231 2695/4589/4233
f 2717/4588/4232 2695/4589/4233 2696/4590/4234
f 2696/4590/4234 2697/4591/4235 2717/4588/4232
f 2717/4588/4232 2697/4591/4235 2716/4592/4236
f 2716/4592/4236 2697/4591/4235 2698/4593/4237
f 2716/4592/4236 2698/4593/4237 2699/4594/4238
f 2716/4592/4236 2699/4594/4238 2715/4595/4239
f 2715/4595/4239 2699/4594/4238 2700/4596/4240
f 2715/4595/4239 2700/4596/4240 2701/4597/4241
f 2715/4595/4239 2701/4597/4241 2714/4598/4242
f 2714/4598/4242 2701/4597/4241 2702/4599/4243
f 2714/4598/4242 2702/4599/4243 2703/4600/4244
f 2714/4598/4242 2703/4600/4244 2713/4601/4245
f 2713/4601/4245 2703/4600/4244 2704/4602/4246
f 2713/4601/4245 2704/4602/4246 2712/4603/4247
f 2712/4603/4247 2704/4602/4246 2705/4604/4248
f 2712/4603/4247 2705/4604/4248 2711/4605/4249
f 2711/4605/4249 2705/4604/4248 2706/4606/4250
f 2711/4605/4249 2706/4606/4250 2710/4607/4251
f 2710/4607/4251 2706/4606/4250 2709/4608/4252
f 2709/4608/4252 2706/4606/4250 2707/4609/4253
f 2709/4608/4252 2707/4609/4253 2708/4610/4254
f 2734/4566/4210 2724/4571/4215 2733/4611/4255
f 2733/4611/4255 2724/4571/4215 2725/4612/4256
f 2733/4611/4255 2725/4612/4256 2732/4613/4257
f 2732/4613/4257 2725/4612/4256 2726/4614/4258
f 2732/4613/4257 2726/4614/4258 2727/4615/4259
f 2732/4613/4257 2727/4615/4259 2731/4616/4260
f 2731/4616/4260 2727/4615/4259 2728/4617/4261
f 2731/4616/4260 2728/4617/4261 2729/4618/4262
f 2729/4618/4262 2730/4619/4263 2731/4616/4260
f 2730/4620/4264 2729/4621/4265 2797/4622/4266
f 2797/4622/4266 2729/4621/4265 2796/4623/4267
f 2796/4623/4267 2729/4621/4265 2728/4624/4268
f 2796/4623/4267 2728/4624/4268 2795/4625/4269
f 2795/4625/4269 2728/4624/4268 2727/4626/4270
f 2795/4625/4269 2727/4626/4270 2794/4627/4271
f 2794/4627/4271 2727/4626/4270 2726/4628/4272
f 2794/4627/4271 2726/4628/4272 2793/4629/4273
f 2793/4629/4273 2726/4628/4272 2725/4630/4274
f 2793/4629/4273 2725/4630/4274 2792/4631/4275
f 2792/4631/4275 2725/4630/4274 2724/4632/4276
f 2792/4631/4275 2724/4632/4276 2791/4633/4277
f 2791/4633/4277 2724/4632/4276 2723/4634/4278
f 2791/4633/4277 2723/4634/4278 2790/4635/4279
f 2790/4635/4279 2723/4634/4278 2722/4636/4280
f 2790/4635/4279 2722/4636/4280 2789/4637/4281
f 2789/4637/4281 2722/4636/4280 2721/4638/4282
f 2789/4637/4281 2721/4638/4282 2788/4639/4283
f 2788/4639/4283 2721/4638/4282 2720/4640/4284
f 2788/4639/4283 2720/4640/4284 2787/4641/4285
f 2787/4641/4285 2720/4640/4284 2719/4642/4286
f 2787/4641/4285 2719/4642/4286 2786/4643/4287
f 2786/4643/4287 2719/4642/4286 2718/4644/4288
f 2786/4643/4287 2718/4644/4288 2785/4645/4289
f 2785/4645/4289 2718/4644/4288 2784/4646/4290
f 2784/4646/4290 2718/4644/4288 2717/4647/4291
f 2784/4646/4290 2717/4647/4291 2783/4648/4292
f 2783/4648/4292 2717/4647/4291 2716/4649/4293
f 2783/4648/4292 2716/4649/4293 2782/4650/4294
f 2782/4650/4294 2716/4649/4293 2715/4651/4295
f 2782/4650/4294 2715/4651/4295 2781/4652/4296
f 2781/4652/4296 2715/4651/4295 2714/4653/4297
f 2781/4652/4296 2714/4653/4297 2780/4654/4298
f 2780/4654/4298 2714/4653/4297 2713/4655/4299
f 2780/4654/4298 2713/4655/4299 2779/4656/4300
f 2779/4656/4300 2713/4655/4299 2712/4657/4301
f 2779/4656/4300 2712/4657/4301 2778/4658/4302
f 2778/4658/4302 2712/4657/4301 2711/4659/4303
f 2778/4658/4302 2711/4659/4303 2777/4660/4304
f 2777/4660/4304 2711/4659/4303 2710/4661/4305
f 2777/4660/4304 2710/4661/4305 2709/4662/4306
f 2777/4660/4304 2709/4662/4306 2776/4663/4307
f 2776/4663/4307 2709/4662/4306 2708/4664/4308
f 2776/4663/4307 2708/4664/4308 2775/4665/4309
f 2775/4665/4309 2708/4664/4308 2774/4666/4310
f 2774/4666/4310 2708/4664/4308 2707/4667/4311
f 2774/4666/4310 2707/4667/4311 2773/4668/4312
f 2773/4668/4312 2707/4667/4311 2706/4669/4313
f 2773/4668/4312 2706/4669/4313 2772/4670/4314
f 2772/4670/4314 2706/4669/4313 2705/4671/4315
f 2772/4670/4314 2705/4671/4315 2771/4672/4316
f 2771/4672/4316 2705/4671/4315 2704/4673/4317
f 2771/4672/4316 2704/4673/4317 2770/4674/4318
f 2770/4674/4318 2704/4673/4317 2703/4675/4319
f 2770/4674/4318 2703/4675/4319 2769/4676/4320
f 2769/4676/4320 2703/4675/4319 2702/4677/4321
f 2769/4676/4320 2702/4677/4321 2768/4678/4322
f 2768/4678/4322 2702/4677/4321 2701/4679/4323
f 2768/4678/4322 2701/4679/4323 2767/4680/4324
f 2767/4680/4324 2701/4679/4323 2700/4681/4325
f 2767/4680/4324 2700/4681/4325 2766/4682/4326
f 2766/4682/4326 2700/4681/4325 2699/4683/4327
f 2766/4682/4326 2699/4683/4327 2765/4684/4328
f 2765/4684/4328 2699/4683/4327 2698/4685/4329
f 2765/4684/4328 2698/4685/4329 2764/4686/4330
f 2764/4686/4330 2698/4685/4329 2697/4687/4331
f 2764/4686/4330 2697/4687/4331 2763/4688/4332
f 2763/4688/4332 2697/4687/4331 2696/4689/4333
f 2763/4688/4332 2696/4689/4333 2762/4690/4334
f 2762/4690/4334 2696/4689/4333 2695/4691/4335
f 2762/4690/4334 2695/4691/4335 2761/4692/4336
f 2761/4692/4336 2695/4691/4335 2694/4693/4337
f 2761/4692/4336 2694/4693/4337 2760/4694/4338
f 2760/4694/4338 2694/4693/4337 2693/4695/4339
f 2760/4694/4338 2693/4695/4339 2759/4696/4340
f 2759/4696/4340 2693/4695/4339 2692/4697/4341
f 2759/4696/4340 2692/4697/4341 2758/4698/4342
f 2758/4698/4342 2692/4697/4341 2691/4699/4343
f 2758/4698/4342 2691/4699/4343 2757/4700/4344
f 2757/4700/4344 2691/4699/4343 2690/4701/4345
f 2757/4700/4344 2690/4701/4345 2756/4702/4346
f 2756/4702/4346 2690/4701/4345 2755/4703/4347
f 2755/4703/4347 2690/4701/4345 2689/4704/4348
f 2755/4703/4347 2689/4704/4348 2754/4705/4349
f 2754/4705/4349 2689/4704/4348 2688/4706/4350
f 2754/4705/4349 2688/4706/4350 2753/4707/4351
f 2753/4707/4351 2688/4706/4350 2687/4708/4352
f 2753/4707/4351 2687/4708/4352 2752/4709/4353
f 2752/4709/4353 2687/4708/4352 2686/4710/4354
f 2752/4709/4353 2686/4710/4354 2751/4711/4355
f 2751/4711/4355 2686/4710/4354 2685/4712/4356
f 2751/4711/4355 2685/4712/4356 2750/4713/4357
f 2750/4713/4357 2685/4712/4356 2684/4714/4358
f 2750/4713/4357 2684/4714/4358 2749/4715/4359
f 2749/4715/4359 2684/4714/4358 2683/4716/4360
f 2749/4715/4359 2683/4716/4360 2748/4717/4361
f 2748/4717/4361 2683/4716/4360 2747/4718/4362
f 2747/4718/4362 2683/4716/4360 2682/4719/4363
f 2747/4718/4362 2682/4719/4363 2746/4720/4364
f 2746/4720/4364 2682/4719/4363 2681/4721/4365
f 2746/4720/4364 2681/4721/4365 2745/4722/4366
f 2745/4722/4366 2681/4721/4365 2680/4723/4367
f 2745/4722/4366 2680/4723/4367 2744/4724/4368
f 2744/4724/4368 2680/4723/4367 2743/4725/4369
f 2743/4725/4369 2680/4723/4367 2679/4726/4370
f 2743/4725/4369 2679/4726/4370 2742/4727/4371
f 2742/4727/4371 2679/4726/4370 2678/4728/4372
f 2742/4727/4371 2678/4728/4372 2741/4729/4373
f 2741/4729/4373 2678/4728/4372 2677/4730/4374
f 2741/4729/4373 2677/4730/4374 2740/4731/4375
f 2740/4731/4375 2677/4730/4374 2739/4732/4376
f 2739/4732/4376 2677/4730/4374 2676/4733/4377
f 2739/4732/4376 2676/4733/4377 2738/4734/4378
f 2738/4734/4378 2676/4733/4377 2675/4735/4379
f 2738/4734/4378 2675/4735/4379 2737/4736/4380
f 2737/4737/4381 2675/4738/4382 2803/4739/4383
f 2803/4739/4383 2675/4738/4382 2736/4740/4384
f 2803/4739/4383 2736/4740/4384 2802/4741/4385
f 2802/4741/4385 2736/4740/4384 2735/4742/4386
f 2802/4741/4385 2735/4742/4386 2801/4743/4387
f 2801/4743/4387 2735/4742/4386 2734/4744/4388
f 2801/4743/4387 2734/4744/4388 2800/4745/4389
f 2800/4745/4389 2734/4744/4388 2733/4746/4390
f 2800/4745/4389 2733/4746/4390 2799/4747/4391
f 2799/4747/4391 2733/4746/4390 2732/4748/4392
f 2799/4747/4391 2732/4748/4392 2798/4749/4393
f 2798/4749/4393 2732/4748/4392 2731/4750/4394
f 2798/4749/4393 2731/4750/4394 2797/4751/4395
f 2797/4751/4395 2731/4750/4394 2730/4752/4396
f 2797/4753/4397 2796/4754/4398 2798/4755/4399
f 2798/4755/4399 2796/4754/4398 2795/4756/4400
f 2798/4755/4399 2795/4756/4400 2799/4757/4401
f 2799/4757/4401 2795/4756/4400 2794/4758/4402
f 2799/4757/4401 2794/4758/4402 2793/4759/4403
f 2799/4757/4401 2793/4759/4403 2800/4760/4404
f 2800/4760/4404 2793/4759/4403 2792/4761/4405
f 2800/4760/4404 2792/4761/4405 2791/4762/4406
f 2800/4760/4404 2791/4762/4406 2801/4763/4407
f 2801/4763/4407 2791/4762/4406 2790/4764/4408
f 2801/4763/4407 2790/4764/4408 2748/4765/4409
f 2748/4765/4409 2790/4764/4408 2749/4766/4410
f 2749/4766/4410 2790/4764/4408 2750/4767/4411
f 2750/4767/4411 2790/4764/4408 2751/4768/4412
f 2751/4768/4412 2790/4764/4408 2789/4769/4413
f 2751/4768/4412 2789/4769/4413 2752/4770/4414
f 2752/4770/4414 2789/4769/4413 2753/4771/4415
f 2753/4771/4415 2789/4769/4413 2754/4772/4416
f 2754/4772/4416 2789/4769/4413 2755/4773/4417
f 2755/4773/4417 2789/4769/4413 2756/4774/4418
f 2756/4774/4418 2789/4769/4413 2757/4775/4419
f 2757/4775/4419 2789/4769/4413 2758/4776/4420
f 2758/4776/4420 2789/4769/4413 2759/4777/4421
f 2759/4777/4421 2789/4769/4413 2760/4778/4422
f 2760/4778/4422 2789/4769/4413 2788/4779/4423
f 2760/4778/4422 2788/4779/4423 2787/4780/4424
f 2787/4780/4424 2786/4781/4425 2760/4778/4422
f 2760/4778/4422 2786/4781/4425 2785/4782/4426
f 2760/4778/4422 2785/4782/4426 2784/4783/4427
f 2783/4784/4428 2763/4785/4429 2784/4783/4427
f 2784/4783/4427 2763/4785/4429 2762/4786/4430
f 2784/4783/4427 2762/4786/4430 2761/4787/4431
f 2782/4788/4432 2766/4789/4433 2783/4784/4428
f 2783/4784/4428 2766/4789/4433 2765/4790/4434
f 2783/4784/4428 2765/4790/4434 2764/4791/4435
f 2781/4792/4436 2768/4793/4437 2782/4788/4432
f 2782/4788/4432 2768/4793/4437 2767/4794/4438
f 2782/4788/4432 2767/4794/4438 2766/4789/4433
f 2780/4795/4439 2770/4796/4440 2781/4792/4436
f 2781/4792/4436 2770/4796/4440 2769/4797/4441
f 2781/4792/4436 2769/4797/4441 2768/4793/4437
f 2770/4796/4440 2780/4795/4439 2771/4798/4442
f 2771/4798/4442 2780/4795/4439 2779/4799/4443
f 2771/4798/4442 2779/4799/4443 2772/4800/4444
f 2772/4800/4444 2779/4799/4443 2778/4801/4445
f 2772/4800/4444 2778/4801/4445 2773/4802/4446
f 2773/4802/4446 2778/4801/4445 2777/4803/4447
f 2773/4802/4446 2777/4803/4447 2774/4804/4448
f 2774/4804/4448 2777/4803/4447 2776/4805/4449
f 2774/4804/4448 2776/4805/4449 2775/4806/4450
f 2764/4791/4435 2763/4785/4429 2783/4784/4428
f 2761/4787/4431 2760/4778/4422 2784/4783/4427
f 2748/4765/4409 2747/4807/4451 2801/4763/4407
f 2801/4763/4407 2747/4807/4451 2746/4808/4452
f 2801/4763/4407 2746/4808/4452 2745/4809/4453
f 2745/4809/4453 2744/4810/4454 2801/4763/4407
f 2801/4763/4407 2744/4810/4454 2802/4811/4455
f 2802/4811/4455 2744/4810/4454 2743/4812/4456
f 2802/4811/4455 2743/4812/4456 2742/4813/4457
f 2742/4813/4457 2741/4814/4458 2802/4811/4455
f 2802/4811/4455 2741/4814/4458 2740/4815/4459
f 2802/4811/4455 2740/4815/4459 2739/4816/4460
f 2802/4811/4455 2739/4816/4460 2803/4817/4461
f 2803/4817/4461 2739/4816/4460 2738/4818/4462
f 2803/4817/4461 2738/4818/4462 2737/4819/4463
g Body14

v 10.305000 3.971125 -0.340820
v 10.305000 3.979401 -0.345560
v 10.305000 3.988427 -0.348642
v 10.305000 3.997874 -0.349955
v 10.305000 4.007398 -0.349450
v 10.305000 4.016653 -0.347145
v 10.305000 4.025302 -0.343126
v 10.305000 4.033030 -0.337537
v 10.305000 4.031272 -0.342996
v 10.305000 4.030102 -0.348613
v 10.305000 4.029674 -0.354318
v 10.305000 4.030126 -0.359965
v 10.305000 4.031530 -0.365406
v 10.305000 4.033901 -0.370578
v 10.305000 4.037081 -0.375267
v 10.305000 4.040927 -0.379495
v 10.305000 4.045353 -0.383345
v 10.305000 4.050270 -0.386868
v 10.305000 4.061237 -0.393119
v 10.305000 4.073489 -0.398708
v 10.305000 4.086608 -0.403961
v 10.305000 4.113670 -0.414670
v 10.305000 4.126645 -0.420732
v 10.305000 4.138401 -0.427620
v 10.305000 4.143830 -0.431634
v 10.305000 4.148828 -0.436178
v 10.305000 4.153131 -0.441280
v 10.305000 4.156472 -0.446966
v 10.305000 4.158566 -0.453221
v 10.305000 4.159135 -0.459737
v 10.305000 4.158122 -0.466247
v 10.305000 4.155669 -0.472367
v 10.305000 4.152027 -0.477901
v 10.305000 4.147463 -0.482732
v 10.305000 4.142025 -0.486940
v 10.305000 4.135628 -0.490561
v 10.305000 4.128313 -0.493474
v 10.305000 4.120123 -0.495561
v 10.305000 4.111083 -0.496709
v 10.305000 4.101374 -0.496814
v 10.305000 4.091616 -0.495894
v 10.305000 4.081952 -0.494071
v 10.305000 4.072480 -0.491470
v 10.305000 4.063208 -0.488180
v 10.305000 4.054103 -0.484253
v 10.305000 4.045217 -0.479754
v 10.305000 4.036601 -0.474751
v 10.305000 4.028304 -0.469311
v 10.305000 4.012693 -0.457239
v 10.305000 4.005345 -0.450585
v 10.305000 3.998387 -0.443568
v 10.305000 3.991889 -0.436231
v 10.305000 3.985923 -0.428615
v 10.305000 3.980560 -0.420764
v 10.305000 3.975842 -0.412668
v 10.305000 3.971794 -0.404226
v 10.305000 3.968535 -0.395466
v 10.305000 3.966190 -0.386425
v 10.305000 3.964887 -0.377176
v 10.305000 3.964724 -0.367894
v 10.305000 3.965740 -0.358616
v 10.305000 3.967901 -0.349569
v 10.355000 4.033030 -0.337537
v 10.355000 4.031011 -0.344006
v 10.355000 4.029905 -0.350163
v 10.355000 4.029711 -0.356006
v 10.355000 4.030427 -0.361538
v 10.355000 4.032046 -0.366762
v 10.355000 4.034556 -0.371683
v 10.355000 4.037938 -0.376309
v 10.355000 4.042162 -0.380654
v 10.355000 4.047189 -0.384735
v 10.355000 4.052969 -0.388573
v 10.355000 4.059435 -0.392198
v 10.355000 4.066505 -0.395644
v 10.355000 4.082041 -0.402180
v 10.355000 4.098611 -0.408581
v 10.355000 4.115089 -0.415285
v 10.355000 4.130302 -0.422685
v 10.355000 4.137078 -0.426742
v 10.355000 4.143125 -0.431068
v 10.355000 4.148329 -0.435673
v 10.355000 4.152591 -0.440546
v 10.355000 4.155831 -0.445661
v 10.355000 4.157993 -0.450972
v 10.355000 4.159044 -0.456413
v 10.355000 4.158974 -0.461902
v 10.355000 4.157794 -0.467341
v 10.355000 4.155531 -0.472624
v 10.355000 4.152231 -0.477643
v 10.355000 4.147950 -0.482285
v 10.355000 4.142758 -0.486443
v 10.355000 4.136733 -0.490016
v 10.355000 4.129961 -0.492913
v 10.355000 4.122530 -0.495060
v 10.355000 4.114536 -0.496400
v 10.355000 4.106071 -0.496898
v 10.355000 4.097229 -0.496541
v 10.355000 4.088106 -0.495332
v 10.355000 4.078794 -0.493291
v 10.355000 4.069384 -0.490452
v 10.355000 4.059966 -0.486860
v 10.355000 4.050628 -0.482571
v 10.355000 4.041453 -0.477646
v 10.355000 4.032520 -0.472154
v 10.355000 4.023907 -0.466166
v 10.355000 4.015683 -0.459755
v 10.355000 4.007915 -0.452992
v 10.355000 4.000661 -0.445945
v 10.355000 3.993975 -0.438678
v 10.355000 3.987901 -0.431249
v 10.355000 3.982477 -0.423705
v 10.355000 3.977736 -0.416089
v 10.355000 3.973700 -0.408434
v 10.355000 3.970391 -0.400768
v 10.355000 3.967823 -0.393113
v 10.355000 3.966007 -0.385486
v 10.355000 3.964949 -0.377901
v 10.355000 3.964653 -0.370366
v 10.355000 3.965123 -0.362888
v 10.355000 3.966359 -0.355470
v 10.355000 3.968360 -0.348113
v 10.355000 3.971125 -0.340820
v 10.355000 3.979401 -0.345560
v 10.355000 3.988427 -0.348642
v 10.355000 3.997874 -0.349955
v 10.355000 4.007398 -0.349450
v 10.355000 4.016653 -0.347145
v 10.355000 4.025302 -0.343126
vt 0.091116 0.077093 0.000000
vt 0.082840 0.072353 0.000000
vt 0.094340 0.068343 0.000000
vt 0.096501 0.059296 0.000000
vt 0.073814 0.069270 0.000000
vt 0.097517 0.050019 0.000000
vt 0.064368 0.067958 0.000000
vt 0.097354 0.040737 0.000000
vt 0.028340 0.047335 0.000000
vt 0.096051 0.031488 0.000000
vt 0.093707 0.022446 0.000000
vt 0.025160 0.042646 0.000000
vt 0.090448 0.013687 0.000000
vt 0.021314 0.038417 0.000000
vt 0.086399 0.005245 0.000000
vt 0.081682 -0.002851 0.000000
vt 0.016889 0.034568 0.000000
vt 0.076318 -0.010703 0.000000
vt 0.011972 0.031044 0.000000
vt 0.070352 -0.018318 0.000000
vt 0.063855 -0.025655 0.000000
vt 0.001004 0.024794 0.000000
vt 0.056896 -0.032672 0.000000
vt 0.049548 -0.039327 0.000000
vt -0.011248 0.019204 0.000000
vt 0.033937 -0.051399 0.000000
vt -0.024367 0.013951 0.000000
vt 0.025640 -0.056839 0.000000
vt 0.017024 -0.061841 0.000000
vt 0.008138 -0.066340 0.000000
vt -0.051429 0.003243 0.000000
vt -0.000966 -0.070268 0.000000
vt -0.010239 -0.073557 0.000000
vt -0.019711 -0.076159 0.000000
vt -0.064403 -0.002820 0.000000
vt -0.029374 -0.077981 0.000000
vt -0.039133 -0.078901 0.000000
vt -0.076160 -0.009708 0.000000
vt -0.048842 -0.078797 0.000000
vt -0.057882 -0.077649 0.000000
vt -0.081589 -0.013721 0.000000
vt -0.066072 -0.075561 0.000000
vt -0.073387 -0.072648 0.000000
vt -0.086587 -0.018265 0.000000
vt -0.079784 -0.069027 0.000000
vt -0.085222 -0.064819 0.000000
vt -0.089786 -0.059989 0.000000
vt -0.090889 -0.023368 0.000000
vt -0.093428 -0.054454 0.000000
vt -0.094230 -0.029053 0.000000
vt -0.095880 -0.048334 0.000000
vt -0.096325 -0.035309 0.000000
vt -0.096894 -0.041825 0.000000
vt 0.030712 0.052507 0.000000
vt 0.054843 0.068463 0.000000
vt 0.032115 0.057948 0.000000
vt 0.032567 0.063595 0.000000
vt 0.045589 0.070767 0.000000
vt 0.032139 0.069299 0.000000
vt 0.036940 0.074787 0.000000
vt 0.030969 0.074916 0.000000
vt 0.029211 0.080376 0.000000
vt -0.415033 0.100000 0.000000
vt -0.415033 0.050000 0.000000
vt -0.408548 0.100000 0.000000
vt -0.407261 0.050000 0.000000
vt -0.402063 0.100000 0.000000
vt -0.399306 0.050000 0.000000
vt -0.395579 0.100000 0.000000
vt -0.391232 0.050000 0.000000
vt -0.389094 0.100000 0.000000
vt -0.383231 0.050000 0.000000
vt -0.382609 0.100000 0.000000
vt -0.376124 0.100000 0.000000
vt -0.375324 0.050000 0.000000
vt -0.369639 0.100000 0.000000
vt -0.367643 0.050000 0.000000
vt -0.363154 0.100000 0.000000
vt -0.360228 0.050000 0.000000
vt -0.356669 0.100000 0.000000
vt -0.353085 0.050000 0.000000
vt -0.350184 0.100000 0.000000
vt -0.346209 0.050000 0.000000
vt -0.343699 0.100000 0.000000
vt -0.339488 0.050000 0.000000
vt -0.337215 0.100000 0.000000
vt -0.332880 0.050000 0.000000
vt -0.330730 0.100000 0.000000
vt -0.326386 0.050000 0.000000
vt -0.324245 0.100000 0.000000
vt -0.320002 0.050000 0.000000
vt -0.317760 0.100000 0.000000
vt -0.313724 0.050000 0.000000
vt -0.311275 0.100000 0.000000
vt -0.304790 0.100000 0.000000
vt -0.301446 0.050000 0.000000
vt -0.298305 0.100000 0.000000
vt -0.295317 0.050000 0.000000
vt -0.291820 0.100000 0.000000
vt -0.289141 0.050000 0.000000
vt -0.285335 0.100000 0.000000
vt -0.282912 0.050000 0.000000
vt -0.278850 0.100000 0.000000
vt -0.276615 0.050000 0.000000
vt -0.272366 0.100000 0.000000
vt -0.270235 0.050000 0.000000
vt -0.265881 0.100000 0.000000
vt -0.263692 0.050000 0.000000
vt -0.259396 0.100000 0.000000
vt -0.256920 0.050000 0.000000
vt -0.252911 0.100000 0.000000
vt -0.249900 0.050000 0.000000
vt -0.246426 0.100000 0.000000
vt -0.242626 0.050000 0.000000
vt -0.239941 0.100000 0.000000
vt -0.235454 0.050000 0.000000
vt -0.233456 0.100000 0.000000
vt -0.228457 0.050000 0.000000
vt -0.226971 0.100000 0.000000
vt -0.221593 0.050000 0.000000
vt -0.220486 0.100000 0.000000
vt -0.214839 0.050000 0.000000
vt -0.214002 0.100000 0.000000
vt -0.208176 0.050000 0.000000
vt -0.207517 0.100000 0.000000
vt -0.201378 0.050000 0.000000
vt -0.201032 0.100000 0.000000
vt -0.194224 0.050000 0.000000
vt -0.194547 0.100000 0.000000
vt -0.188062 0.100000 0.000000
vt -0.186747 0.050000 0.000000
vt -0.181577 0.100000 0.000000
vt -0.179019 0.050000 0.000000
vt -0.175092 0.100000 0.000000
vt -0.171301 0.050000 0.000000
vt -0.168607 0.100000 0.000000
vt -0.163736 0.050000 0.000000
vt -0.162122 0.100000 0.000000
vt -0.156587 0.050000 0.000000
vt -0.155637 0.100000 0.000000
vt -0.149842 0.050000 0.000000
vt -0.149153 0.100000 0.000000
vt -0.143485 0.050000 0.000000
vt -0.142668 0.100000 0.000000
vt -0.137534 0.050000 0.000000
vt -0.136183 0.100000 0.000000
vt -0.129698 0.100000 0.000000
vt -0.126424 0.050000 0.000000
vt -0.116728 0.100000 0.000000
vt -0.115584 0.050000 0.000000
vt -0.103758 0.100000 0.000000
vt -0.094409 0.050000 0.000000
vt -0.090789 0.100000 0.000000
vt -0.083812 0.050000 0.000000
vt -0.077819 0.100000 0.000000
vt -0.073037 0.050000 0.000000
vt -0.071334 0.100000 0.000000
vt -0.064849 0.100000 0.000000
vt -0.061920 0.050000 0.000000
vt -0.058364 0.100000 0.000000
vt -0.056109 0.050000 0.000000
vt -0.051879 0.100000 0.000000
vt -0.050109 0.050000 0.000000
vt -0.045394 0.100000 0.000000
vt -0.043898 0.050000 0.000000
vt -0.038909 0.100000 0.000000
vt -0.037418 0.050000 0.000000
vt -0.032424 0.100000 0.000000
vt -0.030704 0.050000 0.000000
vt -0.025940 0.100000 0.000000
vt -0.024058 0.050000 0.000000
vt -0.019455 0.100000 0.000000
vt -0.017545 0.050000 0.000000
vt -0.012970 0.100000 0.000000
vt -0.011306 0.050000 0.000000
vt -0.006485 0.100000 0.000000
vt -0.005451 0.050000 0.000000
vt 0.000000 0.100000 0.000000
vt 0.000000 0.050000 0.000000
vt 0.100000 -0.042459 0.000000
vt 0.050000 -0.042459 0.000000
vt 0.100000 -0.052011 0.000000
vt 0.050000 -0.052011 0.000000
vt 0.100000 -0.061563 0.000000
vt 0.050000 -0.061563 0.000000
vt 0.100000 -0.071115 0.000000
vt 0.050000 -0.071115 0.000000
vt 0.100000 -0.080667 0.000000
vt 0.050000 -0.080667 0.000000
vt 0.100000 -0.090219 0.000000
vt 0.050000 -0.090219 0.000000
vt 0.100000 -0.099771 0.000000
vt 0.050000 -0.099771 0.000000
vt 0.100000 -0.109323 0.000000
vt 0.050000 -0.109323 0.000000
vt -0.029211 0.080376 0.000000
vt -0.036940 0.074787 0.000000
vt -0.031230 0.073906 0.000000
vt -0.032336 0.067750 0.000000
vt -0.045589 0.070767 0.000000
vt -0.032530 0.061906 0.000000
vt -0.054843 0.068463 0.000000
vt -0.031814 0.056374 0.000000
vt -0.030195 0.051151 0.000000
vt -0.064368 0.067958 0.000000
vt -0.097293 0.040012 0.000000
vt -0.097588 0.047546 0.000000
vt -0.073814 0.069270 0.000000
vt -0.097118 0.055025 0.000000
vt -0.095882 0.062443 0.000000
vt -0.082840 0.072353 0.000000
vt -0.093882 0.069799 0.000000
vt -0.091116 0.077093 0.000000
vt -0.096235 0.032426 0.000000
vt -0.027685 0.046230 0.000000
vt -0.094418 0.024800 0.000000
vt -0.091850 0.017145 0.000000
vt -0.024303 0.041603 0.000000
vt -0.088541 0.009479 0.000000
vt -0.020079 0.037258 0.000000
vt -0.084506 0.001824 0.000000
vt -0.079764 -0.005793 0.000000
vt -0.015052 0.033178 0.000000
vt -0.074341 -0.013336 0.000000
vt -0.009272 0.029339 0.000000
vt -0.068267 -0.020766 0.000000
vt -0.002806 0.025715 0.000000
vt -0.061580 -0.028032 0.000000
vt -0.054326 -0.035079 0.000000
vt 0.004264 0.022268 0.000000
vt -0.046558 -0.041842 0.000000
vt 0.019800 0.015733 0.000000
vt -0.038334 -0.048254 0.000000
vt -0.029721 -0.054242 0.000000
vt -0.020789 -0.059734 0.000000
vt 0.036370 0.009331 0.000000
vt -0.011613 -0.064658 0.000000
vt -0.002275 -0.068947 0.000000
vt 0.052848 0.002628 0.000000
vt 0.007143 -0.072539 0.000000
vt 0.016552 -0.075378 0.000000
vt 0.025865 -0.077419 0.000000
vt 0.068061 -0.004772 0.000000
vt 0.034988 -0.078628 0.000000
vt 0.043829 -0.078986 0.000000
vt 0.074836 -0.008829 0.000000
vt 0.052294 -0.078487 0.000000
vt 0.080884 -0.013156 0.000000
vt 0.060289 -0.077147 0.000000
vt 0.067719 -0.075001 0.000000
vt 0.074492 -0.072104 0.000000
vt 0.086088 -0.017760 0.000000
vt 0.080517 -0.068531 0.000000
vt 0.085709 -0.064373 0.000000
vt 0.089990 -0.059730 0.000000
vt 0.090350 -0.022633 0.000000
vt 0.093290 -0.054712 0.000000
vt 0.095552 -0.049428 0.000000
vt 0.093590 -0.027748 0.000000
vt 0.096733 -0.043989 0.000000
vt 0.095752 -0.033059 0.000000
vt 0.096803 -0.038501 0.000000
vn -1.000000 -0.000000 -0.000000
vn -1.000000 -0.000000 -0.000000
vn -1.000000 -0.000000 -0.000000
vn -1.000000 -0.000000 -0.000000
vn -1.000000 -0.000000 -0.000000
vn -1.000000 -0.000000 -0.000000
vn -1.000000 -0.000000 -0.000000
vn -1.000000 -0.000000 -0.000000
vn -1.000000 -0.000000 -0.000000
vn -1.000000 -0.000000 -0.000000
vn -1.000000 -0.000000 -0.000000
vn -1.000000 -0.000000 -0.000000
vn -1.000000 -0.000000 -0.000000
vn -1.000000 -0.000000 -0.000000
vn -1.000000 -0.000000 -0.000000
vn -1.000000 -0.000000 -0.000000
vn -1.000000 -0.000000 -0.000000
vn -1.000000 -0.000000 -0.000000
vn -1.000000 -0.000000 -0.000000
vn -1.000000 -0.000000 -0.000000
vn -1.000000 -0.000000 -0.000000
vn -1.000000 -0.000000 -0.000000
vn -1.000000 -0.000000 -0.000000
vn -1.000000 -0.000000 -0.000000
vn -1.000000 -0.000000 -0.000000
vn -1.000000 -0.000000 -0.000000
vn -1.000000 -0.000000 -0.000000
vn -1.000000 -0.000000 -0.000000
vn -1.000000 -0.000000 -0.000000
vn -1.000000 -0.000000 -0.000000
vn -1.000000 -0.000000 -0.000000
vn -1.000000 -0.000000 -0.000000
vn -1.000000 -0.000000 -0.000000
vn -1.000000 -0.000000 -0.000000
vn -1.000000 -0.000000 -0.000000
vn -1.000000 -0.000000 -0.000000
vn -1.000000 -0.000000 -0.000000
vn -1.000000 -0.000000 -0.000000
vn -1.000000 -0.000000 -0.000000
vn -1.000000 -0.000000 -0.000000
vn -1.000000 -0.000000 -0.000000
vn -1.000000 -0.000000 -0.000000
vn -1.000000 -0.000000 -0.000000
vn -1.000000 -0.000000 -0.000000
vn -1.000000 -0.000000 -0.000000
vn -1.000000 -0.000000 -0.000000
vn -1.000000 -0.000000 -0.000000
vn -1.000000 -0.000000 -0.000000
vn -1.000000 -0.000000 -0.000000
vn -1.000000 -0.000000 -0.000000
vn -1.000000 -0.000000 -0.000000
vn -1.000000 -0.000000 -0.000000
vn -1.000000 -0.000000 -0.000000
vn -1.000000 -0.000000 -0.000000
vn -1.000000 -0.000000 -0.000000
vn -1.000000 -0.000000 -0.000000
vn -1.000000 -0.000000 -0.000000
vn -1.000000 -0.000000 -0.000000
vn -1.000000 -0.000000 -0.000000
vn -1.000000 -0.000000 -0.000000
vn -1.000000 -0.000000 -0.000000
vn -1.000000 -0.000000 -0.000000
vn 0.000000 -0.917513 0.397705
vn 0.000000 -0.917513 0.397705
vn 0.000000 -0.950929 0.309411
vn 0.000000 -0.956733 0.290969
vn 0.000000 -0.976836 0.213989
vn 0.000000 -0.985134 0.171787
vn 0.000000 -0.993512 0.113732
vn 0.000000 -0.998974 0.045290
vn 0.000000 -0.999933 0.011604
vn 0.000000 -0.996821 -0.079674
vn 0.000000 -0.996014 -0.089200
vn 0.000000 -0.982593 -0.185770
vn 0.000000 -0.980350 -0.197268
vn 0.000000 -0.961188 -0.275893
vn 0.000000 -0.953275 -0.302104
vn 0.000000 -0.933631 -0.358237
vn 0.000000 -0.919673 -0.392685
vn 0.000000 -0.901719 -0.432323
vn 0.000000 -0.882785 -0.469778
vn 0.000000 -0.866977 -0.498348
vn 0.000000 -0.844790 -0.535097
vn 0.000000 -0.830542 -0.556955
vn 0.000000 -0.806334 -0.591460
vn 0.000000 -0.793141 -0.609038
vn 0.000000 -0.767789 -0.640703
vn 0.000000 -0.755114 -0.655594
vn 0.000000 -0.729307 -0.684187
vn 0.000000 -0.716462 -0.697626
vn 0.000000 -0.690718 -0.723124
vn 0.000000 -0.676921 -0.736056
vn 0.000000 -0.651666 -0.758506
vn 0.000000 -0.636036 -0.771659
vn 0.000000 -0.593215 -0.805044
vn 0.000000 -0.570156 -0.821536
vn 0.000000 -0.547768 -0.836630
vn 0.000000 -0.525734 -0.850649
vn 0.000000 -0.498929 -0.866643
vn 0.000000 -0.477571 -0.878593
vn 0.000000 -0.445868 -0.895099
vn 0.000000 -0.424775 -0.905299
vn 0.000000 -0.387706 -0.921783
vn 0.000000 -0.366313 -0.930492
vn 0.000000 -0.323540 -0.946214
vn 0.000000 -0.301000 -0.953624
vn 0.000000 -0.252495 -0.967598
vn 0.000000 -0.226825 -0.973936
vn 0.000000 -0.173803 -0.984780
vn 0.000000 -0.141628 -0.989920
vn 0.000000 -0.086935 -0.996214
vn 0.000000 -0.043773 -0.999041
vn 0.000000 0.008237 -0.999966
vn 0.000000 0.067718 -0.997705
vn 0.000000 0.111257 -0.993792
vn 0.000000 0.186536 -0.982448
vn 0.000000 0.220936 -0.975288
vn 0.000000 0.308808 -0.951124
vn 0.000000 0.335299 -0.942112
vn 0.000000 0.431951 -0.901897
vn 0.000000 0.451894 -0.892072
vn 0.000000 0.553247 -0.833017
vn 0.000000 0.568149 -0.822926
vn 0.000000 0.669915 -0.742438
vn 0.000000 0.681146 -0.732147
vn 0.000000 0.781623 -0.623752
vn 0.000000 0.787005 -0.616946
vn 0.000000 0.884186 -0.467134
vn 0.000000 0.880028 -0.474921
vn 0.000000 0.952106 -0.305767
vn 0.000000 0.963296 -0.268441
vn 0.000000 0.993486 -0.113954
vn 0.000000 0.999410 -0.034333
vn -0.000000 0.996021 0.089114
vn -0.000000 0.978493 0.206278
vn -0.000000 0.958145 0.286282
vn -0.000000 0.907536 0.419973
vn -0.000000 0.887700 0.460422
vn -0.000000 0.812588 0.582839
vn -0.000000 0.799068 0.601240
vn -0.000000 0.716299 0.697794
vn -0.000000 0.706642 0.707571
vn -0.000000 0.630779 0.775963
vn -0.000000 0.620481 0.784221
vn -0.000000 0.560269 0.828311
vn -0.000000 0.545771 0.837934
vn -0.000000 0.484226 0.874943
vn -0.000000 0.458160 0.888870
vn -0.000000 0.399612 0.916684
vn -0.000000 0.394454 0.918916
vn -0.000000 0.361425 0.932401
vn -0.000000 0.360784 0.932649
vn -0.000000 0.366643 0.930362
vn -0.000000 0.387978 0.921669
vn -0.000000 0.417407 0.908720
vn -0.000000 0.448674 0.893696
vn -0.000000 0.461545 0.887117
vn -0.000000 0.519086 0.854722
vn -0.000000 0.549485 0.835503
vn -0.000000 0.589938 0.807448
vn -0.000000 0.617464 0.786599
vn -0.000000 0.672451 0.740142
vn -0.000000 0.696507 0.717550
vn -0.000000 0.762162 0.647387
vn -0.000000 0.783082 0.621918
vn -0.000000 0.850621 0.525780
vn -0.000000 0.869568 0.493813
vn -0.000000 0.926021 0.377473
vn -0.000000 0.942308 0.334747
vn -0.000000 0.977175 0.212438
vn -0.000000 0.986532 0.163566
vn -0.000000 0.998942 0.045988
vn 0.000000 0.999999 -0.001090
vn 0.000000 0.994189 -0.107648
vn 0.000000 0.989601 -0.143841
vn 0.000000 0.970711 -0.240249
vn 0.000000 0.965812 -0.259244
vn 0.000000 0.936776 -0.349930
vn 0.000000 0.936776 -0.349930
vn 0.000000 -0.660597 0.750740
vn 0.000000 -0.660597 0.750740
vn 0.000000 -0.506030 0.862516
vn 0.000000 -0.506030 0.862516
vn 0.000000 -0.333051 0.942909
vn 0.000000 -0.333051 0.942909
vn 0.000000 -0.147953 0.988994
vn 0.000000 -0.147953 0.988994
vn -0.000000 0.042528 0.999095
vn -0.000000 0.042528 0.999095
vn -0.000000 0.231461 0.972844
vn -0.000000 0.231461 0.972844
vn -0.000000 0.411972 0.911196
vn -0.000000 0.411972 0.911196
vn -0.000000 0.577494 0.816395
vn -0.000000 0.577494 0.816395
vn 1.000000 0.000000 0.000000
vn 1.000000 0.000000 0.000000
vn 1.000000 0.000000 0.000000
vn 1.000000 0.000000 0.000000
vn 1.000000 0.000000 0.000000
vn 1.000000 0.000000 0.000000
vn 1.000000 0.000000 0.000000
vn 1.000000 0.000000 0.000000
vn 1.000000 0.000000 0.000000
vn 1.000000 0.000000 0.000000
vn 1.000000 0.000000 0.000000
vn 1.000000 0.000000 0.000000
vn 1.000000 0.000000 0.000000
vn 1.000000 0.000000 0.000000
vn 1.000000 0.000000 0.000000
vn 1.000000 0.000000 0.000000
vn 1.000000 0.000000 0.000000
vn 1.000000 0.000000 0.000000
vn 1.000000 0.000000 0.000000
vn 1.000000 0.000000 0.000000
vn 1.000000 0.000000 0.000000
vn 1.000000 0.000000 0.000000
vn 1.000000 0.000000 0.000000
vn 1.000000 0.000000 0.000000
vn 1.000000 0.000000 0.000000
vn 1.000000 0.000000 0.000000
vn 1.000000 0.000000 0.000000
vn 1.000000 0.000000 0.000000
vn 1.000000 0.000000 0.000000
vn 1.000000 0.000000 0.000000
vn 1.000000 0.000000 0.000000
vn 1.000000 0.000000 0.000000
vn 1.000000 0.000000 0.000000
vn 1.000000 0.000000 0.000000
vn 1.000000 0.000000 0.000000
vn 1.000000 0.000000 0.000000
vn 1.000000 0.000000 0.000000
vn 1.000000 0.000000 0.000000
vn 1.000000 0.000000 0.000000
vn 1.000000 0.000000 0.000000
vn 1.000000 0.000000 0.000000
vn 1.000000 0.000000 0.000000
vn 1.000000 0.000000 0.000000
vn 1.000000 0.000000 0.000000
vn 1.000000 0.000000 0.000000
vn 1.000000 0.000000 0.000000
vn 1.000000 0.000000 0.000000
vn 1.000000 0.000000 0.000000
vn 1.000000 0.000000 0.000000
vn 1.000000 0.000000 0.000000
vn 1.000000 0.000000 0.000000
vn 1.000000 0.000000 0.000000
vn 1.000000 0.000000 0.000000
vn 1.000000 0.000000 0.000000
vn 1.000000 0.000000 0.000000
vn 1.000000 0.000000 0.000000
vn 1.000000 0.000000 0.000000
vn 1.000000 0.000000 0.000000
vn 1.000000 0.000000 0.000000
vn 1.000000 0.000000 0.000000
vn 1.000000 0.000000 0.000000
vn 1.000000 0.000000 0.000000
vn 1.000000 0.000000 0.000000
vn 1.000000 0.000000 0.000000
vn 1.000000 0.000000 0.000000
vn 1.000000 0.000000 0.000000
vn 1.000000 0.000000 0.000000
f 2804/4820/4464 2805/4821/4465 2865/4822/4466
f 2865/4822/4466 2805/4821/4465 2864/4823/4467
f 2864/4823/4467 2805/4821/4465 2806/4824/4468
f 2864/4823/4467 2806/4824/4468 2863/4825/4469
f 2863/4825/4469 2806/4824/4468 2807/4826/4470
f 2863/4825/4469 2807/4826/4470 2862/4827/4471
f 2862/4827/4471 2807/4826/4470 2817/4828/4472
f 2862/4827/4471 2817/4828/4472 2861/4829/4473
f 2861/4829/4473 2817/4828/4472 2860/4830/4474
f 2860/4830/4474 2817/4828/4472 2818/4831/4475
f 2860/4830/4474 2818/4831/4475 2859/4832/4476
f 2859/4832/4476 2818/4831/4475 2819/4833/4477
f 2859/4832/4476 2819/4833/4477 2858/4834/4478
f 2858/4834/4478 2819/4833/4477 2857/4835/4479
f 2857/4835/4479 2819/4833/4477 2820/4836/4480
f 2857/4835/4479 2820/4836/4480 2856/4837/4481
f 2856/4837/4481 2820/4836/4480 2821/4838/4482
f 2856/4837/4481 2821/4838/4482 2855/4839/4483
f 2855/4839/4483 2821/4838/4482 2854/4840/4484
f 2854/4840/4484 2821/4838/4482 2822/4841/4485
f 2854/4840/4484 2822/4841/4485 2853/4842/4486
f 2853/4842/4486 2822/4841/4485 2852/4843/4487
f 2852/4843/4487 2822/4841/4485 2823/4844/4488
f 2852/4843/4487 2823/4844/4488 2851/4845/4489
f 2851/4845/4489 2823/4844/4488 2824/4846/4490
f 2851/4845/4489 2824/4846/4490 2850/4847/4491
f 2850/4847/4491 2824/4846/4490 2849/4848/4492
f 2849/4848/4492 2824/4846/4490 2848/4849/4493
f 2848/4849/4493 2824/4846/4490 2825/4850/4494
f 2848/4849/4493 2825/4850/4494 2847/4851/4495
f 2847/4851/4495 2825/4850/4494 2846/4852/4496
f 2846/4852/4496 2825/4850/4494 2845/4853/4497
f 2845/4853/4497 2825/4850/4494 2826/4854/4498
f 2845/4853/4497 2826/4854/4498 2844/4855/4499
f 2844/4855/4499 2826/4854/4498 2843/4856/4500
f 2843/4856/4500 2826/4854/4498 2827/4857/4501
f 2843/4856/4500 2827/4857/4501 2842/4858/4502
f 2842/4858/4502 2827/4857/4501 2841/4859/4503
f 2841/4859/4503 2827/4857/4501 2828/4860/4504
f 2841/4859/4503 2828/4860/4504 2840/4861/4505
f 2840/4861/4505 2828/4860/4504 2839/4862/4506
f 2839/4862/4506 2828/4860/4504 2829/4863/4507
f 2839/4862/4506 2829/4863/4507 2838/4864/4508
f 2838/4864/4508 2829/4863/4507 2837/4865/4509
f 2837/4865/4509 2829/4863/4507 2836/4866/4510
f 2836/4866/4510 2829/4863/4507 2830/4867/4511
f 2836/4866/4510 2830/4867/4511 2835/4868/4512
f 2835/4868/4512 2830/4867/4511 2831/4869/4513
f 2835/4868/4512 2831/4869/4513 2834/4870/4514
f 2834/4870/4514 2831/4869/4513 2832/4871/4515
f 2834/4870/4514 2832/4871/4515 2833/4872/4516
f 2817/4828/4472 2807/4826/4470 2816/4873/4517
f 2816/4873/4517 2807/4826/4470 2808/4874/4518
f 2816/4873/4517 2808/4874/4518 2815/4875/4519
f 2815/4875/4519 2808/4874/4518 2814/4876/4520
f 2814/4876/4520 2808/4874/4518 2809/4877/4521
f 2814/4876/4520 2809/4877/4521 2813/4878/4522
f 2813/4878/4522 2809/4877/4521 2810/4879/4523
f 2813/4878/4522 2810/4879/4523 2812/4880/4524
f 2812/4880/4524 2810/4879/4523 2811/4881/4525
f 2926/4882/4526 2804/4883/4527 2925/4884/4528
f 2925/4884/4528 2804/4883/4527 2865/4885/4529
f 2925/4884/4528 2865/4885/4529 2924/4886/4530
f 2924/4886/4530 2865/4885/4529 2864/4887/4531
f 2924/4886/4530 2864/4887/4531 2923/4888/4532
f 2923/4888/4532 2864/4887/4531 2863/4889/4533
f 2923/4888/4532 2863/4889/4533 2922/4890/4534
f 2922/4890/4534 2863/4889/4533 2862/4891/4535
f 2922/4890/4534 2862/4891/4535 2921/4892/4536
f 2921/4892/4536 2862/4891/4535 2920/4893/4537
f 2920/4893/4537 2862/4891/4535 2861/4894/4538
f 2920/4893/4537 2861/4894/4538 2919/4895/4539
f 2919/4895/4539 2861/4894/4538 2860/4896/4540
f 2919/4895/4539 2860/4896/4540 2918/4897/4541
f 2918/4897/4541 2860/4896/4540 2859/4898/4542
f 2918/4897/4541 2859/4898/4542 2917/4899/4543
f 2917/4899/4543 2859/4898/4542 2858/4900/4544
f 2917/4899/4543 2858/4900/4544 2916/4901/4545
f 2916/4901/4545 2858/4900/4544 2857/4902/4546
f 2916/4901/4545 2857/4902/4546 2915/4903/4547
f 2915/4903/4547 2857/4902/4546 2856/4904/4548
f 2915/4903/4547 2856/4904/4548 2914/4905/4549
f 2914/4905/4549 2856/4904/4548 2855/4906/4550
f 2914/4905/4549 2855/4906/4550 2913/4907/4551
f 2913/4907/4551 2855/4906/4550 2854/4908/4552
f 2913/4907/4551 2854/4908/4552 2912/4909/4553
f 2912/4909/4553 2854/4908/4552 2853/4910/4554
f 2912/4909/4553 2853/4910/4554 2911/4911/4555
f 2911/4911/4555 2853/4910/4554 2852/4912/4556
f 2911/4911/4555 2852/4912/4556 2910/4913/4557
f 2910/4913/4557 2852/4912/4556 2909/4914/4558
f 2909/4914/4558 2852/4912/4556 2851/4915/4559
f 2909/4914/4558 2851/4915/4559 2908/4916/4560
f 2908/4916/4560 2851/4915/4559 2850/4917/4561
f 2908/4916/4560 2850/4917/4561 2907/4918/4562
f 2907/4918/4562 2850/4917/4561 2849/4919/4563
f 2907/4918/4562 2849/4919/4563 2906/4920/4564
f 2906/4920/4564 2849/4919/4563 2848/4921/4565
f 2906/4920/4564 2848/4921/4565 2905/4922/4566
f 2905/4922/4566 2848/4921/4565 2847/4923/4567
f 2905/4922/4566 2847/4923/4567 2904/4924/4568
f 2904/4924/4568 2847/4923/4567 2846/4925/4569
f 2904/4924/4568 2846/4925/4569 2903/4926/4570
f 2903/4926/4570 2846/4925/4569 2845/4927/4571
f 2903/4926/4570 2845/4927/4571 2902/4928/4572
f 2902/4928/4572 2845/4927/4571 2844/4929/4573
f 2902/4928/4572 2844/4929/4573 2901/4930/4574
f 2901/4930/4574 2844/4929/4573 2843/4931/4575
f 2901/4930/4574 2843/4931/4575 2900/4932/4576
f 2900/4932/4576 2843/4931/4575 2842/4933/4577
f 2900/4932/4576 2842/4933/4577 2899/4934/4578
f 2899/4934/4578 2842/4933/4577 2841/4935/4579
f 2899/4934/4578 2841/4935/4579 2898/4936/4580
f 2898/4936/4580 2841/4935/4579 2840/4937/4581
f 2898/4936/4580 2840/4937/4581 2897/4938/4582
f 2897/4938/4582 2840/4937/4581 2839/4939/4583
f 2897/4938/4582 2839/4939/4583 2896/4940/4584
f 2896/4940/4584 2839/4939/4583 2838/4941/4585
f 2896/4940/4584 2838/4941/4585 2895/4942/4586
f 2895/4942/4586 2838/4941/4585 2837/4943/4587
f 2895/4942/4586 2837/4943/4587 2894/4944/4588
f 2894/4944/4588 2837/4943/4587 2836/4945/4589
f 2894/4944/4588 2836/4945/4589 2893/4946/4590
f 2893/4946/4590 2836/4945/4589 2835/4947/4591
f 2893/4946/4590 2835/4947/4591 2892/4948/4592
f 2892/4948/4592 2835/4947/4591 2891/4949/4593
f 2891/4949/4593 2835/4947/4591 2834/4950/4594
f 2891/4949/4593 2834/4950/4594 2890/4951/4595
f 2890/4951/4595 2834/4950/4594 2833/4952/4596
f 2890/4951/4595 2833/4952/4596 2889/4953/4597
f 2889/4953/4597 2833/4952/4596 2832/4954/4598
f 2889/4953/4597 2832/4954/4598 2888/4955/4599
f 2888/4955/4599 2832/4954/4598 2831/4956/4600
f 2888/4955/4599 2831/4956/4600 2887/4957/4601
f 2887/4957/4601 2831/4956/4600 2830/4958/4602
f 2887/4957/4601 2830/4958/4602 2886/4959/4603
f 2886/4959/4603 2830/4958/4602 2829/4960/4604
f 2886/4959/4603 2829/4960/4604 2885/4961/4605
f 2885/4961/4605 2829/4960/4604 2828/4962/4606
f 2885/4961/4605 2828/4962/4606 2884/4963/4607
f 2884/4963/4607 2828/4962/4606 2827/4964/4608
f 2884/4963/4607 2827/4964/4608 2883/4965/4609
f 2883/4965/4609 2827/4964/4608 2882/4966/4610
f 2882/4966/4610 2827/4964/4608 2826/4967/4611
f 2882/4966/4610 2826/4967/4611 2881/4968/4612
f 2881/4968/4612 2826/4967/4611 2825/4969/4613
f 2881/4968/4612 2825/4969/4613 2880/4970/4614
f 2880/4970/4614 2825/4969/4613 2824/4971/4615
f 2880/4970/4614 2824/4971/4615 2879/4972/4616
f 2879/4972/4616 2824/4971/4615 2823/4973/4617
f 2879/4972/4616 2823/4973/4617 2878/4974/4618
f 2878/4974/4618 2823/4973/4617 2822/4975/4619
f 2878/4974/4618 2822/4975/4619 2877/4976/4620
f 2877/4976/4620 2822/4975/4619 2876/4977/4621
f 2876/4977/4621 2822/4975/4619 2821/4978/4622
f 2876/4977/4621 2821/4978/4622 2875/4979/4623
f 2875/4979/4623 2821/4978/4622 2820/4980/4624
f 2875/4979/4623 2820/4980/4624 2874/4981/4625
f 2874/4981/4625 2820/4980/4624 2819/4982/4626
f 2874/4981/4625 2819/4982/4626 2873/4983/4627
f 2873/4983/4627 2819/4982/4626 2818/4984/4628
f 2873/4983/4627 2818/4984/4628 2872/4985/4629
f 2872/4985/4629 2818/4984/4628 2817/4986/4630
f 2872/4985/4629 2817/4986/4630 2871/4987/4631
f 2871/4987/4631 2817/4986/4630 2816/4988/4632
f 2871/4987/4631 2816/4988/4632 2870/4989/4633
f 2870/4989/4633 2816/4988/4632 2815/4990/4634
f 2870/4989/4633 2815/4990/4634 2869/4991/4635
f 2869/4991/4635 2815/4990/4634 2814/4992/4636
f 2869/4991/4635 2814/4992/4636 2868/4993/4637
f 2868/4993/4637 2814/4992/4636 2813/4994/4638
f 2868/4993/4637 2813/4994/4638 2867/4995/4639
f 2867/4995/4639 2813/4994/4638 2812/4996/4640
f 2867/4995/4639 2812/4996/4640 2866/4997/4641
f 2866/4997/4641 2812/4996/4640 2811/4998/4642
f 2866/4999/4643 2811/5000/4644 2932/5001/4645
f 2932/5001/4645 2811/5000/4644 2810/5002/4646
f 2932/5001/4645 2810/5002/4646 2931/5003/4647
f 2931/5003/4647 2810/5002/4646 2809/5004/4648
f 2931/5003/4647 2809/5004/4648 2930/5005/4649
f 2930/5005/4649 2809/5004/4648 2808/5006/4650
f 2930/5005/4649 2808/5006/4650 2929/5007/4651
f 2929/5007/4651 2808/5006/4650 2807/5008/4652
f 2929/5007/4651 2807/5008/4652 2928/5009/4653
f 2928/5009/4653 2807/5008/4652 2806/5010/4654
f 2928/5009/4653 2806/5010/4654 2927/5011/4655
f 2927/5011/4655 2806/5010/4654 2805/5012/4656
f 2927/5011/4655 2805/5012/4656 2926/5013/4657
f 2926/5013/4657 2805/5012/4656 2804/5014/4658
f 2866/5015/4659 2932/5016/4660 2867/5017/4661
f 2867/5017/4661 2932/5016/4660 2868/5018/4662
f 2868/5018/4662 2932/5016/4660 2931/5019/4663
f 2868/5018/4662 2931/5019/4663 2869/5020/4664
f 2869/5020/4664 2931/5019/4663 2930/5021/4665
f 2869/5020/4664 2930/5021/4665 2870/5022/4666
f 2870/5022/4666 2930/5021/4665 2871/5023/4667
f 2871/5023/4667 2930/5021/4665 2929/5024/4668
f 2871/5023/4667 2929/5024/4668 2921/5025/4669
f 2921/5025/4669 2929/5024/4668 2922/5026/4670
f 2922/5026/4670 2929/5024/4668 2928/5027/4671
f 2922/5026/4670 2928/5027/4671 2923/5028/4672
f 2923/5028/4672 2928/5027/4671 2924/5029/4673
f 2924/5029/4673 2928/5027/4671 2927/5030/4674
f 2924/5029/4673 2927/5030/4674 2925/5031/4675
f 2925/5031/4675 2927/5030/4674 2926/5032/4676
f 2921/5025/4669 2920/5033/4677 2871/5023/4667
f 2871/5023/4667 2920/5033/4677 2872/5034/4678
f 2872/5034/4678 2920/5033/4677 2919/5035/4679
f 2872/5034/4678 2919/5035/4679 2918/5036/4680
f 2872/5034/4678 2918/5036/4680 2873/5037/4681
f 2873/5037/4681 2918/5036/4680 2917/5038/4682
f 2873/5037/4681 2917/5038/4682 2874/5039/4683
f 2874/5039/4683 2917/5038/4682 2916/5040/4684
f 2874/5039/4683 2916/5040/4684 2915/5041/4685
f 2874/5039/4683 2915/5041/4685 2875/5042/4686
f 2875/5042/4686 2915/5041/4685 2914/5043/4687
f 2875/5042/4686 2914/5043/4687 2876/5044/4688
f 2876/5044/4688 2914/5043/4687 2913/5045/4689
f 2876/5044/4688 2913/5045/4689 2877/5046/4690
f 2877/5046/4690 2913/5045/4689 2912/5047/4691
f 2877/5046/4690 2912/5047/4691 2911/5048/4692
f 2877/5046/4690 2911/5048/4692 2878/5049/4693
f 2878/5049/4693 2911/5048/4692 2910/5050/4694
f 2878/5049/4693 2910/5050/4694 2879/5051/4695
f 2879/5051/4695 2910/5050/4694 2909/5052/4696
f 2879/5051/4695 2909/5052/4696 2908/5053/4697
f 2908/5053/4697 2907/5054/4698 2879/5051/4695
f 2879/5051/4695 2907/5054/4698 2880/5055/4699
f 2880/5055/4699 2907/5054/4698 2906/5056/4700
f 2880/5055/4699 2906/5056/4700 2905/5057/4701
f 2880/5055/4699 2905/5057/4701 2881/5058/4702
f 2881/5058/4702 2905/5057/4701 2904/5059/4703
f 2881/5058/4702 2904/5059/4703 2903/5060/4704
f 2903/5060/4704 2902/5061/4705 2881/5058/4702
f 2881/5058/4702 2902/5061/4705 2882/5062/4706
f 2882/5062/4706 2902/5061/4705 2901/5063/4707
f 2882/5062/4706 2901/5063/4707 2900/5064/4708
f 2882/5062/4706 2900/5064/4708 2883/5065/4709
f 2883/5065/4709 2900/5064/4708 2899/5066/4710
f 2883/5065/4709 2899/5066/4710 2884/5067/4711
f 2884/5067/4711 2899/5066/4710 2898/5068/4712
f 2884/5067/4711 2898/5068/4712 2897/5069/4713
f 2897/5069/4713 2896/5070/4714 2884/5067/4711
f 2884/5067/4711 2896/5070/4714 2885/5071/4715
f 2885/5071/4715 2896/5070/4714 2895/5072/4716
f 2885/5071/4715 2895/5072/4716 2894/5073/4717
f 2894/5073/4717 2893/5074/4718 2885/5071/4715
f 2885/5071/4715 2893/5074/4718 2886/5075/4719
f 2886/5075/4719 2893/5074/4718 2892/5076/4720
f 2886/5075/4719 2892/5076/4720 2891/5077/4721
f 2886/5075/4719 2891/5077/4721 2887/5078/4722
f 2887/5078/4722 2891/5077/4721 2890/5079/4723
f 2887/5078/4722 2890/5079/4723 2888/5080/4724
f 2888/5080/4724 2890/5079/4723 2889/5081/4725
# 2932 vertices
# 5081 texture params
# 4725 normals
# 5820 facets

# 12 groups
